step,tokens_seen,elapsed_seconds,split,loss,learning_rate,gradient_norm,tokens_per_second,peak_gpu_memory_mib
0,0,0.0,valid,9.26848130,0.0,,,3832.33
1,32768,5.148860,train,9.26717949,1e-05,0.98228908,6364.12,12919.96
2,65536,5.218479,train,9.25658417,2e-05,0.98335832,12558.44,13073.10
3,98304,5.279121,train,9.23661613,3e-05,0.97979134,18621.28,13073.10
4,131072,5.336450,train,9.20670509,4e-05,0.99724591,24561.64,13073.10
5,163840,5.394383,train,9.16873550,5e-05,0.97721100,30372.33,13073.10
6,196608,5.450817,train,9.12135410,6e-05,1.00943995,36069.45,13073.10
7,229376,5.508431,train,9.06858253,7e-05,1.03808701,41640.89,13073.10
8,262144,5.565086,train,8.99829769,8e-05,1.10982287,47105.11,13073.10
9,294912,5.622310,train,8.92545509,9e-05,1.18265951,52453.88,13073.10
10,327680,5.679029,train,8.84766388,0.0001,1.26672506,57700.00,13073.10
11,360448,5.734892,train,8.76001072,0.00011,1.41281009,62851.74,13073.10
12,393216,5.791565,train,8.67228508,0.00012,1.53519893,67894.59,13073.10
13,425984,5.848221,train,8.56371498,0.00013,1.66579413,72839.92,13073.10
14,458752,5.905402,train,8.45935726,0.00014,1.82270837,77683.44,13073.10
15,491520,5.962068,train,8.34460163,0.00015,1.98777759,82441.19,13073.10
16,524288,6.018761,train,8.26063728,0.00016,2.04253268,87108.95,13073.10
17,557056,6.075738,train,8.14950085,0.00017,2.14019418,91685.31,13073.10
18,589824,6.132928,train,8.04426956,0.00018,2.19736218,96173.30,13073.10
19,622592,6.189867,train,7.92161751,0.00019,2.28725624,100582.44,13073.10
20,655360,6.246756,train,7.82603455,0.0002,2.29519796,104912.04,13073.10
21,688128,6.303478,train,7.71516609,0.00021,2.29950333,109166.39,13073.10
22,720896,6.359964,train,7.60635281,0.00022,2.31349277,113349.06,13073.10
23,753664,6.416676,train,7.48619127,0.00023,2.33105803,117453.96,13073.10
24,786432,6.473623,train,7.36785316,0.00024,2.31633353,121482.50,13073.10
25,819200,6.530688,train,7.26139975,0.00025,2.27490592,125438.53,13073.10
26,851968,6.587266,train,7.12398577,0.00026,2.27736068,129335.59,13073.10
27,884736,6.644464,train,6.99545956,0.00027,2.24301577,133153.84,13073.10
28,917504,6.701244,train,6.87486172,0.00028,2.23375607,136915.47,13073.10
29,950272,6.757829,train,6.77784395,0.00029,2.15795326,140617.93,13073.10
30,983040,6.814675,train,6.63203049,0.0003,2.10894513,144253.39,13073.10
31,1015808,6.872060,train,6.52262783,0.00031,2.02383304,147817.10,13073.10
32,1048576,6.928044,train,6.39244938,0.00032,1.97536969,151352.39,13073.10
33,1081344,6.983840,train,6.27967024,0.00033,1.87533724,154835.14,13073.10
34,1114112,7.040524,train,6.13990736,0.00034,1.83168840,158242.76,13073.10
35,1146880,7.097581,train,6.04833126,0.00035,1.72358799,161587.42,13073.10
36,1179648,7.154670,train,5.93108797,0.00036,1.62031138,164878.04,13073.10
37,1212416,7.211428,train,5.80293751,0.00037,1.55356336,168124.26,13073.10
38,1245184,7.268726,train,5.71516752,0.00038,1.43530738,171307.04,13073.10
39,1277952,7.326363,train,5.61873817,0.00039,1.29539633,174431.98,13073.10
40,1310720,7.383127,train,5.48116398,0.0004,1.22005737,177529.09,13073.10
41,1343488,7.440186,train,5.42740202,0.00041,1.11602211,180571.80,13073.10
42,1376256,7.497114,train,5.33881235,0.00042,1.00052357,183571.43,13073.10
43,1409024,7.553275,train,5.24943161,0.00043,0.89794940,186544.75,13073.10
44,1441792,7.609677,train,5.20716763,0.00044,0.76699716,189468.22,13073.10
45,1474560,7.666928,train,5.04987144,0.00045,0.74350762,192327.34,13073.10
46,1507328,7.723886,train,4.99370861,0.00046,0.61871099,195151.49,13073.10
47,1540096,7.780718,train,4.98672199,0.00047,0.53955090,197937.49,13073.10
48,1572864,7.837773,train,4.88179874,0.00048,0.53719354,200677.41,13073.10
49,1605632,7.894782,train,4.79557228,0.00049,0.47844747,203378.88,13073.10
50,1638400,7.952075,train,4.73976803,0.0005,0.45432568,206034.24,13073.10
51,1671168,8.009010,train,4.73216009,0.00051,0.40193495,208660.98,13073.10
52,1703936,8.065522,train,4.61903572,0.00052,0.41369647,211261.70,13073.10
53,1736704,8.122248,train,4.61386013,0.00053,0.44893742,213820.59,13073.10
54,1769472,8.178157,train,4.60900450,0.00054,0.37528449,216365.57,13073.10
55,1802240,8.235444,train,4.53957176,0.00055,0.34327129,218839.43,13073.10
56,1835008,8.292100,train,4.47771692,0.00056,0.32551989,221295.92,13073.10
57,1867776,8.348554,train,4.39262962,0.00057,0.33262864,223724.47,13073.10
58,1900544,8.405082,train,4.32090473,0.00058,0.28803095,226118.43,13073.10
59,1933312,8.461896,train,4.35445881,0.00059,0.31300578,228472.66,13073.10
60,1966080,8.518325,train,4.25974369,0.0006,0.30435619,230805.92,13073.10
61,1998848,8.574853,train,4.23514748,0.00061,0.26882571,233105.78,13073.10
62,2031616,8.631873,train,4.21193123,0.00062,0.29599196,235362.12,13073.10
63,2064384,8.688040,train,4.16597033,0.00063,0.31330752,237612.14,13073.10
64,2097152,8.745259,train,4.13262892,0.00064,0.47884917,239804.44,13073.10
65,2129920,8.801887,train,4.07462215,0.00065,0.47025687,241984.44,13073.10
66,2162688,8.858845,train,4.03330421,0.00066,0.25637475,244127.52,13073.10
67,2195456,8.915806,train,4.09491968,0.00067,0.36724639,246243.12,13073.10
68,2228224,8.972739,train,4.01871729,0.00068,0.25004929,248332.63,13073.10
69,2260992,9.029915,train,3.96881795,0.00069,0.24310413,250389.05,13073.10
70,2293760,9.086396,train,3.90830994,0.0007,0.28101754,252438.92,13073.10
71,2326528,9.143497,train,3.93846226,0.00071,0.30406198,254446.17,13073.10
72,2359296,9.200306,train,3.94344044,0.00072,0.31256220,256436.67,13073.10
73,2392064,9.257219,train,3.83246899,0.00073,0.23901737,258399.82,13073.10
74,2424832,9.313789,train,3.87390041,0.00074,0.28863290,260348.61,13073.10
75,2457600,9.370958,train,3.77044487,0.00075,0.42591670,262257.05,13073.10
76,2490368,9.428211,train,3.77517653,0.00076,0.36327654,264140.03,13073.10
77,2523136,9.484987,train,3.77665138,0.00077,0.26184815,266013.63,13073.10
78,2555904,9.542509,train,3.80416679,0.00078,0.34535062,267844.02,13073.10
79,2588672,9.599719,train,3.72397184,0.00079,0.36261302,269661.21,13073.10
80,2621440,9.657174,train,3.73388195,0.0008,0.29405728,271449.99,13073.10
81,2654208,9.713207,train,3.67356825,0.00081,0.30431411,273257.60,13073.10
82,2686976,9.770256,train,3.61250162,0.00082,0.27955845,275015.90,13073.10
83,2719744,9.827101,train,3.62339783,0.00083,0.31220439,276759.54,13073.10
84,2752512,9.883786,train,3.64781952,0.00084,0.28341293,278487.60,13073.10
85,2785280,9.940858,train,3.55126739,0.00085,0.29157010,280185.06,13073.10
86,2818048,9.998092,train,3.59398532,0.00086,0.26715556,281858.55,13073.10
87,2850816,10.055480,train,3.63057041,0.00087,0.27245995,283508.69,13073.10
88,2883584,10.112233,train,3.52965593,0.00088,0.39100838,285157.96,13073.10
89,2916352,10.169148,train,3.58556652,0.00089,0.57493305,286784.29,13073.10
90,2949120,10.225870,train,3.56683683,0.0009,0.67010474,288397.93,13073.10
91,2981888,10.283101,train,3.49366140,0.00091,0.33665931,289979.45,13073.10
92,3014656,10.340217,train,3.48941755,0.00092,0.47127751,291546.68,13073.10
93,3047424,10.397079,train,3.52825046,0.00093,0.41635290,293103.83,13073.10
94,3080192,10.453659,train,3.51694775,0.00094,0.47752190,294652.03,13073.10
95,3112960,10.510823,train,3.50312328,0.00095,0.30922630,296167.08,13073.10
96,3145728,10.567409,train,3.45321798,0.00096,0.38869575,297682.04,13073.10
97,3178496,10.624232,train,3.52483582,0.00097,0.37790358,299174.17,13073.10
98,3211264,10.681213,train,3.35578299,0.00098,0.41059691,300645.97,13073.10
99,3244032,10.738659,train,3.38433218,0.00099,0.34447846,302089.07,13073.10
100,3276800,10.795694,train,3.42096233,0.001,0.39644498,303528.40,13073.10
100,3276800,11.131987,valid,3.36714169,0.001,,303528.40,13073.10
101,3309568,11.296702,train,3.35694909,0.000999999976232,0.36321482,200421.42,13073.10
102,3342336,11.354661,train,3.36276054,0.000999999904929,0.31843677,295935.14,13073.10
103,3375104,11.411975,train,3.36351395,0.00099999978609,0.48565215,352637.88,13073.10
104,3407872,11.467974,train,3.30518508,0.000999999619716,0.31478733,391532.49,13073.10
105,3440640,11.525421,train,3.30769706,0.000999999405806,0.38211977,417730.64,13073.10
106,3473408,11.582656,train,3.40813160,0.00099999914436,0.35445553,437442.76,13073.10
107,3506176,11.639962,train,3.28638315,0.000999998835379,0.30897185,452637.52,13073.10
108,3538944,11.697147,train,3.33587432,0.000999998478863,0.38581240,464843.45,13073.10
109,3571712,11.753911,train,3.30293012,0.000999998074811,0.32107469,475124.65,13073.10
110,3604480,11.810602,train,3.27869749,0.000999997623224,0.28844604,483734.98,13073.10
111,3637248,11.867144,train,3.22331071,0.000999997124101,0.29872015,491115.51,13073.10
112,3670016,11.924068,train,3.22143865,0.000999996577444,0.28906533,497199.74,13073.10
113,3702784,11.980759,train,3.25925970,0.000999995983251,0.27560413,502605.38,13073.10
114,3735552,12.036963,train,3.22463012,0.000999995341522,0.31470853,507606.11,13073.10
115,3768320,12.093751,train,3.15957737,0.000999994652259,0.27571931,511710.22,13073.10
116,3801088,12.150405,train,3.19338989,0.000999993915461,0.30039206,515423.65,13073.10
117,3833856,12.207311,train,3.19489384,0.000999993131128,0.28564391,518623.74,13073.10
118,3866624,12.264105,train,3.15317488,0.00099999229926,0.31892264,521553.89,13073.10
119,3899392,12.320905,train,3.19265890,0.000999991419857,0.30183157,524200.67,13073.10
120,3932160,12.378542,train,3.12594938,0.00099999049292,0.28363377,526252.04,13073.10
121,3964928,12.435275,train,3.12995815,0.000999989518448,0.30089259,528488.68,13073.10
122,3997696,12.491893,train,3.09879875,0.000999988496442,0.31805235,530583.46,13073.10
123,4030464,12.548591,train,3.06019664,0.000999987426901,0.27661037,532480.15,13073.10
124,4063232,12.605516,train,3.15939593,0.000999986309826,0.34545675,534148.84,13073.10
125,4096000,12.662231,train,3.10466242,0.000999985145217,0.35756204,535766.65,13073.10
126,4128768,12.719049,train,3.09754324,0.000999983933074,0.31298223,537233.81,13073.10
127,4161536,12.776382,train,3.02101636,0.000999982673397,0.29916397,538430.65,13073.10
128,4194304,12.833505,train,3.07115436,0.000999981366186,0.28539672,539613.66,13073.10
129,4227072,12.890428,train,3.08494425,0.000999980011442,0.30139196,540781.30,13073.10
130,4259840,12.947410,train,3.06373167,0.000999978609164,0.31306732,541857.83,13073.10
131,4292608,13.004662,train,3.02349663,0.000999977159353,0.36514917,542790.28,13073.10
132,4325376,13.061239,train,3.00245810,0.000999975662009,0.31672966,543858.07,13073.10
133,4358144,13.117694,train,3.05706787,0.000999974117132,0.34790999,544898.60,13073.10
134,4390912,13.174433,train,3.05286455,0.000999972524722,0.33369187,545805.19,13073.10
135,4423680,13.231614,train,2.95530510,0.000999970884779,0.26226819,546547.89,13073.10
136,4456448,13.288960,train,2.99225378,0.000999969197304,0.30882490,547209.27,13073.10
137,4489216,13.345398,train,2.94673347,0.000999967462297,0.31008017,548061.22,13073.10
138,4521984,13.402496,train,2.99677706,0.000999965679757,0.31373486,548711.08,13073.10
139,4554752,13.458970,train,2.94262671,0.000999963849685,0.26837659,549476.48,13073.10
140,4587520,13.515393,train,2.96568155,0.000999961972082,0.31508952,550217.36,13073.10
141,4620288,13.571804,train,2.97912169,0.000999960046947,0.30962381,550926.71,13073.10
142,4653056,13.628583,train,2.91880751,0.000999958074281,0.34374163,551522.60,13073.10
143,4685824,13.685429,train,2.94958043,0.000999956054084,0.33254051,552077.39,13073.10
144,4718592,13.742371,train,2.87693787,0.000999953986355,0.28538427,552587.68,13073.10
145,4751360,13.799237,train,2.89300394,0.000999951871096,0.28365082,553092.10,13073.10
146,4784128,13.855767,train,2.88097382,0.000999949708307,0.32836437,553643.64,13073.10
147,4816896,13.912412,train,2.93049955,0.000999947497987,0.38496542,554149.77,13073.10
148,4849664,13.968387,train,2.89117527,0.000999945240138,0.40388459,554766.97,13073.10
149,4882432,14.024913,train,2.87457108,0.000999942934758,0.35590675,555254.27,13073.10
150,4915200,14.081762,train,2.94088054,0.000999940581849,0.30512169,555662.06,13073.10
151,4947968,14.138431,train,2.87790060,0.000999938181411,0.36286074,556087.63,13073.10
152,4980736,14.195041,train,2.86057830,0.000999935733443,0.34814319,556508.38,13073.10
153,5013504,14.252204,train,2.91441202,0.000999933237947,0.37823093,556814.83,13073.10
154,5046272,14.308499,train,2.86883402,0.000999930694922,0.36030978,557262.79,13073.10
155,5079040,14.364281,train,2.88373709,0.00099992810437,0.33264995,557783.64,13073.10
156,5111808,14.420819,train,2.82981825,0.000999925466289,0.33590505,558158.41,13073.10
157,5144576,14.477635,train,2.86676145,0.00099992278068,0.36589932,558473.97,13073.10
158,5177344,14.534394,train,2.78510642,0.000999920047544,0.31951222,558788.50,13073.10
159,5210112,14.590865,train,2.85184073,0.000999917266881,0.33733347,559139.14,13073.10
160,5242880,14.647656,train,2.83750391,0.000999914438691,0.35836196,559427.70,13073.10
161,5275648,14.704223,train,2.87570667,0.000999911562975,0.33944073,559742.07,13073.10
162,5308416,14.760618,train,2.88131762,0.000999908639732,0.29387921,560073.34,13073.10
163,5341184,14.816984,train,2.78318977,0.000999905668963,0.36100027,560398.73,13073.10
164,5373952,14.873089,train,2.78594971,0.000999902650669,0.30660838,560753.53,13073.10
165,5406720,14.930367,train,2.76013780,0.00099989958485,0.32107884,560924.41,13073.10
166,5439488,14.987074,train,2.78033495,0.000999896471505,0.32954827,561173.47,13073.10
167,5472256,15.044153,train,2.71981096,0.000999893310636,0.30248207,561361.94,13073.10
168,5505024,15.101288,train,2.76788807,0.000999890102243,0.30221480,561536.90,13073.10
169,5537792,15.158105,train,2.80080748,0.000999886846325,0.31096980,561751.39,13073.10
170,5570560,15.214926,train,2.76849651,0.000999883542885,0.30025095,561959.33,13073.10
171,5603328,15.271352,train,2.77485991,0.00099988019192,0.28840828,562215.18,13073.10
172,5636096,15.328269,train,2.74785948,0.000999876793433,0.28060934,562398.38,13073.10
173,5668864,15.385300,train,2.76423931,0.000999873347424,0.28393459,562561.56,13073.10
174,5701632,15.441676,train,2.73418617,0.000999869853892,0.31016278,562805.90,13073.10
175,5734400,15.498363,train,2.77430677,0.000999866312838,0.28594148,563003.97,13073.10
176,5767168,15.554683,train,2.78580570,0.000999862724263,0.30448890,563243.63,13073.10
177,5799936,15.611669,train,2.74641085,0.000999859088167,0.39306301,563393.41,13073.10
178,5832704,15.667893,train,2.76965666,0.00099985540455,0.35920036,563634.23,13073.10
179,5865472,15.724810,train,2.65482235,0.000999851673413,0.29770452,563783.91,13073.10
180,5898240,15.782391,train,2.73967648,0.000999847894756,0.32402924,563849.52,13073.10
181,5931008,15.839325,train,2.68421173,0.000999844068579,0.36224246,563990.94,13073.10
182,5963776,15.895681,train,2.74966860,0.000999840194883,0.28948998,564197.58,13073.10
183,5996544,15.952415,train,2.68144798,0.000999836273669,0.28191999,564354.96,13073.10
184,6029312,16.008877,train,2.70282745,0.000999832304936,0.35570577,564540.25,13073.10
185,6062080,16.065416,train,2.68748164,0.000999828288686,0.29114309,564712.54,13073.10
186,6094848,16.121810,train,2.71538162,0.000999824224918,0.35666063,564897.22,13073.10
187,6127616,16.178450,train,2.62414289,0.000999820113633,0.31773442,565050.27,13073.10
188,6160384,16.234804,train,2.65176058,0.000999815954832,0.30199826,565231.65,13073.10
189,6193152,16.291244,train,2.63224339,0.000999811748514,0.35626221,565399.64,13073.10
190,6225920,16.348347,train,2.69572449,0.000999807494681,0.29848740,565492.03,13073.10
191,6258688,16.405442,train,2.65448833,0.000999803193332,0.34892240,565583.26,13073.10
192,6291456,16.462468,train,2.63100457,0.000999798844469,0.35361961,565679.93,13073.10
193,6324224,16.519207,train,2.62777829,0.000999794448092,0.33406335,565804.70,13073.10
194,6356992,16.575891,train,2.67216420,0.0009997900042,0.31664485,565932.51,13073.10
195,6389760,16.633227,train,2.67491579,0.000999785512795,0.33926478,565990.62,13073.10
196,6422528,16.690418,train,2.68463063,0.000999780973878,0.31710547,566062.40,13073.10
197,6455296,16.746522,train,2.62678194,0.000999776387447,0.36475003,566242.29,13073.10
198,6488064,16.803308,train,2.69066882,0.000999771753505,0.31770056,566350.42,13073.10
199,6520832,16.859862,train,2.66779995,0.000999767072052,0.34732732,566479.41,13073.10
200,6553600,16.916615,train,2.56305408,0.000999762343087,0.33175662,566586.33,13073.10
200,6553600,17.252625,valid,2.63095692,0.000999762343087,,566586.33,13073.10
201,6586368,17.407425,train,2.62827325,0.000999757566612,0.34245473,213509.47,13073.10
202,6619136,17.463720,train,2.57842922,0.000999752742627,0.34265313,312421.24,13073.10
203,6651904,17.521233,train,2.61210608,0.000999747871133,0.31044176,367792.28,13073.10
204,6684672,17.577970,train,2.53425765,0.00099974295213,0.35408953,404519.90,13073.10
205,6717440,17.634963,train,2.63821864,0.000999737985618,0.36000642,430013.53,13073.10
206,6750208,17.691600,train,2.62887049,0.000999732971598,0.31105092,449237.66,13073.10
207,6782976,17.748013,train,2.61705184,0.000999727910071,0.33092955,464266.17,13073.10
208,6815744,17.804220,train,2.59398961,0.000999722801038,0.36434934,476393.24,13073.10
209,6848512,17.861398,train,2.57814956,0.000999717644497,0.34918368,485494.71,13073.10
210,6881280,17.918039,train,2.69521570,0.000999712440452,0.35150763,493429.02,13073.10
211,6914048,17.974756,train,2.59264708,0.000999707188901,0.37473410,500064.22,13073.10
212,6946816,18.031297,train,2.64819288,0.000999701889845,0.34575787,505844.82,13073.10
213,6979584,18.087871,train,2.59853220,0.000999696543285,0.36951634,510821.56,13073.10
214,7012352,18.144716,train,2.55169463,0.000999691149222,0.33375975,515009.61,13073.10
215,7045120,18.201734,train,2.62641144,0.000999685707656,0.33268112,518599.98,13073.10
216,7077888,18.258758,train,2.59900618,0.000999680218587,0.29720423,521780.04,13073.10
217,7110656,18.315674,train,2.58517027,0.000999674682017,0.30808783,524672.42,13073.10
218,7143424,18.372382,train,2.55323172,0.000999669097945,0.30650964,527367.86,13073.10
219,7176192,18.429099,train,2.59195161,0.000999663466373,0.29868424,529799.23,13073.10
220,7208960,18.486066,train,2.56822968,0.000999657787301,0.29791519,531898.69,13073.10
221,7241728,18.543006,train,2.52034831,0.000999652060729,0.32488212,533823.89,13073.10
222,7274496,18.599336,train,2.62875271,0.000999646286659,0.29584035,535829.16,13073.10
223,7307264,18.656140,train,2.54196954,0.00099964046509,0.30078816,537491.32,13073.10
224,7340032,18.713124,train,2.52434683,0.000999634596024,0.32290706,538957.53,13073.10
225,7372800,18.770801,train,2.54727244,0.000999628679461,0.29387805,540066.83,13073.10
226,7405568,18.827674,train,2.57365036,0.000999622715402,0.29786074,541371.26,13073.10
227,7438336,18.884101,train,2.48994946,0.000999616703846,0.28321457,542733.05,13073.10
228,7471104,18.941014,train,2.51051092,0.000999610644796,0.28754151,543847.40,13073.10
229,7503872,18.997950,train,2.51332092,0.000999604538251,0.28416929,544881.20,13073.10
230,7536640,19.054011,train,2.55949020,0.000999598384213,0.31380853,546115.24,13073.10
231,7569408,19.111739,train,2.48892403,0.000999592182681,0.28505385,546783.99,13073.10
232,7602176,19.168282,train,2.51609612,0.000999585933657,0.31053662,547751.07,13073.10
233,7634944,19.225279,train,2.51946115,0.000999579637141,0.33617270,548535.99,13073.10
234,7667712,19.282291,train,2.45821381,0.000999573293134,0.29893452,549273.02,13073.10
235,7700480,19.339116,train,2.55891323,0.000999566901636,0.28939432,550019.09,13073.10
236,7733248,19.395917,train,2.50157261,0.000999560462649,0.29535973,550731.61,13073.10
237,7766016,19.452610,train,2.50369716,0.000999553976172,0.28463611,551434.53,13073.10
238,7798784,19.509273,train,2.49979401,0.000999547442207,0.28602731,552109.36,13073.10
239,7831552,19.566713,train,2.46867418,0.000999540860755,0.33145636,552565.56,13073.10
240,7864320,19.623340,train,2.50681973,0.000999534231815,0.31428912,553189.18,13073.10
241,7897088,19.680056,train,2.47884035,0.000999527555389,0.29408497,553763.56,13073.10
242,7929856,19.737222,train,2.52029991,0.000999520831477,0.30584982,554211.18,13073.10
243,7962624,19.794291,train,2.55008936,0.00099951406008,0.32536691,554659.78,13073.10
244,7995392,19.851565,train,2.46842432,0.000999507241199,0.29571450,555044.79,13073.10
245,8028160,19.908337,train,2.49498367,0.000999500374834,0.31483069,555518.47,13073.10
246,8060928,19.965355,train,2.53350544,0.000999493460987,0.30356738,555921.71,13073.10
247,8093696,20.022174,train,2.51759338,0.000999486499657,0.29832542,556348.36,13073.10
248,8126464,20.078944,train,2.45150471,0.000999479490847,0.29683667,556767.60,13073.10
249,8159232,20.135440,train,2.47580719,0.000999472434555,0.28758219,557223.15,13073.10
250,8192000,20.191606,train,2.46041036,0.000999465330784,0.29960638,557724.05,13073.10
251,8224768,20.249048,train,2.49999118,0.000999458179534,0.30738518,557968.18,13073.10
252,8257536,20.305754,train,2.51109743,0.000999450980805,0.29222491,558337.64,13073.10
253,8290304,20.362758,train,2.44439340,0.000999443734599,0.30569398,558640.07,13073.10
254,8323072,20.420314,train,2.53407240,0.000999436440916,0.28840423,558834.38,13073.10
255,8355840,20.477024,train,2.45082188,0.000999429099757,0.30198693,559168.44,13073.10
256,8388608,20.533570,train,2.49851704,0.000999421711123,0.34506342,559518.81,13073.10
257,8421376,20.590540,train,2.43494797,0.000999414275014,0.29455149,559786.17,13073.10
258,8454144,20.647309,train,2.37337828,0.000999406791432,0.31358460,560077.70,13073.10
259,8486912,20.704200,train,2.44941854,0.000999399260377,0.32906473,560339.89,13073.10
260,8519680,20.760955,train,2.44565344,0.000999391681849,0.29068273,560615.34,13073.10
261,8552448,20.817624,train,2.45754981,0.00099938405585,0.31710026,560895.58,13073.10
262,8585216,20.874199,train,2.36271858,0.000999376382381,0.27101606,561181.66,13073.10
263,8617984,20.931195,train,2.43159413,0.000999368661442,0.28971574,561394.55,13073.10
264,8650752,20.988131,train,2.45458412,0.000999360893034,0.30018038,561609.94,13073.10
265,8683520,21.044491,train,2.48430252,0.000999353077158,0.34074771,561904.30,13073.10
266,8716288,21.101527,train,2.37857008,0.000999345213815,0.32575145,562091.26,13073.10
267,8749056,21.158076,train,2.48667502,0.000999337303006,0.29007068,562342.75,13073.10
268,8781824,21.215312,train,2.34888959,0.000999329344731,0.32413960,562489.65,13073.10
269,8814592,21.271919,train,2.39138627,0.000999321338991,0.32914284,562720.42,13073.10
270,8847360,21.328512,train,2.42740297,0.000999313285787,0.27973452,562946.66,13073.10
271,8880128,21.385446,train,2.43946075,0.000999305185121,0.34525916,563120.18,13073.10
272,8912896,21.442496,train,2.40634227,0.000999297036992,0.32805839,563273.40,13073.10
273,8945664,21.499417,train,2.37605715,0.000999288841402,0.30548391,563439.84,13073.10
274,8978432,21.556052,train,2.45542955,0.000999280598351,0.34062579,563639.23,13073.10
275,9011200,21.613228,train,2.49368858,0.000999272307841,0.34836206,563763.37,13073.10
276,9043968,21.670090,train,2.44764662,0.000999263969872,0.30575272,563924.45,13073.10
277,9076736,21.726802,train,2.40367174,0.000999255584445,0.32648599,564100.29,13073.10
278,9109504,21.783931,train,2.37218809,0.000999247151562,0.35439995,564219.78,13073.10
279,9142272,21.841611,train,2.36637020,0.000999238671222,0.32027757,564268.57,13073.10
280,9175040,21.898738,train,2.39575386,0.000999230143427,0.29560679,564383.33,13073.10
281,9207808,21.955435,train,2.39284229,0.000999221568178,0.32580599,564547.01,13073.10
282,9240576,22.011916,train,2.30249977,0.000999212945476,0.29710856,564732.28,13073.10
283,9273344,22.068455,train,2.35279655,0.000999204275321,0.30165347,564906.51,13073.10
284,9306112,22.125019,train,2.35002255,0.000999195557715,0.31789264,565073.73,13073.10
285,9338880,22.182392,train,2.40598774,0.000999186792658,0.33393392,565144.28,13073.10
286,9371648,22.238986,train,2.38358808,0.000999177980151,0.28642392,565301.71,13073.10
287,9404416,22.295579,train,2.39953518,0.000999169120196,0.30729154,565455.56,13073.10
288,9437184,22.352403,train,2.41188550,0.000999160212793,0.29203081,565580.40,13073.10
289,9469952,22.409342,train,2.45077848,0.000999151257943,0.30269271,565689.83,13073.10
290,9502720,22.465858,train,2.42296028,0.000999142255647,0.30154803,565842.85,13073.10
291,9535488,22.522776,train,2.37893677,0.000999133205906,0.30122617,565949.47,13073.10
292,9568256,22.579858,train,2.42277765,0.000999124108721,0.28912666,566036.22,13073.10
293,9601024,22.636382,train,2.37686229,0.000999114964093,0.31064942,566179.91,13073.10
294,9633792,22.692594,train,2.42680502,0.000999105772024,0.32995087,566353.19,13073.10
295,9666560,22.750203,train,2.43284845,0.000999096532512,0.34313768,566378.75,13073.10
296,9699328,22.806585,train,2.40692616,0.000999087245561,0.32150152,566529.04,13073.10
297,9732096,22.863864,train,2.38633490,0.000999077911171,0.31129491,566585.66,13073.10
298,9764864,22.920722,train,2.37656069,0.000999068529342,0.33778518,566683.32,13073.10
299,9797632,22.977639,train,2.36209106,0.000999059100077,0.32480326,566773.11,13073.10
300,9830400,23.034317,train,2.35010290,0.000999049623375,0.33013511,566884.62,13073.10
300,9830400,23.370632,valid,2.35184481,0.000999049623375,,566884.62,13073.10
301,9863168,23.522207,train,2.33740330,0.000999040099238,0.30966344,217797.46,13073.10
302,9895936,23.580052,train,2.38697624,0.000999030527667,0.31619582,314627.18,13073.10
303,9928704,23.636955,train,2.36269140,0.000999020908662,0.31483546,370678.92,13073.10
304,9961472,23.694038,train,2.45435190,0.000999011242226,0.30564955,406697.98,13073.10
305,9994240,23.751076,train,2.36718678,0.000999001528358,0.31078202,431929.67,13073.10
306,10027008,23.808556,train,2.30479813,0.000998991767061,0.30292416,450108.85,13073.10
307,10059776,23.865563,train,2.38498974,0.000998981958334,0.30567873,464503.87,13073.10
308,10092544,23.922750,train,2.34029293,0.000998972102179,0.32256722,475764.63,13073.10
309,10125312,23.979464,train,2.37707853,0.000998962198597,0.30107144,485284.48,13073.10
310,10158080,24.036221,train,2.36636305,0.00099895224759,0.30476391,493147.70,13073.10
311,10190848,24.093398,train,2.32200503,0.000998942249157,0.29949185,499481.93,13073.10
312,10223616,24.150085,train,2.34655333,0.000998932203301,0.29468355,505204.34,13073.10
313,10256384,24.207262,train,2.34383678,0.000998922110021,0.30120125,509851.12,13073.10
314,10289152,24.264214,train,2.33867979,0.000998911969321,0.28926641,514031.43,13073.10
315,10321920,24.321795,train,2.34291053,0.000998901781199,0.30630970,517367.44,13073.10
316,10354688,24.378764,train,2.39396238,0.000998891545658,0.29676595,520638.46,13073.10
317,10387456,24.435831,train,2.36683631,0.000998881262698,0.28119770,523511.38,13073.10
318,10420224,24.492904,train,2.32114863,0.000998870932321,0.29877868,526088.47,13073.10
319,10452992,24.549971,train,2.41738224,0.000998860554528,0.30933711,528419.34,13073.10
320,10485760,24.606516,train,2.39675450,0.00099885012932,0.30127180,530758.58,13073.10
321,10518528,24.663678,train,2.32086802,0.000998839656697,0.29551259,532638.48,13073.10
322,10551296,24.720701,train,2.36478400,0.000998829136662,0.39616600,534414.13,13073.10
323,10584064,24.777512,train,2.32497716,0.000998818569214,0.38864961,536126.46,13073.10
324,10616832,24.834308,train,2.30871153,0.000998807954356,0.30234152,537711.53,13073.10
325,10649600,24.891414,train,2.32384300,0.000998797292088,0.30411276,539068.36,13073.10
326,10682368,24.947937,train,2.30561638,0.000998786582412,0.29380038,540526.25,13073.10
327,10715136,25.004995,train,2.30999660,0.000998775825328,0.32652909,541706.14,13073.10
328,10747904,25.062440,train,2.29593444,0.000998765020838,0.31383410,542681.14,13073.10
329,10780672,25.119423,train,2.30045986,0.000998754168943,0.29420707,543736.96,13073.10
330,10813440,25.176683,train,2.32429790,0.000998743269644,0.33204624,544642.11,13073.10
331,10846208,25.233127,train,2.33883619,0.000998732322942,0.31391454,545730.67,13073.10
332,10878976,25.290431,train,2.31043339,0.000998721328838,0.34191975,546510.25,13073.10
333,10911744,25.349636,train,2.29229021,0.000998710287334,0.29794663,546718.40,13073.10
334,10944512,25.407173,train,2.30196905,0.000998699198431,0.31491032,547362.66,13073.10
335,10977280,25.464127,train,2.36283875,0.00099868806213,0.30072996,548124.08,13073.10
336,11010048,25.521658,train,2.31643844,0.000998676878431,0.33706698,548698.06,13073.10
337,11042816,25.578866,train,2.29141736,0.000998665647337,0.30483058,549322.50,13073.10
338,11075584,25.635696,train,2.35102129,0.000998654368848,0.32794809,550007.17,13073.10
339,11108352,25.692625,train,2.28705668,0.000998643042966,0.31202433,550634.79,13073.10
340,11141120,25.750076,train,2.26870561,0.000998631669691,0.30222055,551111.30,13073.10
341,11173888,25.807502,train,2.27706146,0.000998620249025,0.31541416,551570.95,13073.10
342,11206656,25.863990,train,2.26799631,0.00099860878097,0.28855178,552217.44,13073.10
343,11239424,25.920325,train,2.24377060,0.000998597265526,0.30442256,552868.37,13073.10
344,11272192,25.977113,train,2.25836849,0.000998585702695,0.28901631,553394.84,13073.10
345,11304960,26.034241,train,2.38797855,0.000998574092477,0.30773443,553828.18,13073.10
346,11337728,26.091079,train,2.28026104,0.000998562434875,0.29763958,554302.48,13073.10
347,11370496,26.147834,train,2.29368830,0.000998550729888,0.32132065,554773.73,13073.10
348,11403264,26.204493,train,2.29911876,0.00099853897752,0.32244238,555245.15,13073.10
349,11436032,26.261798,train,2.34008646,0.00099852717777,0.29379085,555573.82,13073.10
350,11468800,26.318131,train,2.22864580,0.00099851533064,0.33354923,556072.86,13073.10
351,11501568,26.375654,train,2.31075025,0.000998503436131,0.31613845,556332.87,13073.10
352,11534336,26.433159,train,2.21221805,0.000998491494245,0.31617585,556586.47,13073.10
353,11567104,26.489472,train,2.25188065,0.000998479504983,0.39739755,557043.42,13073.10
354,11599872,26.546690,train,2.30764079,0.000998467468345,0.30928522,557325.27,13073.10
355,11632640,26.603929,train,2.24330854,0.000998455384335,0.34470385,557593.67,13073.10
356,11665408,26.660732,train,2.26294208,0.000998443252951,0.31361577,557926.61,13073.10
357,11698176,26.718256,train,2.33000183,0.000998431074197,0.32796103,558127.97,13073.10
358,11730944,26.775120,train,2.27444172,0.000998418848072,0.31154379,558430.70,13073.10
359,11763712,26.831834,train,2.27098179,0.00099840657458,0.33366463,558747.94,13073.10
360,11796480,26.888055,train,2.31409216,0.000998394253719,0.32038134,559133.16,13073.10
361,11829248,26.944570,train,2.30298996,0.000998381885493,0.33757880,559460.24,13073.10
362,11862016,27.001416,train,2.23477125,0.000998369469903,0.28698450,559726.01,13073.10
363,11894784,27.057765,train,2.21319413,0.000998357006949,0.35063392,560059.26,13073.10
364,11927552,27.114421,train,2.27145815,0.000998344496633,0.30520216,560336.43,13073.10
365,11960320,27.171197,train,2.20436859,0.000998331938956,0.32896113,560587.63,13073.10
366,11993088,27.227466,train,2.23605442,0.00099831933392,0.31287679,560905.02,13073.10
367,12025856,27.283671,train,2.27744126,0.000998306681526,0.32005104,561222.63,13073.10
368,12058624,27.340334,train,2.29148078,0.000998293981775,0.30878767,561466.46,13073.10
369,12091392,27.397505,train,2.22985220,0.000998281234669,0.31986922,561632.54,13073.10
370,12124160,27.454533,train,2.27494907,0.000998268440209,0.29601607,561813.53,13073.10
371,12156928,27.511245,train,2.28352737,0.000998255598396,0.30550340,562032.47,13073.10
372,12189696,27.568143,train,2.21126175,0.000998242709232,0.29942364,562220.57,13073.10
373,12222464,27.624701,train,2.25657606,0.000998229772718,0.32402787,562448.62,13073.10
374,12255232,27.681049,train,2.21859765,0.000998216788855,0.31896350,562698.12,13073.10
375,12288000,27.737794,train,2.26703310,0.000998203757645,0.27872172,562890.03,13073.10
376,12320768,27.795001,train,2.36117148,0.00099819067909,0.36838371,563018.18,13073.10
377,12353536,27.852828,train,2.22700453,0.00099817755319,0.31793916,563065.05,13073.10
378,12386304,27.909562,train,2.23227715,0.000998164379947,0.31017369,563246.50,13073.10
379,12419072,27.966742,train,2.27270269,0.000998151159362,0.30232739,563368.70,13073.10
380,12451840,28.024311,train,2.25097847,0.000998137891437,0.29634675,563440.86,13073.10
381,12484608,28.081631,train,2.24910927,0.000998124576173,0.30197465,563540.94,13073.10
382,12517376,28.138239,train,2.24981833,0.000998111213572,0.29806620,563722.79,13073.10
383,12550144,28.196190,train,2.17615867,0.000998097803634,0.30628401,563743.49,13073.10
384,12582912,28.252762,train,2.17343378,0.000998084346362,0.28981784,563922.87,13073.10
385,12615680,28.309579,train,2.19476986,0.000998070841757,0.30557451,564070.29,13073.10
386,12648448,28.364734,train,2.20709991,0.00099805728982,0.29401299,564402.07,13073.10
387,12681216,28.422826,train,2.23131990,0.000998043690552,0.28557637,564398.29,13073.10
388,12713984,28.479895,train,2.25796318,0.000998030043956,0.30913857,564507.59,13073.10
389,12746752,28.537051,train,2.24223757,0.000998016350032,0.31229305,564604.92,13073.10
390,12779520,28.594678,train,2.19135761,0.000998002608783,0.29027313,564649.23,13073.10
391,12812288,28.651590,train,2.20339465,0.000997988820208,0.30027577,564769.19,13073.10
392,12845056,28.708394,train,2.20111084,0.000997974984311,0.28999946,564897.87,13073.10
393,12877824,28.765427,train,2.24763846,0.000997961101092,0.29486945,564999.85,13073.10
394,12910592,28.823903,train,2.19616055,0.000997947170552,0.32606158,564950.11,13073.10
395,12943360,28.881070,train,2.21259212,0.000997933192694,0.30280697,565035.70,13073.10
396,12976128,28.938427,train,2.15939593,0.000997919167519,0.32153705,565100.30,13073.10
397,13008896,28.996004,train,2.22294354,0.000997905095028,0.30209276,565141.36,13073.10
398,13041664,29.053523,train,2.16156483,0.000997890975223,0.34245750,565187.40,13073.10
399,13074432,29.110227,train,2.21498275,0.000997876808105,0.36874017,565312.81,13073.10
400,13107200,29.166925,train,2.16135430,0.000997862593675,0.33074918,565436.32,13073.10
400,13107200,29.503538,valid,2.19660881,0.000997862593675,,565436.32,13073.10
401,13139968,29.656080,train,2.24177814,0.000997848331936,0.35481024,216586.32,13073.10
402,13172736,29.712796,train,2.14218020,0.000997834022889,0.32103068,315064.04,13073.10
403,13205504,29.770209,train,2.22928929,0.000997819666535,0.32197773,370369.24,13073.10
404,13238272,29.828820,train,2.15727234,0.000997805262875,0.34253010,404501.50,13073.10
405,13271040,29.887604,train,2.25837588,0.000997790811912,0.31589076,427986.29,13073.10
406,13303808,29.945461,train,2.17910004,0.000997776313647,0.33005533,446153.88,13073.10
407,13336576,30.002420,train,2.20465612,0.000997761768081,0.35276970,460934.39,13073.10
408,13369344,30.060110,train,2.18527532,0.000997747175215,0.30647057,472057.14,13073.10
409,13402112,30.118603,train,2.19155645,0.000997732535053,0.34659168,480457.23,13073.10
410,13434880,30.175686,train,2.22649741,0.000997717847594,0.30857471,488419.47,13073.10
411,13467648,30.232882,train,2.12218666,0.000997703112841,0.32424650,495057.14,13073.10
412,13500416,30.290085,train,2.19278216,0.000997688330794,0.33018994,500722.17,13073.10
413,13533184,30.347558,train,2.21725488,0.000997673501457,0.30896348,505456.81,13073.10
414,13565952,30.404984,train,2.22158384,0.000997658624829,0.33694771,509613.13,13073.10
415,13598720,30.461903,train,2.19493151,0.000997643700914,0.30288506,513543.04,13073.10
416,13631488,30.519448,train,2.12772346,0.000997628729711,0.31709787,516712.76,13073.10
417,13664256,30.576881,train,2.15453196,0.000997613711224,0.34370205,519596.76,13073.10
418,13697024,30.634357,train,2.13212514,0.000997598645453,0.30516446,522167.12,13073.10
419,13729792,30.691494,train,2.23410749,0.0009975835324,0.30304363,524638.68,13073.10
420,13762560,30.748940,train,2.17624378,0.000997568372067,0.28196436,526752.41,13073.10
421,13795328,30.805819,train,2.22142601,0.000997553164455,0.33504260,528909.86,13073.10
422,13828096,30.863552,train,2.18606639,0.000997537909567,0.32207617,530552.62,13073.10
423,13860864,30.921152,train,2.15833282,0.000997522607402,0.28815123,532111.52,13073.10
424,13893632,30.978215,train,2.16366005,0.000997507257964,0.32030728,533743.20,13073.10
425,13926400,31.035780,train,2.19913721,0.000997491861254,0.29811844,535077.69,13073.10
426,13959168,31.094475,train,2.23454809,0.000997476417272,0.32835793,535934.28,13073.10
427,13991936,31.152435,train,2.16382432,0.000997460926022,0.30162844,536969.17,13073.10
428,14024704,31.210706,train,2.13894343,0.000997445387505,0.29212904,537835.76,13073.10
429,14057472,31.268197,train,2.19518876,0.000997429801722,0.29231259,538883.30,13073.10
430,14090240,31.325737,train,2.14359236,0.000997414168675,0.28138620,539850.22,13073.10
431,14123008,31.383262,train,2.18442678,0.000997398488365,0.29659313,540762.31,13073.10
432,14155776,31.440599,train,2.14075184,0.000997382760795,0.30714768,541672.65,13073.10
433,14188544,31.497774,train,2.14612007,0.000997366985965,0.28843126,542574.85,13073.10
434,14221312,31.554940,train,2.08791876,0.000997351163878,0.28316846,543429.08,13073.10
435,14254080,31.612242,train,2.13831186,0.000997335294536,0.29023626,544201.42,13073.10
436,14286848,31.670464,train,2.14772987,0.000997319377939,0.29982919,544701.89,13073.10
437,14319616,31.727662,train,2.12808800,0.00099730341409,0.30378366,545427.08,13073.10
438,14352384,31.784997,train,2.16171122,0.00099728740299,0.28046674,546083.20,13073.10
439,14385152,31.841926,train,2.13366032,0.000997271344641,0.30130365,546802.00,13073.10
440,14417920,31.899475,train,2.11949182,0.000997255239045,0.29678842,547344.98,13073.10
441,14450688,31.957407,train,2.11911201,0.000997239086203,0.29606950,547776.82,13073.10
442,14483456,32.014459,train,2.13859010,0.000997222886117,0.30412480,548381.05,13073.10
443,14516224,32.071400,train,2.16223288,0.000997206638789,0.30171880,548981.95,13073.10
444,14548992,32.129090,train,2.16005945,0.000997190344221,0.31987143,549399.96,13073.10
445,14581760,32.186253,train,2.19594622,0.000997174002413,0.32249442,549908.36,13073.10
446,14614528,32.243886,train,2.12124991,0.000997157613369,0.29459593,550300.77,13073.10
447,14647296,32.301099,train,2.14853954,0.00099714117709,0.33735612,550759.78,13073.10
448,14680064,32.358334,train,2.14104772,0.000997124693577,0.34194556,551196.03,13073.10
449,14712832,32.415569,train,2.22349524,0.000997108162832,0.31333932,551615.46,13073.10
450,14745600,32.472599,train,2.08790755,0.000997091584856,0.32803419,552056.65,13073.10
451,14778368,32.530226,train,2.13007212,0.000997074959653,0.30825496,552372.17,13073.10
452,14811136,32.588453,train,2.08412910,0.000997058287223,0.32750931,552568.47,13073.10
453,14843904,32.646555,train,2.14850712,0.000997041567568,0.31437910,552779.30,13073.10
454,14876672,32.703870,train,2.12098980,0.00099702480069,0.31964013,553118.66,13073.10
455,14909440,32.761534,train,2.14115715,0.000997007986591,0.33545464,553386.63,13073.10
456,14942208,32.819016,train,2.14079046,0.000996991125273,0.30532050,553675.65,13073.10
457,14974976,32.876538,train,2.09577560,0.000996974216736,0.30690414,553948.50,13073.10
458,15007744,32.933131,train,2.17361856,0.000996957260984,0.31396851,554362.16,13073.10
459,15040512,32.991467,train,2.06891990,0.000996940258017,0.30932873,554485.20,13073.10
460,15073280,33.048837,train,2.13176155,0.000996923207839,0.32085148,554755.27,13073.10
461,15106048,33.106210,train,2.13494492,0.000996906110449,0.29614508,555016.27,13073.10
462,15138816,33.163680,train,2.09601355,0.000996888965851,0.31888172,555254.46,13073.10
463,15171584,33.220884,train,2.12469840,0.000996871774046,0.30041257,555524.88,13073.10
464,15204352,33.277725,train,2.03681207,0.000996854535036,0.28528190,555840.68,13073.10
465,15237120,33.335353,train,2.17262149,0.000996837248822,0.31510413,556032.83,13073.10
466,15269888,33.392418,train,2.06829214,0.000996819915408,0.28368077,556299.62,13073.10
467,15302656,33.450247,train,2.09364843,0.000996802534793,0.29888600,556451.27,13073.10
468,15335424,33.508010,train,2.11221004,0.000996785106981,0.30315042,556607.47,13073.10
469,15368192,33.565712,train,2.19592381,0.000996767631972,0.29761899,556767.79,13073.10
470,15400960,33.623516,train,2.17649102,0.00099675010977,0.28514558,556909.77,13073.10
471,15433728,33.681270,train,2.12918425,0.000996732540375,0.29969108,557054.38,13073.10
472,15466496,33.739501,train,2.14511061,0.00099671492379,0.29139084,557132.18,13073.10
473,15499264,33.797494,train,2.15098524,0.000996697260016,0.29461929,557239.20,13073.10
474,15532032,33.855037,train,2.13892388,0.000996679549056,0.30213234,557400.71,13073.10
475,15564800,33.913155,train,2.12295532,0.000996661790911,0.28979307,557485.31,13073.10
476,15597568,33.971103,train,2.19775677,0.000996643985583,0.31198120,557588.95,13073.10
477,15630336,34.029955,train,2.10752845,0.000996626133073,0.29159915,557578.50,13073.10
478,15663104,34.087760,train,2.16222191,0.000996608233385,0.31367284,557695.78,13073.10
479,15695872,34.145340,train,2.06820059,0.000996590286519,0.30407289,557837.09,13073.10
480,15728640,34.203131,train,2.08335543,0.000996572292479,0.31065539,557949.92,13073.10
481,15761408,34.260656,train,2.09024787,0.000996554251264,0.28802839,558091.11,13073.10
482,15794176,34.318707,train,2.10587430,0.000996536162878,0.30064943,558168.02,13073.10
483,15826944,34.376251,train,2.14764786,0.000996518027322,0.30081806,558301.21,13073.10
484,15859712,34.433871,train,2.08316135,0.000996499844599,0.29154927,558422.66,13073.10
485,15892480,34.491654,train,2.09436989,0.000996481614709,0.30994061,558523.14,13073.10
486,15925248,34.549144,train,2.08507109,0.000996463337656,0.29257184,558653.56,13073.10
487,15958016,34.607689,train,2.10716319,0.000996445013441,0.29690444,558665.69,13073.10
488,15990784,34.665433,train,2.10167503,0.000996426642066,0.29468724,558764.20,13073.10
489,16023552,34.723141,train,2.10643387,0.000996408223533,0.28857601,558864.44,13073.10
490,16056320,34.780837,train,2.14318109,0.000996389757843,0.33449739,558963.67,13073.10
491,16089088,34.838452,train,2.07908630,0.000996371244999,0.29079661,559069.24,13073.10
492,16121856,34.896120,train,2.08303928,0.000996352685004,0.31370583,559167.13,13073.10
493,16154624,34.954358,train,2.06956577,0.000996334077857,0.28222787,559204.45,13073.10
494,16187392,35.012263,train,2.09418011,0.000996315423563,0.31312019,559274.78,13073.10
495,16220160,35.070321,train,2.05542350,0.000996296722122,0.30584314,559328.24,13073.10
496,16252928,35.128255,train,2.11660767,0.000996277973537,0.29529509,559392.99,13073.10
497,16285696,35.186575,train,2.09672618,0.000996259177809,0.32970637,559418.33,13073.10
498,16318464,35.244381,train,2.10765696,0.000996240334941,0.30210966,559493.28,13073.10
499,16351232,35.302045,train,2.15987015,0.000996221444935,0.31616279,559580.51,13073.10
500,16384000,35.359994,train,2.07148004,0.000996202507792,0.31490016,559638.71,13073.10
500,16384000,35.697852,valid,2.08463434,0.000996202507792,,559638.71,13073.10
501,16416768,35.859751,train,2.08922815,0.000996183523515,0.31562167,204128.48,13073.10
502,16449536,35.917606,train,2.06113100,0.000996164492105,0.32010695,300099.32,13073.10
503,16482304,35.975288,train,2.06023049,0.000996145413565,0.30762798,356093.14,13073.10
504,16515072,36.032525,train,2.07250929,0.000996126287896,0.28063318,393255.40,13073.10
505,16547840,36.090005,train,2.13970423,0.000996107115101,0.32687652,419263.35,13073.10
506,16580608,36.147837,train,2.06857681,0.000996087895182,0.30761155,438258.81,13073.10
507,16613376,36.204821,train,2.12054396,0.000996068628141,0.30727458,453674.24,13073.10
508,16646144,36.262196,train,2.07722402,0.000996049313979,0.33681589,465644.18,13073.10
509,16678912,36.319286,train,2.09477329,0.000996029952699,0.31119102,475618.33,13073.10
510,16711680,36.376712,train,2.09377646,0.000996010544303,0.33791238,483670.29,13073.10
511,16744448,36.434313,train,2.10231018,0.000995991088792,0.30190507,490346.96,13073.10
512,16777216,36.492524,train,2.14410734,0.00099597158617,0.30047375,495671.73,13073.10
513,16809984,36.550696,train,2.06989479,0.000995952036437,0.31390539,500292.24,13073.10
514,16842752,36.607785,train,2.03881645,0.000995932439597,0.29598409,504921.99,13073.10
515,16875520,36.665349,train,2.10110426,0.000995912795651,0.30961627,508754.71,13073.10
516,16908288,36.722456,train,2.05941105,0.000995893104601,0.29256114,512384.86,13073.10
517,16941056,36.779371,train,2.08242083,0.000995873366449,0.32277054,515723.06,13073.10
518,16973824,36.837098,train,2.07593203,0.000995853581197,0.31271669,518356.94,13073.10
519,17006592,36.894852,train,2.08910656,0.000995833748848,0.29241896,520724.29,13073.10
520,17039360,36.952812,train,2.13466501,0.000995813869404,0.32994962,522787.69,13073.10
521,17072128,37.010379,train,2.03428078,0.000995793942866,0.29677293,524825.90,13073.10
522,17104896,37.069201,train,2.05689597,0.000995773969236,0.29922557,526211.00,13073.10
523,17137664,37.126699,train,2.12037253,0.000995753948518,0.31170180,527970.49,13073.10
524,17170432,37.185452,train,2.01417017,0.000995733880713,0.29501873,529146.67,13073.10
525,17203200,37.243043,train,2.09050655,0.000995713765822,0.30638376,530632.64,13073.10
526,17235968,37.300303,train,2.10273981,0.000995693603849,0.29729801,532121.69,13073.10
527,17268736,37.358025,train,2.05196047,0.000995673394796,0.32575452,533359.25,13073.10
528,17301504,37.415322,train,2.04937887,0.000995653138663,0.32077265,534646.04,13073.10
529,17334272,37.472828,train,2.10345221,0.000995632835455,0.28961489,535786.08,13073.10
530,17367040,37.529976,train,2.11896181,0.000995612485172,0.31761670,536959.97,13073.10
531,17399808,37.588515,train,2.08982110,0.000995592087817,0.29014823,537666.55,13073.10
532,17432576,37.645831,train,2.08704114,0.000995571643392,0.27910680,538668.93,13073.10
533,17465344,37.703180,train,2.12510061,0.000995551151899,0.30866280,539605.02,13073.10
534,17498112,37.760330,train,2.01190543,0.000995530613341,0.29389587,540541.34,13073.10
535,17530880,37.818073,train,2.01447368,0.000995510027719,0.28311145,541275.43,13073.10
536,17563648,37.875678,train,2.06266689,0.000995489395036,0.31234416,542004.93,13073.10
537,17596416,37.932891,train,2.05191088,0.000995468715294,0.29997593,542791.94,13073.10
538,17629184,37.990472,train,2.04434586,0.000995447988495,0.29854032,543452.77,13073.10
539,17661952,38.047280,train,2.06336379,0.000995427214641,0.30984774,544259.98,13073.10
540,17694720,38.104219,train,2.07947111,0.000995406393735,0.29495326,544999.24,13073.10
541,17727488,38.161049,train,2.07091427,0.000995385525778,0.29101998,545728.71,13073.10
542,17760256,38.217740,train,2.03727221,0.000995364610773,0.30643609,546455.35,13073.10
543,17793024,38.274965,train,2.05955887,0.000995343648723,0.29816958,547036.66,13073.10
544,17825792,38.332138,train,2.07990932,0.000995322639629,0.30075693,547603.40,13073.10
545,17858560,38.389194,train,2.07462311,0.000995301583493,0.30562732,548169.88,13073.10
546,17891328,38.445931,train,2.07304192,0.000995280480318,0.29094061,548776.70,13073.10
547,17924096,38.502806,train,2.02548933,0.000995259330106,0.30702898,549331.76,13073.10
548,17956864,38.560007,train,2.05589461,0.000995238132859,0.28600204,549802.18,13073.10
549,17989632,38.617755,train,2.02148724,0.000995216888579,0.31829515,550150.99,13073.10
550,18022400,38.675093,train,1.99709225,0.00099519559727,0.30848831,550562.21,13073.10
551,18055168,38.731513,train,1.98713040,0.000995174258932,0.28470027,551124.49,13073.10
552,18087936,38.788651,train,2.06183076,0.000995152873568,0.30654389,551538.12,13073.10
553,18120704,38.845929,train,2.04126978,0.000995131441181,0.28681731,551912.16,13073.10
554,18153472,38.903177,train,2.01117945,0.000995109961773,0.29819185,552278.07,13073.10
555,18186240,38.960799,train,2.00991893,0.000995088435345,0.31696498,552567.77,13073.10
556,18219008,39.016980,train,2.03164768,0.000995066861901,0.30746758,553087.33,13073.10
557,18251776,39.073374,train,2.06545949,0.000995045241443,0.30851957,553554.71,13073.10
558,18284544,39.130740,train,2.05094218,0.000995023573972,0.29632762,553849.84,13073.10
559,18317312,39.188035,train,2.00785637,0.000995001859491,0.28519967,554146.56,13073.10
560,18350080,39.245103,train,2.02310705,0.000994980098003,0.30232140,554469.23,13073.10
561,18382848,39.302311,train,2.03730416,0.00099495828951,0.29552421,554760.13,13073.10
562,18415616,39.359647,train,2.04830170,0.000994936434013,0.31947660,555022.38,13073.10
563,18448384,39.417215,train,2.03288579,0.000994914531516,0.33416790,555241.96,13073.10
564,18481152,39.474304,train,2.06574917,0.00099489258202,0.29357865,555525.40,13073.10
565,18513920,39.530537,train,2.05784988,0.000994870585529,0.30098793,555924.51,13073.10
566,18546688,39.587726,train,2.03946614,0.000994848542043,0.28372020,556175.31,13073.10
567,18579456,39.645211,train,2.05614042,0.000994826451567,0.29773140,556377.01,13073.10
568,18612224,39.702635,train,2.00435734,0.000994804314101,0.28694570,556581.49,13073.10
569,18644992,39.759957,train,2.03209448,0.000994782129648,0.31874043,556794.08,13073.10
570,18677760,39.816838,train,2.06122351,0.000994759898212,0.29493433,557060.57,13073.10
571,18710528,39.873134,train,2.03483105,0.000994737619793,0.31767783,557397.95,13073.10
572,18743296,39.930504,train,2.05413032,0.000994715294394,0.30622676,557584.62,13073.10
573,18776064,39.987891,train,2.04182100,0.000994692922018,0.29062450,557764.11,13073.10
574,18808832,40.044692,train,1.96203852,0.000994670502667,0.28143337,558014.19,13073.10
575,18841600,40.101386,train,2.01064992,0.000994648036344,0.28594595,558271.29,13073.10
576,18874368,40.158692,train,2.06463051,0.00099462552305,0.29400840,558445.28,13073.10
577,18907136,40.215848,train,1.96782780,0.000994602962789,0.28848952,558633.33,13073.10
578,18939904,40.272902,train,2.03792906,0.000994580355562,0.30752298,558829.21,13073.10
579,18972672,40.329870,train,2.07780695,0.000994557701372,0.30368459,559030.58,13073.10
580,19005440,40.387228,train,2.03013921,0.000994535000221,0.28004274,559180.57,13073.10
581,19038208,40.444586,train,2.01933026,0.000994512252112,0.30818513,559326.89,13073.10
582,19070976,40.501296,train,1.94313526,0.000994489457047,0.29689714,559545.28,13073.10
583,19103744,40.558544,train,2.01264954,0.000994466615029,0.28904572,559696.58,13073.10
584,19136512,40.615298,train,2.03980637,0.00099444372606,0.29754624,559900.64,13073.10
585,19169280,40.673427,train,2.02995467,0.000994420790142,0.29551783,559945.11,13073.10
586,19202048,40.730715,train,2.07352257,0.000994397807277,0.33781451,560082.24,13073.10
587,19234816,40.786795,train,2.01998258,0.000994374777469,0.33738500,560349.33,13073.10
588,19267584,40.844142,train,1.98771858,0.00099435170072,0.30551481,560472.39,13073.10
589,19300352,40.901190,train,2.04170299,0.000994328577032,0.35121059,560625.08,13073.10
590,19333120,40.959074,train,2.00291538,0.000994305406407,0.30704343,560685.26,13073.10
591,19365888,41.016504,train,2.05974627,0.000994282188848,0.32013926,560792.17,13073.10
592,19398656,41.074068,train,2.03521013,0.000994258924358,0.30288252,560882.68,13073.10
593,19431424,41.131446,train,1.96114635,0.000994235612939,0.29077947,560990.45,13073.10
594,19464192,41.189020,train,2.02243519,0.000994212254593,0.32023799,561076.00,13073.10
595,19496960,41.247174,train,2.03965521,0.000994188849323,0.30504566,561101.09,13073.10
596,19529728,41.304587,train,1.96473455,0.000994165397131,0.29545516,561199.82,13073.10
597,19562496,41.362215,train,2.04324818,0.000994141898019,0.31909093,561275.28,13073.10
598,19595264,41.419471,train,2.03156662,0.000994118351992,0.29044533,561385.68,13073.10
599,19628032,41.476540,train,2.02906227,0.000994094759049,0.32744256,561512.09,13073.10
600,19660800,41.534253,train,1.97997296,0.000994071119195,0.29740706,561574.07,13073.10
600,19660800,41.871200,valid,2.01083372,0.000994071119195,,561574.07,13073.10
601,19693568,42.021614,train,1.97572482,0.000994047432432,0.32794833,220061.82,13073.10
602,19726336,42.079750,train,2.02984571,0.000994023698762,0.32267439,316539.80,13073.10
603,19759104,42.138119,train,2.03662777,0.000993999918188,0.29539287,370389.29,13073.10
604,19791872,42.195930,train,2.04963160,0.000993976090712,0.31784102,405520.66,13073.10
605,19824640,42.254257,train,2.05905056,0.000993952216337,0.31742722,429410.96,13073.10
606,19857408,42.312737,train,1.99904633,0.000993928295065,0.35663134,446809.13,13073.10
607,19890176,42.370959,train,2.01518345,0.000993904326899,0.30848023,460365.04,13073.10
608,19922944,42.428763,train,1.99273598,0.000993880311841,0.39241725,471438.44,13073.10
609,19955712,42.486660,train,2.00481272,0.000993856249894,0.29964519,480352.22,13073.10
610,19988480,42.544016,train,2.05318499,0.000993832141061,0.34870413,488124.09,13073.10
611,20021248,42.601908,train,2.00039196,0.000993807985343,0.29155028,494308.68,13073.10
612,20054016,42.659770,train,2.02340412,0.000993783782744,0.31697190,499602.07,13073.10
613,20086784,42.717588,train,1.97562504,0.000993759533266,0.30114633,504196.44,13073.10
614,20119552,42.774710,train,2.04013109,0.000993735236912,0.32752791,508594.91,13073.10
615,20152320,42.833901,train,2.00983477,0.000993710893684,0.29633754,511366.37,13073.10
616,20185088,42.891671,train,2.00347567,0.000993686503585,0.31226614,514532.45,13073.10
617,20217856,42.949428,train,1.99364328,0.000993662066617,0.29108831,517365.33,13073.10
618,20250624,43.006498,train,2.01285410,0.000993637582783,0.32426834,520224.71,13073.10
619,20283392,43.064152,train,2.00721455,0.000993613052085,0.31989899,522553.72,13073.10
620,20316160,43.121606,train,1.98188889,0.000993588474527,0.29350913,524752.15,13073.10
621,20348928,43.179731,train,1.92788124,0.000993563850111,0.29804787,526486.08,13073.10
622,20381696,43.237487,train,1.96423924,0.000993539178838,0.30011043,528215.47,13073.10
623,20414464,43.295473,train,1.99392927,0.000993514460713,0.28014833,529718.93,13073.10
624,20447232,43.353286,train,2.03452969,0.000993489695737,0.30673346,531166.60,13073.10
625,20480000,43.411257,train,2.01260090,0.000993464883913,0.29630312,532451.03,13073.10
626,20512768,43.468628,train,1.94035435,0.000993440025244,0.28917667,533842.36,13073.10
627,20545536,43.526496,train,2.01042938,0.000993415119733,0.29992330,534976.46,13073.10
628,20578304,43.584606,train,1.97562861,0.000993390167381,0.28070948,535958.28,13073.10
629,20611072,43.642804,train,2.04564142,0.000993365168193,0.29610133,536848.77,13073.10
630,20643840,43.700964,train,1.98696327,0.000993340122169,0.30210590,537693.62,13073.10
631,20676608,43.758941,train,2.01392365,0.000993315029313,0.28587556,538538.66,13073.10
632,20709376,43.817414,train,2.05703378,0.000993289889628,0.30945426,539196.10,13073.10
633,20742144,43.874709,train,1.97037899,0.000993264703117,0.29183114,540132.57,13073.10
634,20774912,43.931971,train,2.04501748,0.000993239469781,0.29405051,541025.46,13073.10
635,20807680,43.989405,train,1.99451709,0.000993214189624,0.28210372,541826.27,13073.10
636,20840448,44.046421,train,1.99019754,0.000993188862648,0.29229322,542688.83,13073.10
637,20873216,44.104050,train,1.95500255,0.000993163488855,0.30047035,543358.07,13073.10
638,20905984,44.160816,train,1.96875632,0.00099313806825,0.29202405,544198.85,13073.10
639,20938752,44.219384,train,1.94688857,0.000993112600834,0.28322443,544580.43,13073.10
640,20971520,44.277366,train,2.01978898,0.00099308708661,0.28655154,545076.22,13073.10
641,21004288,44.334761,train,1.98234260,0.00099306152558,0.28703851,545678.59,13073.10
642,21037056,44.392047,train,2.03272009,0.000993035917748,0.30074975,546277.19,13073.10
643,21069824,44.449814,train,1.91922617,0.000993010263116,0.29270130,546747.30,13073.10
644,21102592,44.507403,train,2.03621912,0.000992984561687,0.29103070,547233.49,13073.10
645,21135360,44.565286,train,1.97530580,0.000992958813463,0.30476144,547639.36,13073.10
646,21168128,44.623045,train,1.98108339,0.000992933018447,0.29765207,548052.83,13073.10
647,21200896,44.680867,train,1.94683743,0.000992907176643,0.31607145,548436.74,13073.10
648,21233664,44.737945,train,1.96468079,0.000992881288052,0.28171009,548947.91,13073.10
649,21266432,44.795605,train,1.99737644,0.000992855352677,0.29707927,549329.44,13073.10
650,21299200,44.853276,train,1.99977541,0.000992829370522,0.27951035,549694.51,13073.10
651,21331968,44.910996,train,1.98327506,0.000992803341589,0.29551429,550036.62,13073.10
652,21364736,44.968724,train,1.94208980,0.00099277726588,0.27927598,550364.61,13073.10
653,21397504,45.026071,train,1.98138762,0.000992751143398,0.28665057,550747.17,13073.10
654,21430272,45.083967,train,2.02233648,0.000992724974147,0.29143178,551021.78,13073.10
655,21463040,45.141453,train,2.05357409,0.000992698758129,0.28187558,551355.79,13073.10
656,21495808,45.198748,train,1.96366370,0.000992672495346,0.29538757,551710.03,13073.10
657,21528576,45.257073,train,1.96598577,0.000992646185802,0.28154466,551884.34,13073.10
658,21561344,45.315642,train,1.98575485,0.000992619829499,0.29747143,552013.47,13073.10
659,21594112,45.373351,train,2.01326847,0.00099259342644,0.28803053,552273.93,13073.10
660,21626880,45.430920,train,1.93766475,0.000992566976628,0.29898557,552547.69,13073.10
661,21659648,45.488422,train,1.98957944,0.000992540480066,0.28852725,552823.03,13073.10
662,21692416,45.546499,train,1.99653244,0.000992513936756,0.30060321,553003.16,13073.10
663,21725184,45.604014,train,1.98035347,0.000992487346701,0.30833143,553260.91,13073.10
664,21757952,45.660998,train,1.99889684,0.000992460709905,0.29679596,553588.48,13073.10
665,21790720,45.718694,train,2.04596400,0.000992434026369,0.29440466,553803.85,13073.10
666,21823488,45.776026,train,2.01638269,0.000992407296096,0.29927674,554064.40,13073.10
667,21856256,45.834031,train,1.99293613,0.000992380519091,0.29279479,554223.40,13073.10
668,21889024,45.891479,train,1.97045779,0.000992353695354,0.29680812,554454.53,13073.10
669,21921792,45.948843,train,1.96397281,0.00099232682489,0.29512009,554690.63,13073.10
670,21954560,46.005930,train,2.00883079,0.000992299907701,0.29075879,554957.14,13073.10
671,21987328,46.063713,train,2.00986862,0.000992272943789,0.28965473,555124.47,13073.10
672,22020096,46.121034,train,1.95147729,0.000992245933159,0.28820482,555347.63,13073.10
673,22052864,46.177635,train,1.97078812,0.000992218875811,0.27981198,555657.72,13073.10
674,22085632,46.234129,train,1.91496170,0.00099219177175,0.29931679,555973.37,13073.10
675,22118400,46.292042,train,1.95663667,0.000992164620979,0.29380873,556102.26,13073.10
676,22151168,46.349280,train,1.95315242,0.000992137423499,0.29705426,556311.76,13073.10
677,22183936,46.406392,train,1.96365941,0.000992110179315,0.29415876,556531.46,13073.10
678,22216704,46.463481,train,1.98306918,0.000992082888428,0.30086368,556748.43,13073.10
679,22249472,46.520677,train,1.92769325,0.000992055550842,0.30819795,556947.36,13073.10
680,22282240,46.577811,train,2.00326657,0.00099202816656,0.30334580,557148.66,13073.10
681,22315008,46.636169,train,1.98548889,0.000992000735584,0.31570417,557201.83,13073.10
682,22347776,46.693860,train,1.98989391,0.000991973257918,0.32400709,557331.05,13073.10
683,22380544,46.751251,train,1.90066576,0.000991945733564,0.29967457,557491.39,13073.10
684,22413312,46.809008,train,1.94320893,0.000991918162526,0.30843714,557606.67,13073.10
685,22446080,46.866856,train,1.96200728,0.000991890544805,0.28527743,557709.11,13073.10
686,22478848,46.925054,train,1.95404422,0.000991862880406,0.29860410,557770.54,13073.10
687,22511616,46.982717,train,1.97729409,0.00099183516933,0.30042532,557888.96,13073.10
688,22544384,47.041501,train,1.97138572,0.000991807411582,0.28888366,557883.70,13073.10
689,22577152,47.099006,train,1.88450789,0.000991779607163,0.29646406,558015.18,13073.10
690,22609920,47.156893,train,1.99749768,0.000991751756077,0.28588417,558103.38,13073.10
691,22642688,47.214833,train,1.97955084,0.000991723858327,0.29566696,558184.15,13073.10
692,22675456,47.272223,train,1.90648675,0.000991695913915,0.29084861,558320.05,13073.10
693,22708224,47.330966,train,1.93490672,0.000991667922846,0.31220767,558314.69,13073.10
694,22740992,47.388756,train,1.96083045,0.00099163988512,0.30141336,558405.89,13073.10
695,22773760,47.446164,train,1.95812845,0.000991611800743,0.31689340,558533.54,13073.10
696,22806528,47.503390,train,1.96327519,0.000991583669715,0.31668955,558676.49,13073.10
697,22839296,47.560618,train,1.99181676,0.000991555492042,0.29732883,558816.47,13073.10
698,22872064,47.618433,train,1.94902360,0.000991527267724,0.33775190,558896.55,13073.10
699,22904832,47.675748,train,1.96122074,0.000991498996767,0.30269569,559023.14,13073.10
700,22937600,47.732829,train,1.97593427,0.000991470679171,0.32079405,559169.70,13073.10
700,22937600,48.069833,valid,1.95733209,0.000991470679171,,559169.70,13073.10
701,22970368,48.214622,train,1.99709201,0.000991442314941,0.30890629,228346.71,13073.10
702,23003136,48.271931,train,1.97264481,0.00099141390408,0.29067937,326357.50,13073.10
703,23035904,48.329827,train,1.91256475,0.00099138544659,0.29521695,379984.23,13073.10
704,23068672,48.387851,train,1.95857501,0.000991356942474,0.29561308,413829.15,13073.10
705,23101440,48.445483,train,1.96033108,0.000991328391736,0.27980509,437651.07,13073.10
706,23134208,48.503190,train,1.97873688,0.000991299794378,0.28987557,455037.79,13073.10
707,23166976,48.560281,train,1.92452621,0.000991271150404,0.31132057,468918.30,13073.10
708,23199744,48.618986,train,1.92487013,0.000991242459816,0.27217653,478482.38,13073.10
709,23232512,48.676643,train,1.95739639,0.000991213722618,0.32005617,487037.66,13073.10
710,23265280,48.733616,train,1.93436313,0.000991184938812,0.29572281,494615.28,13073.10
711,23298048,48.791130,train,1.97241282,0.000991156108402,0.30940899,500616.02,13073.10
712,23330816,48.848494,train,1.96389401,0.000991127231391,0.28019360,505826.41,13073.10
713,23363584,48.906011,train,1.94500256,0.000991098307781,0.30704147,510227.81,13073.10
714,23396352,48.963430,train,1.98316622,0.000991069337576,0.28734437,514118.03,13073.10
715,23429120,49.021146,train,1.97467148,0.000991040320779,0.29526693,517376.16,13073.10
716,23461888,49.078630,train,2.00246048,0.000991011257393,0.30267304,520380.65,13073.10
717,23494656,49.136853,train,1.96996629,0.00099098214742,0.30440071,522697.44,13073.10
718,23527424,49.194518,train,1.93359947,0.000990952990865,0.31317809,525036.20,13073.10
719,23560192,49.252214,train,1.99084270,0.00099092378773,0.27748066,527132.04,13073.10
720,23592960,49.310055,train,1.95982671,0.000990894538018,0.29719228,528970.91,13073.10
721,23625728,49.367872,train,1.92641640,0.000990865241732,0.28994933,530655.48,13073.10
722,23658496,49.425808,train,1.96104968,0.000990835898876,0.28447041,532149.35,13073.10
723,23691264,49.483419,train,1.92760587,0.000990806509452,0.27375054,533643.69,13073.10
724,23724032,49.541272,train,1.97894478,0.000990777073464,0.28459904,534932.70,13073.10
725,23756800,49.598595,train,1.97907257,0.000990747590914,0.28022486,536310.23,13073.10
726,23789568,49.656012,train,1.98561537,0.000990718061807,0.29481393,537556.18,13073.10
727,23822336,49.712556,train,2.01770067,0.000990688486144,0.29875046,539001.58,13073.10
728,23855104,49.770144,train,1.92546153,0.000990658863929,0.27117985,540018.66,13073.10
729,23887872,49.827374,train,2.03938150,0.000990629195166,0.29798675,541079.11,13073.10
730,23920640,49.885361,train,1.99693549,0.000990599479856,0.27238581,541846.58,13073.10
731,23953408,49.942801,train,1.89769721,0.000990569718005,0.30148599,542725.43,13073.10
732,23986176,50.000188,train,1.98530865,0.000990539909613,0.28613469,543566.59,13073.10
733,24018944,50.057817,train,1.98825848,0.000990510054686,0.32558826,544292.62,13073.10
734,24051712,50.115864,train,1.90526450,0.000990480153225,0.27559149,544866.47,13073.10
735,24084480,50.173267,train,2.03059745,0.000990450205235,0.31736159,545575.71,13073.10
736,24117248,50.230749,train,1.99085164,0.000990420210718,0.28559279,546227.38,13073.10
737,24150016,50.288321,train,1.94890773,0.000990390169677,0.31631473,546823.08,13073.10
738,24182784,50.345967,train,1.95374572,0.000990360082115,0.27810627,547370.67,13073.10
739,24215552,50.404104,train,1.90243673,0.000990329948037,0.31304955,547776.02,13073.10
740,24248320,50.461457,train,1.95940232,0.000990299767444,0.31882647,548341.29,13073.10
741,24281088,50.518785,train,1.90183818,0.000990269540341,0.28537616,548885.81,13073.10
742,24313856,50.576439,train,1.94607925,0.000990239266729,0.29415306,549333.82,13073.10
743,24346624,50.633757,train,1.96650183,0.000990208946614,0.29248556,549833.76,13073.10
744,24379392,50.690934,train,1.95954108,0.000990178579997,0.30017573,550341.42,13073.10
745,24412160,50.748915,train,1.89749312,0.000990148166882,0.30244622,550662.29,13073.10
746,24444928,50.806758,train,1.92904449,0.000990117707272,0.29207197,550996.96,13073.10
747,24477696,50.865141,train,1.97364199,0.00099008720117,0.29619929,551211.40,13073.10
748,24510464,50.922850,train,1.93000853,0.00099005664858,0.27942082,551547.50,13073.10
749,24543232,50.980349,train,1.95869255,0.000990026049505,0.29505375,551910.05,13073.10
750,24576000,51.037779,train,1.92828870,0.000989995403947,0.30648366,552271.11,13073.10
751,24608768,51.095813,train,1.94927430,0.000989964711911,0.29444814,552508.45,13073.10
752,24641536,51.153073,train,1.93103385,0.0009899339734,0.29060763,552875.64,13073.10
753,24674304,51.210495,train,1.93387580,0.000989903188416,0.29828233,553200.79,13073.10
754,24707072,51.267870,train,1.90748739,0.000989872356964,0.29411831,553522.35,13073.10
755,24739840,51.325340,train,1.93038917,0.000989841479045,0.29713935,553816.50,13073.10
756,24772608,51.382464,train,1.93281794,0.000989810554664,0.28878993,554158.22,13073.10
757,24805376,51.439684,train,1.97458434,0.000989779583824,0.31095147,554472.60,13073.10
758,24838144,51.497481,train,1.95110428,0.000989748566528,0.31899291,554683.07,13073.10
759,24870912,51.554524,train,1.98622656,0.000989717502779,0.30269077,555006.78,13073.10
760,24903680,51.612218,train,1.96427822,0.000989686392581,0.33712563,555217.77,13073.10
761,24936448,51.669537,train,1.96364808,0.000989655235937,0.30352780,555480.00,13073.10
762,24969216,51.726898,train,1.98506224,0.00098962403285,0.31409416,555727.45,13073.10
763,25001984,51.784807,train,1.95624852,0.000989592783323,0.31890768,555885.37,13073.10
764,25034752,51.841784,train,1.95925820,0.000989561487361,0.28813532,556175.96,13073.10
765,25067520,51.900084,train,1.94390726,0.000989530144965,0.30112928,556265.58,13073.10
766,25100288,51.956486,train,2.00429249,0.00098949875614,0.30325812,556624.14,13073.10
767,25133056,52.013942,train,1.94255829,0.000989467320889,0.29910749,556823.60,13073.10
768,25165824,52.071084,train,1.91072273,0.000989435839214,0.29121912,557061.10,13073.10
769,25198592,52.128445,train,1.94029677,0.00098940431112,0.29783958,557261.91,13073.10
770,25231360,52.185748,train,1.91397214,0.00098937273661,0.31055689,557464.83,13073.10
771,25264128,52.243031,train,1.91756701,0.000989341115686,0.28096810,557664.90,13073.10
772,25296896,52.299969,train,1.85662985,0.000989309448354,0.28233323,557905.12,13073.10
773,25329664,52.357328,train,1.96549559,0.000989277734614,0.30128199,558084.18,13073.10
774,25362432,52.414123,train,1.87886965,0.000989245974472,0.28240046,558330.90,13073.10
775,25395200,52.471205,train,1.99136305,0.000989214167931,0.28743678,558534.76,13073.10
776,25427968,52.529013,train,1.92557025,0.000989182314993,0.28443229,558642.52,13073.10
777,25460736,52.586250,train,1.96956778,0.000989150415662,0.28871420,558818.12,13073.10
778,25493504,52.643759,train,1.92900443,0.000989118469942,0.29956779,558956.16,13073.10
779,25526272,52.700634,train,1.90387154,0.000989086477835,0.30792588,559167.23,13073.10
780,25559040,52.757836,train,1.93946099,0.000989054439346,0.29166192,559334.23,13073.10
781,25591808,52.815473,train,1.96215940,0.000989022354478,0.31018177,559445.87,13073.10
782,25624576,52.872466,train,1.95064569,0.000988990223234,0.28296232,559629.80,13073.10
783,25657344,52.930895,train,1.90305936,0.000988958045617,0.28888941,559644.11,13073.10
784,25690112,52.987433,train,1.96547878,0.000988925821631,0.29947358,559873.35,13073.10
785,25722880,53.044849,train,1.96491671,0.000988893551279,0.27608711,559998.40,13073.10
786,25755648,53.102148,train,1.90374553,0.000988861234565,0.27720574,560133.70,13073.10
787,25788416,53.159679,train,1.94505954,0.000988828871492,0.29784644,560240.39,13073.10
788,25821184,53.217211,train,1.89830899,0.000988796462063,0.28531903,560344.65,13073.10
789,25853952,53.274432,train,1.90222573,0.000988764006283,0.29099989,560480.04,13073.10
790,25886720,53.331890,train,1.96328020,0.000988731504153,0.29167324,560587.22,13073.10
791,25919488,53.389555,train,1.94783449,0.000988698955679,0.29958862,560670.36,13073.10
792,25952256,53.447021,train,1.91514969,0.000988666360862,0.29748973,560772.38,13073.10
793,25985024,53.504575,train,1.92234659,0.000988633719708,0.29523978,560863.15,13073.10
794,26017792,53.561960,train,1.88130927,0.000988601032218,0.29390901,560969.30,13073.10
795,26050560,53.620263,train,1.88115001,0.000988568298397,0.27717766,560980.38,13073.10
796,26083328,53.677603,train,1.95168161,0.000988535518248,0.31363463,561087.69,13073.10
797,26116096,53.735032,train,1.88375866,0.000988502691775,0.31247926,561183.98,13073.10
798,26148864,53.792384,train,1.96209359,0.00098846981898,0.37990293,561285.82,13073.10
799,26181632,53.850046,train,1.91729498,0.000988436899868,0.27899805,561355.65,13073.10
800,26214400,53.907272,train,1.91118371,0.000988403934442,0.35683429,561465.90,13073.10
800,26214400,54.245189,valid,1.91230464,0.000988403934442,,561465.90,13073.10
801,26247168,54.409881,train,1.85827172,0.000988370922705,0.28191307,201045.53,13073.10
802,26279936,54.468374,train,1.90421939,0.000988337864661,0.33716342,295897.78,13073.10
803,26312704,54.525766,train,1.92820156,0.000988304760314,0.29386100,352505.25,13073.10
804,26345472,54.582911,train,1.97002840,0.000988271609666,0.31700248,390074.94,13073.10
805,26378240,54.640429,train,1.89605784,0.000988238412721,0.29594463,416327.76,13073.10
806,26411008,54.697925,train,1.94756591,0.000988205169484,0.31557533,435907.15,13073.10
807,26443776,54.755933,train,1.87629819,0.000988171879957,0.28534368,450605.81,13073.10
808,26476544,54.814820,train,1.90827990,0.000988138544143,0.29616129,461580.38,13073.10
809,26509312,54.872445,train,1.96702123,0.000988105162048,0.29358715,471442.87,13073.10
810,26542080,54.930461,train,1.93785381,0.000988071733673,0.27730292,479367.42,13073.10
811,26574848,54.987911,train,1.95021117,0.000988038259022,0.29558298,486422.75,13073.10
812,26607616,55.045549,train,1.90325117,0.0009880047381,0.29915503,492347.09,13073.10
813,26640384,55.103669,train,1.98522556,0.000987971170909,0.29144710,497193.90,13073.10
814,26673152,55.160995,train,1.93345368,0.000987937557453,0.28619829,501860.93,13073.10
815,26705920,55.218812,train,1.94743371,0.000987903897736,0.28019559,505721.24,13073.10
816,26738688,55.276075,train,1.91434646,0.000987870191761,0.30553982,509421.93,13073.10
817,26771456,55.333858,train,1.97456169,0.000987836439532,0.29022300,512487.45,13073.10
818,26804224,55.392161,train,1.93069887,0.000987802641052,0.28707311,515009.56,13073.10
819,26836992,55.450743,train,1.88261890,0.000987768796325,0.30714017,517167.35,13073.10
820,26869760,55.508524,train,1.86997652,0.000987734905354,0.31568462,519454.41,13073.10
821,26902528,55.566100,train,1.90916252,0.000987700968144,0.28465796,521622.45,13073.10
822,26935296,55.624221,train,1.91526270,0.000987666984697,0.30745971,523401.87,13073.10
823,26968064,55.681405,train,1.87948823,0.000987632955018,0.28484738,525380.18,13073.10
824,27000832,55.739466,train,1.87361610,0.000987598879109,0.28657150,526896.84,13073.10
825,27033600,55.797311,train,1.90479350,0.000987564756974,0.32268327,528373.67,13073.10
826,27066368,55.855953,train,1.90928793,0.000987530588618,0.28954145,529481.88,13073.10
827,27099136,55.913235,train,1.92012548,0.000987496374043,0.29715925,530944.99,13073.10
828,27131904,55.970405,train,1.93192124,0.000987462113254,0.28864583,532345.54,13073.10
829,27164672,56.027364,train,1.94308662,0.000987427806253,0.27993748,533719.46,13073.10
830,27197440,56.085144,train,1.93200922,0.000987393453045,0.29220533,534769.34,13073.10
831,27230208,56.142792,train,1.87271428,0.000987359053633,0.29209319,535792.36,13073.10
832,27262976,56.200412,train,1.86715221,0.000987324608021,0.29764581,536762.58,13073.10
833,27295744,56.257376,train,1.92387617,0.000987290116212,0.27183944,537852.83,13073.10
834,27328512,56.315043,train,1.95790768,0.000987255578211,0.30769110,538699.91,13073.10
835,27361280,56.372865,train,1.92273903,0.00098722099402,0.29742759,539461.42,13073.10
836,27394048,56.430384,train,1.92979443,0.000987186363643,0.29355744,540257.67,13073.10
837,27426816,56.488465,train,1.86178517,0.000987151687084,0.29215997,540877.71,13073.10
838,27459584,56.545921,train,1.95623422,0.000987116964347,0.28491729,541613.35,13073.10
839,27492352,56.603877,train,1.94034708,0.000987082195435,0.29054132,542197.84,13073.10
840,27525120,56.661217,train,1.92991018,0.000987047380352,0.29628581,542893.09,13073.10
841,27557888,56.719658,train,1.95627785,0.000987012519102,0.29376191,543314.13,13073.10
842,27590656,56.777529,train,1.90052760,0.000986977611689,0.31851700,543837.85,13073.10
843,27623424,56.835435,train,1.88363004,0.000986942658115,0.28031996,544331.23,13073.10
844,27656192,56.893670,train,1.90268016,0.000986907658385,0.30364829,544735.11,13073.10
845,27688960,56.951312,train,1.89612293,0.000986872612503,0.28051659,545240.93,13073.10
846,27721728,57.009157,train,1.86351109,0.000986837520471,0.28025195,545685.45,13073.10
847,27754496,57.067241,train,1.85762978,0.000986802382295,0.27997503,546065.94,13073.10
848,27787264,57.125068,train,1.86819148,0.000986767197977,0.28908977,546479.56,13073.10
849,27820032,57.182498,train,1.93232834,0.000986731967521,0.28206313,546950.92,13073.10
850,27852800,57.240052,train,1.89753854,0.000986696690931,0.30242512,547381.69,13073.10
851,27885568,57.297199,train,1.93285584,0.000986661368211,0.29419231,547868.95,13073.10
852,27918336,57.354638,train,1.94846749,0.000986625999365,0.30409887,548287.03,13073.10
853,27951104,57.411730,train,1.89493215,0.000986590584396,0.27187943,548749.94,13073.10
854,27983872,57.469355,train,1.88632536,0.000986555123307,0.29224083,549105.68,13073.10
855,28016640,57.527635,train,1.95028996,0.000986519616104,0.31758079,549339.16,13073.10
856,28049408,57.584703,train,1.86841488,0.000986484062788,0.28553122,549764.14,13073.10
857,28082176,57.642615,train,1.93498838,0.000986448463365,0.27719143,550037.99,13073.10
858,28114944,57.700263,train,1.88901567,0.000986412817838,0.29054689,550344.72,13073.10
859,28147712,57.758199,train,1.92140412,0.000986377126211,0.28969800,550596.28,13073.10
860,28180480,57.815717,train,1.93269014,0.000986341388487,0.28503689,550904.20,13073.10
861,28213248,57.873014,train,1.89181459,0.00098630560467,0.29248747,551235.88,13073.10
862,28246016,57.930753,train,1.97462606,0.000986269774764,0.28275380,551491.13,13073.10
863,28278784,57.988410,train,1.97829807,0.000986233898773,0.30568457,551750.54,13073.10
864,28311552,58.045536,train,1.95596087,0.000986197976701,0.28301206,552079.37,13073.10
865,28344320,58.103075,train,1.85558987,0.000986162008551,0.28867400,552339.07,13073.10
866,28377088,58.160510,train,1.91689944,0.000986125994328,0.29029298,552606.02,13073.10
867,28409856,58.217958,train,1.89134741,0.000986089934034,0.28394702,552863.33,13073.10
868,28442624,58.274886,train,1.84144187,0.000986053827674,0.29464501,553184.66,13073.10
869,28475392,58.332471,train,1.89954627,0.000986017675252,0.28599304,553407.99,13073.10
870,28508160,58.390706,train,1.87313557,0.000985981476772,0.28753167,553538.57,13073.10
871,28540928,58.448056,train,1.83060145,0.000985945232236,0.28632724,553781.93,13073.10
872,28573696,58.505931,train,1.93020451,0.00098590894165,0.30491740,553950.53,13073.10
873,28606464,58.563825,train,1.95486999,0.000985872605016,0.28674448,554112.07,13073.10
874,28639232,58.621319,train,1.88669670,0.00098583622234,0.29838249,554320.12,13073.10
875,28672000,58.678815,train,1.93282986,0.000985799793624,0.28477800,554522.40,13073.10
876,28704768,58.736594,train,1.89140630,0.000985763318872,0.30287498,554684.69,13073.10
877,28737536,58.794374,train,1.87406802,0.000985726798089,0.27698341,554842.50,13073.10
878,28770304,58.852020,train,1.92101645,0.000985690231278,0.29381415,555012.74,13073.10
879,28803072,58.909519,train,1.89240551,0.000985653618443,0.28093299,555196.19,13073.10
880,28835840,58.967322,train,1.90615213,0.000985616959588,0.31714049,555339.41,13073.10
881,28868608,59.024847,train,1.91369796,0.000985580254717,0.30234179,555511.47,13073.10
882,28901376,59.082132,train,1.90979457,0.000985543503833,0.30036733,555706.95,13073.10
883,28934144,59.138828,train,1.88829589,0.000985506706941,0.29290876,555964.95,13073.10
884,28966912,59.195917,train,1.90012383,0.000985469864044,0.27879488,556172.71,13073.10
885,28999680,59.253140,train,1.92207205,0.000985432975147,0.29830885,556360.94,13073.10
886,29032448,59.310309,train,1.84888482,0.000985396040253,0.28292602,556550.77,13073.10
887,29065216,59.368006,train,1.85374033,0.000985359059365,0.27354106,556678.96,13073.10
888,29097984,59.425372,train,1.88875175,0.000985322032489,0.30147436,556840.02,13073.10
889,29130752,59.483203,train,1.92212880,0.000985284959628,0.27854866,556947.92,13073.10
890,29163520,59.540488,train,1.92635989,0.000985247840786,0.29493317,557111.01,13073.10
891,29196288,59.598341,train,1.91295052,0.000985210675967,0.27683544,557211.48,13073.10
892,29229056,59.656160,train,1.85234904,0.000985173465174,0.28472686,557313.25,13073.10
893,29261824,59.713793,train,1.89103425,0.000985136208412,0.26948112,557431.89,13073.10
894,29294592,59.771473,train,1.87013340,0.000985098905684,0.29022726,557543.20,13073.10
895,29327360,59.829407,train,1.87606192,0.000985061556995,0.28690553,557626.90,13073.10
896,29360128,59.886588,train,1.87968934,0.000985024162349,0.28509951,557783.43,13073.10
897,29392896,59.944229,train,1.86267519,0.000984986721748,0.30099967,557891.65,13073.10
898,29425664,60.001724,train,1.84700942,0.000984949235198,0.28215647,558011.88,13073.10
899,29458432,60.058955,train,1.83948255,0.000984911702703,0.27952960,558155.11,13073.10
900,29491200,60.117262,train,1.96386576,0.000984874124266,0.29571813,558193.21,13073.10
900,29491200,60.453808,valid,1.87409709,0.000984874124266,,558193.21,13073.10
901,29523968,60.622700,train,1.88592076,0.000984836499891,0.27852336,195607.50,13073.10
902,29556736,60.680442,train,1.83630598,0.000984798829582,0.28656086,290934.01,13073.10
903,29589504,60.738062,train,1.88855004,0.000984761113343,0.29612237,347509.61,13073.10
904,29622272,60.795706,train,1.90434027,0.000984723351179,0.29008493,384912.36,13073.10
905,29655040,60.853309,train,1.86371851,0.000984685543093,0.27870178,411525.84,13073.10
906,29687808,60.911371,train,1.87383866,0.000984647689089,0.28795168,430978.10,13073.10
907,29720576,60.970121,train,1.81424618,0.000984609789171,0.27782524,445442.73,13073.10
908,29753344,61.027421,train,1.82934523,0.000984571843343,0.28050527,458101.30,13073.10
909,29786112,61.085827,train,1.89756608,0.000984533851609,0.28944919,467634.74,13073.10
910,29818880,61.144191,train,1.86487556,0.000984495813974,0.29248735,475581.01,13073.10
911,29851648,61.202270,train,1.87953866,0.000984457730441,0.28387728,482469.92,13073.10
912,29884416,61.260112,train,1.89042842,0.000984419601014,0.29976094,488509.07,13073.10
913,29917184,61.317388,train,1.91410863,0.000984381425697,0.28668514,494062.11,13073.10
914,29949952,61.375350,train,1.94236016,0.000984343204495,0.30346602,498552.19,13073.10
915,29982720,61.433254,train,1.91967893,0.000984304937411,0.29397330,502539.20,13073.10
916,30015488,61.491145,train,1.87841201,0.000984266624449,0.29214874,506086.92,13073.10
917,30048256,61.548852,train,1.87328339,0.000984228265614,0.31486088,509345.24,13073.10
918,30081024,61.606735,train,1.86850965,0.00098418986091,0.28750268,512198.57,13073.10
919,30113792,61.663829,train,1.84419882,0.000984151410339,0.28670052,515114.21,13073.10
920,30146560,61.721445,train,1.90264511,0.000984112913908,0.28650790,517553.97,13073.10
921,30179328,61.779004,train,1.88274336,0.000984074371619,0.27813530,519803.75,13073.10
922,30212096,61.836057,train,1.92731953,0.000984035783477,0.31512484,522057.35,13073.10
923,30244864,61.893691,train,1.87849545,0.000983997149485,0.29413086,523920.04,13073.10
924,30277632,61.951001,train,1.88870645,0.000983958469649,0.29500681,525753.12,13073.10
925,30310400,62.008125,train,1.81941736,0.000983919743971,0.27199894,527514.10,13073.10
926,30343168,62.065561,train,1.90028858,0.000983880972457,0.27111489,529047.83,13073.10
927,30375936,62.123814,train,1.86916661,0.000983842155109,0.28629267,530216.16,13073.10
928,30408704,62.180831,train,1.86822581,0.000983803291933,0.28271118,531686.30,13073.10
929,30441472,62.237936,train,1.85544074,0.000983764382933,0.29412749,533035.55,13073.10
930,30474240,62.295141,train,1.83382678,0.000983725428111,0.27028096,534272.55,13073.10
931,30507008,62.352233,train,1.86317730,0.000983686427474,0.27683455,535466.64,13073.10
932,30539776,62.409715,train,1.90151763,0.000983647381024,0.27775714,536483.84,13073.10
933,30572544,62.467282,train,1.90308821,0.000983608288766,0.28754279,537420.27,13073.10
934,30605312,62.525930,train,1.83101881,0.000983569150704,0.26398635,538023.90,13073.10
935,30638080,62.583386,train,1.88537049,0.000983529966842,0.28736651,538895.59,13073.10
936,30670848,62.641007,train,1.82036304,0.000983490737184,0.27262077,539680.78,13073.10
937,30703616,62.697850,train,1.97268116,0.000983451461734,0.29467928,540613.08,13073.10
938,30736384,62.755658,train,1.90343916,0.000983412140497,0.29035869,541272.21,13073.10
939,30769152,62.813411,train,1.84504867,0.000983372773477,0.28125304,541911.49,13073.10
940,30801920,62.870234,train,1.85689843,0.000983333360678,0.28802767,542729.35,13073.10
941,30834688,62.927664,train,1.91750431,0.000983293902104,0.26829615,543376.12,13073.10
942,30867456,62.984915,train,1.90988851,0.000983254397758,0.31320378,544031.85,13073.10
943,30900224,63.042178,train,1.81855845,0.000983214847647,0.27921510,544656.29,13073.10
944,30932992,63.098947,train,1.80330551,0.000983175251772,0.27831721,545355.47,13073.10
945,30965760,63.157178,train,1.86106825,0.00098313561014,0.29922360,545729.82,13073.10
946,30998528,63.214739,train,1.84418583,0.000983095922753,0.28154472,546220.89,13073.10
947,31031296,63.272249,train,1.84876394,0.000983056189617,0.29751000,546701.81,13073.10
948,31064064,63.329537,train,1.82356822,0.000983016410734,0.28328505,547205.74,13073.10
949,31096832,63.387229,train,1.90659165,0.00098297658611,0.28485531,547614.44,13073.10
950,31129600,63.444267,train,1.87433267,0.000982936715749,0.27531946,548127.31,13073.10
951,31162368,63.502213,train,1.92353714,0.000982896799655,0.30169877,548457.68,13073.10
952,31195136,63.559928,train,1.80950427,0.000982856837832,0.27512234,548816.40,13073.10
953,31227904,63.617609,train,1.89746106,0.000982816830284,0.29374003,549167.98,13073.10
954,31260672,63.675173,train,1.88424969,0.000982776777016,0.29673684,549526.83,13073.10
955,31293440,63.732204,train,1.84928381,0.000982736678032,0.29521924,549962.66,13073.10
956,31326208,63.789480,train,1.90425992,0.000982696533335,0.30342370,550343.12,13073.10
957,31358976,63.846893,train,1.83867335,0.000982656342931,0.27800924,550688.22,13073.10
958,31391744,63.904946,train,1.82665312,0.000982616106824,0.27054819,550919.82,13073.10
959,31424512,63.962596,train,1.85142827,0.000982575825017,0.28268135,551207.18,13073.10
960,31457280,64.018040,train,1.84448075,0.000982535497515,0.27313086,551826.50,13073.10
961,31490048,64.075663,train,1.90644681,0.000982495124323,0.27137911,552094.44,13073.10
962,31522816,64.132647,train,1.89977193,0.000982454705444,0.28193218,552450.07,13073.10
963,31555584,64.191690,train,1.82086921,0.000982414240883,0.26095164,552490.00,13073.10
964,31588352,64.249506,train,1.79996359,0.000982373730644,0.26995358,552707.50,13073.10
965,31621120,64.307112,train,1.82524157,0.000982333174731,0.26972485,552948.63,13073.10
966,31653888,64.364585,train,1.84298956,0.00098229257315,0.26844740,553201.49,13073.10
967,31686656,64.422478,train,1.88622940,0.000982251925903,0.28627822,553388.48,13073.10
968,31719424,64.480185,train,1.88088918,0.000982211232995,0.27352574,553595.60,13073.10
969,31752192,64.538622,train,1.82939315,0.000982170494431,0.27275115,553697.75,13073.10
970,31784960,64.596769,train,1.81843853,0.000982129710214,0.28009507,553835.87,13073.10
971,31817728,64.654321,train,1.84303665,0.00098208888035,0.27915099,554048.81,13073.10
972,31850496,64.712040,train,1.88879049,0.000982048004842,0.27221382,554234.03,13073.10
973,31883264,64.769828,train,1.84769154,0.000982007083695,0.28619450,554405.49,13073.10
974,31916032,64.827682,train,1.90644097,0.000981966116914,0.27628487,554564.04,13073.10
975,31948800,64.885377,train,1.82818913,0.000981925104501,0.27508280,554738.39,13073.10
976,31981568,64.942578,train,1.86667013,0.000981884046463,0.27369681,554969.42,13073.10
977,32014336,64.999787,train,1.86237979,0.000981842942802,0.28261712,555193.54,13073.10
978,32047104,65.057035,train,1.83897769,0.000981801793524,0.27638415,555407.54,13073.10
979,32079872,65.114687,train,1.78411233,0.000981760598633,0.27475902,555567.93,13073.10
980,32112640,65.171738,train,1.82699788,0.000981719358133,0.29493582,555795.23,13073.10
981,32145408,65.229893,train,1.81909239,0.000981678072028,0.26323670,555888.61,13073.10
982,32178176,65.286688,train,1.78461111,0.000981636740323,0.28643513,556136.18,13073.10
983,32210944,65.344740,train,1.87142515,0.000981595363023,0.26821220,556235.06,13073.10
984,32243712,65.401525,train,1.87459731,0.000981553940131,0.28348684,556474.03,13073.10
985,32276480,65.458675,train,1.86198640,0.000981512471652,0.27602193,556667.06,13073.10
986,32309248,65.515729,train,1.89741278,0.00098147095759,0.28697786,556866.14,13073.10
987,32342016,65.573428,train,1.80766952,0.00098142939795,0.28081524,556990.72,13073.10
988,32374784,65.631082,train,1.81427050,0.000981387792737,0.32340574,557117.38,13073.10
989,32407552,65.688005,train,1.87162840,0.000981346141953,0.27892837,557319.05,13073.10
990,32440320,65.745416,train,1.83843422,0.000981304445605,0.30041909,557464.79,13073.10
991,32473088,65.803140,train,1.81113064,0.000981262703696,0.29295370,557574.94,13073.10
992,32505856,65.860506,train,1.89809394,0.000981220916231,0.31982285,557719.75,13073.10
993,32538624,65.918054,train,1.88584805,0.000981179083214,0.32799676,557842.74,13073.10
994,32571392,65.976055,train,1.83248830,0.000981137204649,0.29523233,557917.47,13073.10
995,32604160,66.033886,train,1.85364115,0.000981095280542,0.32602572,558007.69,13073.10
996,32636928,66.091227,train,1.86364543,0.000981053310896,0.27328151,558144.56,13073.10
997,32669696,66.148926,train,1.82755089,0.000981011295716,0.30362871,558243.47,13073.10
998,32702464,66.206206,train,1.86450446,0.000980969235006,0.28281990,558381.15,13073.10
999,32735232,66.264290,train,1.84353423,0.000980927128771,0.28479856,558438.86,13073.10
1000,32768000,66.321438,train,1.87577856,0.000980884977015,0.29735458,558584.50,13073.10
1000,32768000,66.658699,valid,1.85040716,0.000980884977015,,558584.50,13073.10
1001,32800768,70.974937,train,1.84889436,0.000980842779742,0.28516120,7594.46,13073.10
1002,32833536,71.032181,train,1.82657051,0.000980800536958,0.28915593,14990.04,13073.10
1003,32866304,71.090126,train,1.88228035,0.000980758248666,0.29033467,22190.95,13073.10
1004,32899072,71.147641,train,1.93482280,0.000980715914872,0.28161758,29208.71,13073.10
1005,32931840,71.204886,train,1.89538372,0.000980673535579,0.27865192,36050.99,13073.10
1006,32964608,71.261411,train,1.91879535,0.000980631110791,0.28430182,42729.74,13073.10
1007,32997376,71.318491,train,1.87212276,0.000980588640515,0.28984049,49240.50,13073.10
1008,33030144,71.375397,train,1.86872911,0.000980546124753,0.27628088,55595.70,13073.10
1009,33062912,71.432771,train,1.88093054,0.000980503563511,0.28291187,61793.27,13073.10
1010,33095680,71.490149,train,1.89491916,0.000980460956792,0.29606435,67843.53,13073.10
1011,33128448,71.547256,train,1.83698082,0.000980418304602,0.27484265,73755.85,13073.10
1012,33161216,71.604643,train,1.83481145,0.000980375606945,0.27994817,79527.05,13073.10
1013,33193984,71.661243,train,1.81852758,0.000980332863826,0.30511951,85179.23,13073.10
1014,33226752,71.718204,train,1.81958771,0.000980290075248,0.26942495,90698.45,13073.10
1015,33259520,71.774735,train,1.87635493,0.000980247241217,0.27947032,96102.82,13073.10
1016,33292288,71.832462,train,1.88607359,0.000980204361737,0.29523179,101365.57,13073.10
1017,33325056,71.890207,train,1.79806280,0.000980161436812,0.27036107,106511.75,13073.10
1018,33357824,71.947792,train,1.85551524,0.000980118466448,0.28597865,111548.96,13073.10
1019,33390592,72.005675,train,1.86375988,0.000980075450648,0.28769791,116471.11,13073.10
1020,33423360,72.062697,train,1.85165977,0.000980032389417,0.28846073,121307.14,13073.10
1021,33456128,72.120494,train,1.80216885,0.00097998928276,0.27114457,126024.26,13073.10
1022,33488896,72.176987,train,1.88573587,0.000979946130681,0.29181513,130673.44,13073.10
1023,33521664,72.234499,train,1.80841160,0.000979902933185,0.27850896,135203.67,13073.10
1024,33554432,72.291751,train,1.79652309,0.000979859690277,0.26913786,139647.80,13073.10
1025,33587200,72.348724,train,1.85593319,0.00097981640196,0.27745584,144009.54,13073.10
1026,33619968,72.406387,train,1.88053131,0.00097977306824,0.27683511,148266.99,13073.10
1027,33652736,72.462970,train,1.86401963,0.000979729689121,0.28419450,152468.19,13073.10
1028,33685504,72.520260,train,1.83552217,0.000979686264608,0.27496484,156569.37,13073.10
1029,33718272,72.577633,train,1.87521625,0.000979642794704,0.29184744,160588.87,13073.10
1030,33751040,72.635511,train,1.87269354,0.000979599279416,0.27697802,164517.30,13073.10
1031,33783808,72.692653,train,1.86247993,0.000979555718748,0.27306938,168390.87,13073.10
1032,33816576,72.749528,train,1.86759233,0.000979512112703,0.29357010,172199.33,13073.10
1033,33849344,72.806234,train,1.85464931,0.000979468461287,0.27546516,175942.12,13073.10
1034,33882112,72.862836,train,1.80744445,0.000979424764504,0.27481371,179619.47,13073.10
1035,33914880,72.919185,train,1.86767304,0.000979381022359,0.28273693,183237.73,13073.10
1036,33947648,72.975775,train,1.85281050,0.000979337234857,0.29073125,186784.31,13073.10
1037,33980416,73.033569,train,1.84986174,0.000979293402001,0.28076142,190231.95,13073.10
1038,34013184,73.089953,train,1.86901069,0.000979249523798,0.28623742,193660.05,13073.10
1039,34045952,73.147019,train,1.80056024,0.000979205600251,0.28129584,197007.89,13073.10
1040,34078720,73.205312,train,1.82600868,0.000979161631365,0.27949098,200259.76,13073.10
1041,34111488,73.262588,train,1.82440972,0.000979117617145,0.28851113,203485.52,13073.10
1042,34144256,73.319517,train,1.83904314,0.000979073557595,0.26506785,206666.58,13073.10
1043,34177024,73.378051,train,1.86550307,0.00097902945272,0.27372339,209743.64,13073.10
1044,34209792,73.436122,train,1.80225658,0.000978985302524,0.27192137,212782.04,13073.10
1045,34242560,73.494456,train,1.84098840,0.000978941107013,0.26818904,215760.50,13073.10
1046,34275328,73.552708,train,1.87786400,0.000978896866191,0.30450338,218691.16,13073.10
1047,34308096,73.610793,train,1.82159162,0.000978852580063,0.27817941,221578.04,13073.10
1048,34340864,73.669526,train,1.82650828,0.000978808248633,0.26859221,224396.30,13073.10
1049,34373632,73.726843,train,1.82195950,0.000978763871906,0.27820924,227213.23,13073.10
1050,34406400,73.785089,train,1.82619810,0.000978719449886,0.27139068,229954.87,13073.10
1051,34439168,73.842846,train,1.82613373,0.000978674982579,0.26633933,232667.85,13073.10
1052,34471936,73.901450,train,1.83326077,0.000978630469989,0.28331211,235310.06,13073.10
1053,34504704,73.959062,train,1.80435610,0.000978585912121,0.26834735,237942.16,13073.10
1054,34537472,74.016992,train,1.84006381,0.00097854130898,0.27205014,240522.61,13073.10
1055,34570240,74.074731,train,1.83019960,0.000978496660569,0.26782933,243069.05,13073.10
1056,34603008,74.132022,train,1.87084675,0.000978451966895,0.27385518,245590.84,13073.10
1057,34635776,74.189204,train,1.85421610,0.000978407227961,0.27072260,248077.84,13073.10
1058,34668544,74.246318,train,1.85873556,0.000978362443773,0.27527112,250529.62,13073.10
1059,34701312,74.303529,train,1.87934232,0.000978317614334,0.27065310,252941.50,13073.10
1060,34734080,74.360682,train,1.83827162,0.000978272739651,0.29040506,255319.48,13073.10
1061,34766848,74.418521,train,1.83715463,0.000978227819727,0.27020153,257639.66,13073.10
1062,34799616,74.476323,train,1.81684399,0.000978182854567,0.29617441,259926.73,13073.10
1063,34832384,74.534305,train,1.81799066,0.000978137844177,0.26707834,262174.21,13073.10
1064,34865152,74.591847,train,1.81187820,0.00097809278856,0.29975867,264403.50,13073.10
1065,34897920,74.649602,train,1.85284305,0.000978047687722,0.29432228,266593.58,13073.10
1066,34930688,74.707489,train,1.90245426,0.000978002541668,0.27489763,268747.79,13073.10
1067,34963456,74.765345,train,1.79073787,0.000977957350401,0.28027204,270872.30,13073.10
1068,34996224,74.823050,train,1.80958986,0.000977912113927,0.27668402,272971.74,13073.10
1069,35028992,74.880947,train,1.86009610,0.000977866832251,0.28706649,275035.26,13073.10
1070,35061760,74.938825,train,1.82143426,0.000977821505378,0.28459558,277070.57,13073.10
1071,35094528,74.996036,train,1.78060484,0.000977776133312,0.27905384,279099.93,13073.10
1072,35127296,75.052869,train,1.87958276,0.000977730716057,0.29183763,281114.32,13073.10
1073,35160064,75.109000,train,1.78077579,0.00097768525362,0.27322018,283125.12,13073.10
1074,35192832,75.167962,train,1.88626158,0.000977639746004,0.29036653,285014.48,13073.10
1075,35225600,75.225527,train,1.78187072,0.000977594193215,0.27284700,286924.60,13073.10
1076,35258368,75.283410,train,1.82291675,0.000977548595257,0.28411275,288798.65,13073.10
1077,35291136,75.341494,train,1.86550689,0.000977502952135,0.29911381,290640.95,13073.10
1078,35323904,75.398771,train,1.80012274,0.000977457263854,0.28690189,292485.76,13073.10
1079,35356672,75.456275,train,1.79959273,0.000977411530419,0.27883610,294298.95,13073.10
1080,35389440,75.513432,train,1.84159565,0.000977365751834,0.27888089,296100.17,13073.10
1081,35422208,75.570572,train,1.78936768,0.000977319928105,0.28620741,297878.90,13073.10
1082,35454976,75.628194,train,1.79994261,0.000977274059235,0.28659564,299618.82,13073.10
1083,35487744,75.686198,train,1.86877322,0.000977228145231,0.28941444,301323.78,13073.10
1084,35520512,75.743176,train,1.87473941,0.000977182186097,0.28234771,303041.18,13073.10
1085,35553280,75.800411,train,1.83640337,0.000977136181838,0.29040074,304728.59,13073.10
1086,35586048,75.857378,train,1.78257966,0.000977090132458,0.26865378,306403.98,13073.10
1087,35618816,75.913746,train,1.81695211,0.000977044037963,0.27862859,308078.64,13073.10
1088,35651584,75.970725,train,1.87553155,0.000976997898357,0.26782602,309712.69,13073.10
1089,35684352,76.027948,train,1.86274004,0.000976951713646,0.26553211,311318.78,13073.10
1090,35717120,76.085751,train,1.79317045,0.000976905483833,0.29492781,312886.09,13073.10
1091,35749888,76.143015,train,1.82637334,0.000976859208925,0.26551878,314452.17,13073.10
1092,35782656,76.200055,train,1.92473102,0.000976812888925,0.28083527,316006.87,13073.10
1093,35815424,76.257655,train,1.87907100,0.000976766523839,0.28072536,317524.57,13073.10
1094,35848192,76.314801,train,1.84278917,0.000976720113672,0.28138319,319039.18,13073.10
1095,35880960,76.372133,train,1.85642552,0.000976673658429,0.28515697,320529.80,13073.10
1096,35913728,76.429606,train,1.78378439,0.000976627158114,0.25897864,321998.27,13073.10
1097,35946496,76.487304,train,1.85140133,0.000976580612732,0.28597715,323442.18,13073.10
1098,35979264,76.544274,train,1.82887113,0.000976534022289,0.27163988,324893.16,13073.10
1099,36012032,76.601453,train,1.78096128,0.000976487386789,0.30747128,326320.64,13073.10
1100,36044800,76.658703,train,1.82040036,0.000976440706238,0.27179196,327729.46,13073.10
1100,36044800,76.996519,valid,1.82085360,0.000976440706238,,327729.46,13073.10
1101,36077568,77.150651,train,1.87081218,0.000976393980639,0.28982815,214661.88,13073.10
1102,36110336,77.207523,train,1.81779528,0.000976347209998,0.26659659,312790.58,13073.10
1103,36143104,77.265282,train,1.84633088,0.000976300394321,0.27657408,367794.79,13073.10
1104,36175872,77.323100,train,1.82283330,0.000976253533611,0.27389142,403177.27,13073.10
1105,36208640,77.380687,train,1.83536232,0.000976206627874,0.27983266,428133.20,13073.10
1106,36241408,77.438419,train,1.84538627,0.000976159677115,0.28282416,446414.27,13073.10
1107,36274176,77.495562,train,1.82891917,0.000976112681339,0.27032632,461002.04,13073.10
1108,36306944,77.552583,train,1.86697340,0.000976065640551,0.29448175,472689.31,13073.10
1109,36339712,77.610259,train,1.82401109,0.000976018554755,0.27624035,481680.21,13073.10
1110,36372480,77.666440,train,1.81829834,0.000975971423957,0.26367494,490217.49,13073.10
1111,36405248,77.723925,train,1.76251984,0.000975924248162,0.26414272,496537.84,13073.10
1112,36438016,77.780828,train,1.82964158,0.000975877027374,0.26958966,502303.71,13073.10
1113,36470784,77.838082,train,1.78775764,0.000975829761599,0.26839766,507075.73,13073.10
1114,36503552,77.895417,train,1.78817177,0.000975782450842,0.26412600,511193.06,13073.10
1115,36536320,77.952685,train,1.82222486,0.000975735095107,0.27239278,514852.02,13073.10
1116,36569088,78.009220,train,1.88497233,0.0009756876944,0.27273953,518471.73,13073.10
1117,36601856,78.066048,train,1.84375000,0.000975640248726,0.27460361,521565.73,13073.10
1118,36634624,78.123409,train,1.77922916,0.000975592758089,0.28110322,524098.53,13073.10
1119,36667392,78.179878,train,1.77987015,0.000975545222495,0.27461639,526782.97,13073.10
1120,36700160,78.237097,train,1.79564607,0.000975497641949,0.27128574,528902.26,13073.10
1121,36732928,78.294564,train,1.80524492,0.000975450016455,0.27522787,530733.04,13073.10
1122,36765696,78.351567,train,1.90044987,0.000975402346019,0.27432907,532590.68,13073.10
1123,36798464,78.409094,train,1.84259486,0.000975354630646,0.26890466,534099.92,13073.10
1124,36831232,78.466618,train,1.77521706,0.000975306870341,0.27207583,535492.15,13073.10
1125,36864000,78.523748,train,1.83178496,0.000975259065109,0.26860049,536917.75,13073.10
1126,36896768,78.581415,train,1.81546617,0.000975211214954,0.27013588,538058.03,13073.10
1127,36929536,78.638587,train,1.78343260,0.000975163319883,0.26620650,539280.89,13073.10
1128,36962304,78.696137,train,1.81679142,0.000975115379899,0.27675775,540301.10,13073.10
1129,36995072,78.753125,train,1.78842306,0.000975067395009,0.27523807,541427.67,13073.10
1130,37027840,78.810377,train,1.83987999,0.000975019365217,0.26398471,542404.66,13073.10
1131,37060608,78.867349,train,1.77375531,0.000974971290528,0.26773077,543402.71,13073.10
1132,37093376,78.924595,train,1.83426154,0.000974923170948,0.27250889,544264.70,13073.10
1133,37126144,78.980988,train,1.74042749,0.000974875006481,0.26085120,545311.04,13073.10
1134,37158912,79.038228,train,1.82888567,0.000974826797132,0.26691523,546072.97,13073.10
1135,37191680,79.095360,train,1.84632277,0.000974778542907,0.27497366,546821.31,13073.10
1136,37224448,79.152210,train,1.82706237,0.000974730243811,0.27467307,547601.92,13073.10
1137,37257216,79.208671,train,1.80427849,0.000974681899848,0.27031839,548438.63,13073.10
1138,37289984,79.265831,train,1.80003381,0.000974633511025,0.27387756,549064.50,13073.10
1139,37322752,79.322695,train,1.82158279,0.000974585077345,0.27070713,549729.51,13073.10
1140,37355520,79.379521,train,1.80622315,0.000974536598815,0.26158240,550371.62,13073.10
1141,37388288,79.436972,train,1.81726575,0.000974488075438,0.28553364,550842.31,13073.10
1142,37421056,79.494638,train,1.81714594,0.000974439507222,0.26686180,551244.31,13073.10
1143,37453824,79.552218,train,1.78338766,0.000974390894169,0.27804190,551646.50,13073.10
1144,37486592,79.610267,train,1.89129901,0.000974342236287,0.26787993,551931.84,13073.10
1145,37519360,79.668722,train,1.81812692,0.000974293533579,0.30081242,552120.97,13073.10
1146,37552128,79.726228,train,1.85736537,0.000974244786051,0.28128922,552493.98,13073.10
1147,37584896,79.783672,train,1.84822977,0.000974195993708,0.27861130,552863.91,13073.10
1148,37617664,79.841743,train,1.82281864,0.000974147156555,0.30401927,553096.81,13073.10
1149,37650432,79.898840,train,1.80564427,0.000974098274598,0.29953837,553506.35,13073.10
1150,37683200,79.955867,train,1.84794950,0.000974049347841,0.29559687,553913.09,13073.10
1151,37715968,80.013161,train,1.85574961,0.00097400037629,0.28717554,554255.48,13073.10
1152,37748736,80.070613,train,1.80053186,0.00097395135995,0.28225538,554556.33,13073.10
1153,37781504,80.128476,train,1.86797905,0.000973902298826,0.27243137,554773.60,13073.10
1154,37814272,80.186199,train,1.79546320,0.000973853192923,0.28126708,555007.05,13073.10
1155,37847040,80.243545,train,1.83480203,0.000973804042247,0.27689257,555296.87,13073.10
1156,37879808,80.300967,train,1.88774407,0.000973754846802,0.28777424,555563.80,13073.10
1157,37912576,80.358642,train,1.75882339,0.000973705606594,0.27330017,555779.88,13073.10
1158,37945344,80.416492,train,1.82050335,0.000973656321628,0.27822891,555960.17,13073.10
1159,37978112,80.473848,train,1.81103325,0.00097360699191,0.29848602,556213.36,13073.10
1160,38010880,80.530850,train,1.80864167,0.000973557617444,0.27151158,556514.29,13073.10
1161,38043648,80.588499,train,1.84541905,0.000973508198235,0.27961683,556705.13,13073.10
1162,38076416,80.645964,train,1.80638254,0.00097345873429,0.28351703,556918.09,13073.10
1163,38109184,80.704216,train,1.84959793,0.000973409225612,0.27548862,557006.22,13073.10
1164,38141952,80.761882,train,1.87149429,0.000973359672208,0.28323841,557178.18,13073.10
1165,38174720,80.819230,train,1.78918254,0.000973310074082,0.27421352,557391.63,13073.10
1166,38207488,80.876909,train,1.82842851,0.00097326043124,0.28276387,557550.88,13073.10
1167,38240256,80.934408,train,1.73820317,0.000973210743688,0.27913311,557731.02,13073.10
1168,38273024,80.991747,train,1.81568527,0.000973161011429,0.32457435,557928.51,13073.10
1169,38305792,81.049000,train,1.84163785,0.00097311123447,0.27364051,558132.11,13073.10
1170,38338560,81.106344,train,1.79293251,0.000973061412816,0.31383377,558317.76,13073.10
1171,38371328,81.163373,train,1.89032388,0.000973011546472,0.28053531,558540.50,13073.10
1172,38404096,81.220626,train,1.79776061,0.000972961635444,0.32064903,558727.53,13073.10
1173,38436864,81.278037,train,1.82293546,0.000972911679736,0.27779725,558888.95,13073.10
1174,38469632,81.335401,train,1.81740856,0.000972861679354,0.31958929,559052.11,13073.10
1175,38502400,81.393149,train,1.89062035,0.000972811634303,0.27648693,559162.24,13073.10
1176,38535168,81.450629,train,1.80994380,0.000972761544588,0.30564037,559303.08,13073.10
1177,38567936,81.507291,train,1.87728810,0.000972711410216,0.29754105,559542.00,13073.10
1178,38600704,81.564605,train,1.84569466,0.00097266123119,0.31073099,559694.82,13073.10
1179,38633472,81.621160,train,1.78411961,0.000972611007517,0.31222540,559935.99,13073.10
1180,38666240,81.677921,train,1.83603072,0.000972560739201,0.34975448,560146.48,13073.10
1181,38699008,81.735395,train,1.85436499,0.000972510426248,0.28155419,560267.71,13073.10
1182,38731776,81.791714,train,1.76476669,0.000972460068664,0.28905374,560520.98,13073.10
1183,38764544,81.849028,train,1.85714626,0.000972409666453,0.30685002,560653.37,13073.10
1184,38797312,81.906278,train,1.83244681,0.000972359219621,0.28296244,560789.90,13073.10
1185,38830080,81.963688,train,1.75409245,0.000972308728174,0.30753022,560905.47,13073.10
1186,38862848,82.020696,train,1.85213697,0.000972258192116,0.28190380,561063.14,13073.10
1187,38895616,82.078128,train,1.80925846,0.000972207611453,0.27182722,561170.34,13073.10
1188,38928384,82.135206,train,1.81676412,0.00097215698619,0.27898535,561313.88,13073.10
1189,38961152,82.192723,train,1.80480587,0.000972106316333,0.28369844,561406.91,13073.10
1190,38993920,82.249802,train,1.81962419,0.000972055601886,0.29030964,561544.68,13073.10
1191,39026688,82.306857,train,1.75413764,0.000972004842856,0.27163711,561682.01,13073.10
1192,39059456,82.363908,train,1.76055741,0.000971954039248,0.28048480,561816.80,13073.10
1193,39092224,82.422177,train,1.84909964,0.000971903191067,0.27716628,561822.60,13073.10
1194,39124992,82.479094,train,1.82713652,0.000971852298318,0.28336084,561966.87,13073.10
1195,39157760,82.536186,train,1.81060004,0.000971801361008,0.27459005,562090.46,13073.10
1196,39190528,82.593382,train,1.82105184,0.00097175037914,0.29483896,562201.00,13073.10
1197,39223296,82.650639,train,1.79686642,0.000971699352721,0.28091720,562303.22,13073.10
1198,39256064,82.707693,train,1.82899272,0.000971648281755,0.29581195,562423.52,13073.10
1199,39288832,82.765505,train,1.74600399,0.00097159716625,0.27656862,562467.38,13073.10
1200,39321600,82.823264,train,1.85547352,0.000971546006208,0.27430549,562515.52,13073.10
1200,39321600,83.160302,valid,1.79890860,0.000971546006208,,562515.52,13073.10
1201,39354368,83.321658,train,1.79999912,0.000971494801638,0.28037521,205340.58,13073.10
1202,39387136,83.379298,train,1.78663790,0.000971443552542,0.26604676,301704.59,13073.10
1203,39419904,83.437097,train,1.82612276,0.000971392258928,0.27878433,357445.25,13073.10
1204,39452672,83.494482,train,1.80761158,0.0009713409208,0.27200797,394317.12,13073.10
1205,39485440,83.551943,train,1.76434541,0.000971289538164,0.27626917,420249.62,13073.10
1206,39518208,83.609448,train,1.78216326,0.000971238111025,0.26679286,439475.83,13073.10
1207,39550976,83.666867,train,1.76270986,0.000971186639389,0.26685721,454400.34,13073.10
1208,39583744,83.724411,train,1.73469746,0.000971135123261,0.27164027,466172.38,13073.10
1209,39616512,83.781834,train,1.76846111,0.000971083562646,0.27417022,475853.20,13073.10
1210,39649280,83.839452,train,1.72641206,0.00097103195755,0.28862870,483751.00,13073.10
1211,39682048,83.897475,train,1.76452899,0.000970980307979,0.27171439,490140.85,13073.10
1212,39714816,83.954950,train,1.79354393,0.000970928613938,0.27793488,495939.35,13073.10
1213,39747584,84.012191,train,1.74459672,0.000970876875433,0.26920804,501091.36,13073.10
1214,39780352,84.069216,train,1.80765939,0.000970825092468,0.27553901,505714.51,13073.10
1215,39813120,84.126892,train,1.78259397,0.000970773265049,0.26563078,509445.01,13073.10
1216,39845888,84.184886,train,1.80166209,0.000970721393182,0.29953712,512596.96,13073.10
1217,39878656,84.243033,train,1.81026471,0.000970669476873,0.26925227,515337.03,13073.10
1218,39911424,84.300774,train,1.79778922,0.000970617516126,0.27669343,517982.10,13073.10
1219,39944192,84.358335,train,1.80817199,0.000970565510947,0.29104125,520450.37,13073.10
1220,39976960,84.416068,train,1.81559968,0.000970513461342,0.28005624,522620.29,13073.10
1221,40009728,84.473199,train,1.80103159,0.000970461367317,0.27733496,524839.88,13073.10
1222,40042496,84.530576,train,1.80118489,0.000970409228876,0.27020991,526779.30,13073.10
1223,40075264,84.587656,train,1.82405806,0.000970357046025,0.26707512,528672.92,13073.10
1224,40108032,84.645054,train,1.81043720,0.00097030481877,0.26854503,530307.00,13073.10
1225,40140800,84.701967,train,1.78491092,0.000970252547117,0.26503366,531986.63,13073.10
1226,40173568,84.758462,train,1.78320312,0.00097020023107,0.26423192,533686.55,13073.10
1227,40206336,84.815975,train,1.80327296,0.000970147870636,0.27594942,534940.76,13073.10
1228,40239104,84.873354,train,1.79470587,0.000970095465819,0.26923391,536152.41,13073.10
1229,40271872,84.930721,train,1.76739788,0.000970043016626,0.26593751,537289.27,13073.10
1230,40304640,84.988429,train,1.83363283,0.000969990523061,0.27388886,538254.04,13073.10
1231,40337408,85.045969,train,1.80162549,0.000969937985132,0.28447559,539207.80,13073.10
1232,40370176,85.102915,train,1.85083771,0.000969885402842,0.27363425,540270.23,13073.10
1233,40402944,85.160636,train,1.87839055,0.000969832776197,0.27435377,541062.48,13073.10
1234,40435712,85.217743,train,1.78699493,0.000969780105204,0.28359261,541972.02,13073.10
1235,40468480,85.276221,train,1.83174658,0.000969727389868,0.27102357,542480.25,13073.10
1236,40501248,85.333046,train,1.78798449,0.000969674630194,0.28984752,543374.47,13073.10
1237,40534016,85.390151,train,1.80581260,0.000969621826188,0.27382904,544154.81,13073.10
1238,40566784,85.446782,train,1.80967379,0.000969568977855,0.26775858,545009.12,13073.10
1239,40599552,85.503951,train,1.74737096,0.000969516085201,0.31478614,545696.72,13073.10
1240,40632320,85.560619,train,1.80854177,0.000969463148232,0.27149966,546465.79,13073.10
1241,40665088,85.617791,train,1.82426131,0.000969410166952,0.29203320,547086.95,13073.10
1242,40697856,85.675311,train,1.77717018,0.000969357141369,0.26518083,547604.04,13073.10
1243,40730624,85.732645,train,1.78680968,0.000969304071487,0.26714703,548137.59,13073.10
1244,40763392,85.789599,train,1.77362335,0.000969250957312,0.27844933,548727.24,13073.10
1245,40796160,85.846855,train,1.83628583,0.00096919779885,0.28665087,549230.31,13073.10
1246,40828928,85.903857,train,1.79929805,0.000969144596106,0.26793188,549762.96,13073.10
1247,40861696,85.960859,train,1.81578100,0.000969091349085,0.27115023,550274.06,13073.10
1248,40894464,86.018041,train,1.81479001,0.000969038057794,0.26771376,550729.88,13073.10
1249,40927232,86.075577,train,1.81887174,0.000968984722239,0.26947367,551101.13,13073.10
1250,40960000,86.132917,train,1.84235263,0.000968931342424,0.26823440,551494.22,13073.10
1251,40992768,86.190680,train,1.80603957,0.000968877918355,0.26701152,551795.40,13073.10
1252,41025536,86.247918,train,1.79542542,0.000968824450038,0.27815402,552179.27,13073.10
1253,41058304,86.305837,train,1.78704691,0.000968770937479,0.25826380,552429.35,13073.10
1254,41091072,86.362791,train,1.78715444,0.000968717380683,0.27247295,552836.96,13073.10
1255,41123840,86.419831,train,1.74447727,0.000968663779657,0.27294636,553215.94,13073.10
1256,41156608,86.477652,train,1.82949853,0.000968610134404,0.29156059,553451.24,13073.10
1257,41189376,86.535030,train,1.76032948,0.000968556444933,0.26296833,553751.25,13073.10
1258,41222144,86.592403,train,1.77202320,0.000968502711247,0.27974188,554042.04,13073.10
1259,41254912,86.649616,train,1.78651428,0.000968448933352,0.26727232,554348.91,13073.10
1260,41287680,86.707246,train,1.76699007,0.000968395111255,0.27707994,554580.34,13073.10
1261,41320448,86.764708,train,1.73027635,0.000968341244961,0.27024180,554830.43,13073.10
1262,41353216,86.821534,train,1.82699800,0.000968287334476,0.27343684,555169.06,13073.10
1263,41385984,86.879082,train,1.77702630,0.000968233379805,0.28044274,555389.39,13073.10
1264,41418752,86.936949,train,1.77742386,0.000968179380955,0.27122721,555555.97,13073.10
1265,41451520,86.995112,train,1.75969481,0.00096812533793,0.27850625,555674.76,13073.10
1266,41484288,87.052544,train,1.75340271,0.000968071250736,0.28761667,555894.46,13073.10
1267,41517056,87.110517,train,1.77708781,0.00096801711938,0.28080454,556031.26,13073.10
1268,41549824,87.168357,train,1.78717136,0.000967962943866,0.27196318,556183.02,13073.10
1269,41582592,87.226156,train,1.84272277,0.000967908724202,0.27207917,556335.90,13073.10
1270,41615360,87.283820,train,1.74530625,0.000967854460391,0.27170348,556502.77,13073.10
1271,41648128,87.341184,train,1.76833558,0.000967800152441,0.27474684,556704.82,13073.10
1272,41680896,87.398211,train,1.72311306,0.000967745800357,0.25866866,556945.79,13073.10
1273,41713664,87.455615,train,1.77866387,0.000967691404144,0.26399380,557131.43,13073.10
1274,41746432,87.512967,train,1.76032472,0.000967636963809,0.27745330,557318.91,13073.10
1275,41779200,87.569767,train,1.80745745,0.000967582479356,0.26436689,557571.27,13073.10
1276,41811968,87.627545,train,1.83787847,0.000967527950793,0.27709755,557695.05,13073.10
1277,41844736,87.684532,train,1.77306652,0.000967473378124,0.27108321,557913.09,13073.10
1278,41877504,87.741213,train,1.81738472,0.000967418761355,0.27369061,558163.22,13073.10
1279,41910272,87.798739,train,1.84178317,0.000967364100493,0.27452114,558305.27,13073.10
1280,41943040,87.856128,train,1.75561523,0.000967309395543,0.27683058,558460.27,13073.10
1281,41975808,87.913086,train,1.75038886,0.00096725464651,0.27332625,558662.17,13073.10
1282,42008576,87.970874,train,1.85303974,0.000967199853401,0.29764709,558762.84,13073.10
1283,42041344,88.028384,train,1.81563520,0.000967145016221,0.28125167,558893.10,13073.10
1284,42074112,88.085833,train,1.75626862,0.000967090134976,0.27184719,559027.18,13073.10
1285,42106880,88.143057,train,1.81250954,0.000967035209672,0.27953193,559183.30,13073.10
1286,42139648,88.200204,train,1.81150484,0.000966980240314,0.26405108,559344.59,13073.10
1287,42172416,88.257807,train,1.78141332,0.000966925226909,0.29068306,559452.16,13073.10
1288,42205184,88.315142,train,1.79267836,0.000966870169462,0.28115046,559586.38,13073.10
1289,42237952,88.373377,train,1.83711529,0.00096681506798,0.28235069,559621.08,13073.10
1290,42270720,88.430837,train,1.83502281,0.000966759922467,0.28933603,559737.19,13073.10
1291,42303488,88.488845,train,1.75909531,0.00096670473293,0.27116770,559793.30,13073.10
1292,42336256,88.545925,train,1.74701059,0.000966649499375,0.28979361,559944.64,13073.10
1293,42369024,88.603323,train,1.68874431,0.000966594221807,0.26077569,560060.21,13073.10
1294,42401792,88.660598,train,1.78447866,0.000966538900232,0.28491026,560185.82,13073.10
1295,42434560,88.718585,train,1.78338408,0.000966483534656,0.27515838,560236.92,13073.10
1296,42467328,88.776315,train,1.77256942,0.000966428125085,0.28245816,560312.79,13073.10
1297,42500096,88.833933,train,1.78944540,0.000966372671525,0.26934931,560398.04,13073.10
1298,42532864,88.891531,train,1.78453934,0.000966317173982,0.27019066,560483.56,13073.10
1299,42565632,88.949260,train,1.79838431,0.000966261632461,0.27999306,560554.85,13073.10
1300,42598400,89.006559,train,1.75898695,0.000966206046969,0.26623195,560665.85,13073.10
1300,42598400,89.345137,valid,1.77954834,0.000966206046969,,560665.85,13073.10
1301,42631168,89.510307,train,1.84863615,0.000966150417511,0.28753391,200381.77,13073.10
1302,42663936,89.568290,train,1.79642045,0.000966094744092,0.27218223,295860.05,13073.10
1303,42696704,89.626224,train,1.82110906,0.00096603902672,0.29043669,351783.37,13073.10
1304,42729472,89.683343,train,1.76821327,0.0009659832654,0.27108985,389441.86,13073.10
1305,42762240,89.740862,train,1.77672148,0.000965927460138,0.28352621,415750.98,13073.10
1306,42795008,89.797189,train,1.78475928,0.000965871610939,0.27124053,436509.70,13073.10
1307,42827776,89.854982,train,1.77997708,0.00096581571781,0.27637863,451347.33,13073.10
1308,42860544,89.912688,train,1.81715655,0.000965759780756,0.26946744,463226.52,13073.10
1309,42893312,89.969829,train,1.75175977,0.000965703799784,0.28383693,473336.51,13073.10
1310,42926080,90.027019,train,1.78288054,0.000965647774899,0.28017363,481712.53,13073.10
1311,42958848,90.084364,train,1.74429059,0.000965591706107,0.26519501,488686.95,13073.10
1312,42991616,90.141921,train,1.74437475,0.000965535593414,0.27933729,494522.87,13073.10
1313,43024384,90.199072,train,1.74890637,0.000965479436827,0.27025577,499809.37,13073.10
1314,43057152,90.256062,train,1.75983453,0.00096542323635,0.27721211,504520.88,13073.10
1315,43089920,90.313338,train,1.76241636,0.00096536699199,0.30573395,508525.99,13073.10
1316,43122688,90.370737,train,1.78107774,0.000965310703754,0.27792311,512021.29,13073.10
1317,43155456,90.427887,train,1.81897533,0.000965254371646,0.26747456,515264.20,13073.10
1318,43188224,90.484569,train,1.79729915,0.000965197995672,0.27409643,518394.79,13073.10
1319,43220992,90.540852,train,1.73841500,0.00096514157584,0.26839486,521402.09,13073.10
1320,43253760,90.598463,train,1.79729509,0.000965085112154,0.27304310,523583.03,13073.10
1321,43286528,90.655531,train,1.77178419,0.000965028604621,0.26566160,525789.82,13073.10
1322,43319296,90.712892,train,1.79277730,0.000964972053247,0.26624629,527698.73,13073.10
1323,43352064,90.769694,train,1.78700697,0.000964915458037,0.27061424,529662.07,13073.10
1324,43384832,90.827251,train,1.70441699,0.000964858818997,0.26426837,531203.60,13073.10
1325,43417600,90.884526,train,1.77216148,0.000964802136135,0.26683691,532727.60,13073.10
1326,43450368,90.941728,train,1.78811753,0.000964745409454,0.27532798,534166.47,13073.10
1327,43483136,90.998980,train,1.80714417,0.000964688638963,0.27588114,535489.40,13073.10
1328,43515904,91.056059,train,1.80125284,0.000964631824665,0.27763212,536778.19,13073.10
1329,43548672,91.113262,train,1.78063703,0.000964574966569,0.27317438,537946.05,13073.10
1330,43581440,91.169914,train,1.84449351,0.000964518064679,0.28947222,539203.42,13073.10
1331,43614208,91.227214,train,1.80218697,0.000964461119001,0.27071008,540198.65,13073.10
1332,43646976,91.284710,train,1.77939343,0.000964404129542,0.27256343,541080.32,13073.10
1333,43679744,91.343219,train,1.76502526,0.000964347096308,0.27080184,541636.14,13073.10
1334,43712512,91.400748,train,1.79500270,0.000964290019304,0.27101973,542419.04,13073.10
1335,43745280,91.458532,train,1.77274203,0.000964232898537,0.26957110,543094.00,13073.10
1336,43778048,91.514907,train,1.84088111,0.000964175734013,0.26629490,544085.93,13073.10
1337,43810816,91.572644,train,1.74522519,0.000964118525737,0.27188566,544694.42,13073.10
1338,43843584,91.629955,train,1.80046773,0.000964061273716,0.26703915,545373.74,13073.10
1339,43876352,91.687908,train,1.77172041,0.000964003977956,0.27591926,545869.99,13073.10
1340,43909120,91.745125,train,1.81220031,0.000963946638463,0.26987925,546510.05,13073.10
1341,43941888,91.802989,train,1.70570683,0.000963889255242,0.26868266,546976.13,13073.10
1342,43974656,91.860387,train,1.81263363,0.000963831828301,0.28614905,547522.13,13073.10
1343,44007424,91.918076,train,1.74514484,0.000963774357644,0.28691903,547982.01,13073.10
1344,44040192,91.974455,train,1.77482486,0.000963716843279,0.27418977,548694.80,13073.10
1345,44072960,92.031283,train,1.81571174,0.000963659285211,0.27549532,549285.80,13073.10
1346,44105728,92.087992,train,1.75043607,0.000963601683446,0.27327499,549876.33,13073.10
1347,44138496,92.144881,train,1.78345811,0.000963544037991,0.27399510,550407.61,13073.10
1348,44171264,92.201992,train,1.73835444,0.000963486348851,0.28345582,550874.60,13073.10
1349,44204032,92.258757,train,1.75459552,0.000963428616032,0.27236679,551389.00,13073.10
1350,44236800,92.315552,train,1.82428646,0.000963370839542,0.27867013,551877.88,13073.10
1351,44269568,92.372836,train,1.77597928,0.000963313019385,0.28807867,552259.50,13073.10
1352,44302336,92.429349,train,1.73056006,0.000963255155567,0.26889482,552764.73,13073.10
1353,44335104,92.486083,train,1.75177050,0.000963197248096,0.26315400,553213.13,13073.10
1354,44367872,92.542866,train,1.79374266,0.000963139296977,0.30205390,553637.13,13073.10
1355,44400640,92.599552,train,1.79081249,0.000963081302216,0.26996207,554062.70,13073.10
1356,44433408,92.656139,train,1.74128079,0.000963023263819,0.28526181,554490.41,13073.10
1357,44466176,92.713178,train,1.71231341,0.000962965181793,0.26695445,554829.23,13073.10
1358,44498944,92.770236,train,1.84494746,0.000962907056143,0.27590567,555153.62,13073.10
1359,44531712,92.827249,train,1.80242407,0.000962848886877,0.27363521,555474.57,13073.10
1360,44564480,92.883036,train,1.73653960,0.000962790673999,0.27283171,555977.74,13073.10
1361,44597248,92.940901,train,1.75004768,0.000962732417516,0.28554347,556143.69,13073.10
1362,44630016,92.997915,train,1.86211991,0.000962674117434,0.28357607,556434.11,13073.10
1363,44662784,93.054571,train,1.72942662,0.000962615773759,0.27969685,556769.22,13073.10
1364,44695552,93.111575,train,1.75522852,0.000962557386498,0.25901929,557042.75,13073.10
1365,44728320,93.168460,train,1.79952073,0.000962498955657,0.27959883,557325.55,13073.10
1366,44761088,93.225581,train,1.81004834,0.000962440481242,0.28114146,557566.10,13073.10
1367,44793856,93.281150,train,1.77321172,0.000962381963258,0.26814169,558019.68,13073.10
1368,44826624,93.337709,train,1.79252291,0.000962323401713,0.27141619,558322.16,13073.10
1369,44859392,93.394085,train,1.84167600,0.000962264796612,0.27720559,558641.28,13073.10
1370,44892160,93.451000,train,1.81313527,0.000962206147962,0.26777986,558878.33,13073.10
1371,44924928,93.507573,train,1.75763559,0.000962147455768,0.27544248,559154.92,13073.10
1372,44957696,93.564591,train,1.75604224,0.000962088720038,0.26258600,559364.96,13073.10
1373,44990464,93.620912,train,1.74367344,0.000962029940777,0.26480511,559660.76,13073.10
1374,45023232,93.678167,train,1.74137199,0.000961971117991,0.28630304,559828.07,13073.10
1375,45056000,93.735577,train,1.78320527,0.000961912251686,0.27238339,559971.16,13073.10
1376,45088768,93.792757,train,1.77791488,0.00096185334187,0.26305473,560139.53,13073.10
1377,45121536,93.850030,train,1.84560323,0.000961794388547,0.26920074,560292.20,13073.10
1378,45154304,93.906998,train,1.78629827,0.000961735391725,0.26526877,560478.41,13073.10
1379,45187072,93.965203,train,1.79604769,0.000961676351409,0.26859036,560509.82,13073.10
1380,45219840,94.021926,train,1.77366853,0.000961617267606,0.27239355,560718.23,13073.10
1381,45252608,94.079081,train,1.74719620,0.000961558140322,0.27478614,560870.48,13073.10
1382,45285376,94.135778,train,1.81405771,0.000961498969563,0.27512005,561072.59,13073.10
1383,45318144,94.192602,train,1.84551585,0.000961439755336,0.29091087,561255.47,13073.10
1384,45350912,94.248990,train,1.78606486,0.000961380497646,0.28247115,561483.87,13073.10
1385,45383680,94.305792,train,1.72522521,0.000961321196501,0.27215567,561660.15,13073.10
1386,45416448,94.362663,train,1.79812431,0.000961261851905,0.26474291,561824.85,13073.10
1387,45449216,94.419964,train,1.77677572,0.000961202463867,0.29145870,561938.16,13073.10
1388,45481984,94.478261,train,1.72478259,0.000961143032391,0.26151147,561939.92,13073.10
1389,45514752,94.534972,train,1.68596292,0.000961083557484,0.27714834,562113.33,13073.10
1390,45547520,94.589002,train,1.82116234,0.000961024039152,0.27157971,562570.53,13073.10
1391,45580288,94.646327,train,1.72832775,0.000960964477402,0.28616342,562668.40,13073.10
1392,45613056,94.703752,train,1.69986451,0.00096090487224,0.26188901,562753.65,13073.10
1393,45645824,94.761930,train,1.80450463,0.000960845223672,0.31696966,562758.90,13073.10
1394,45678592,94.819304,train,1.72096980,0.000960785531705,0.26554063,562846.69,13073.10
1395,45711360,94.875698,train,1.75580144,0.000960725796344,0.29452404,563032.32,13073.10
1396,45744128,94.932582,train,1.73393786,0.000960666017597,0.26747355,563164.98,13073.10
1397,45776896,94.990152,train,1.78261185,0.000960606195469,0.30312946,563226.34,13073.10
1398,45809664,95.046455,train,1.76845551,0.000960546329967,0.27418432,563411.73,13073.10
1399,45842432,95.103423,train,1.80344200,0.000960486421097,0.29405335,563528.40,13073.10
1400,45875200,95.160627,train,1.76857448,0.000960426468866,0.28520721,563619.85,13073.10
1400,45875200,95.498833,valid,1.76228842,0.000960426468866,,563619.85,13073.10
1401,45907968,95.650619,train,1.74157047,0.000960366473279,0.28342775,218180.85,13073.10
1402,45940736,95.708326,train,1.78029585,0.000960306434344,0.27733120,315234.90,13073.10
1403,45973504,95.767176,train,1.80478275,0.000960246352065,0.28447047,368532.21,13073.10
1404,46006272,95.824788,train,1.73701954,0.000960186226451,0.26881766,404097.85,13073.10
1405,46039040,95.881908,train,1.77014852,0.000960126057507,0.27214515,429489.15,13073.10
1406,46071808,95.939326,train,1.78854895,0.000960065845239,0.29496771,447962.15,13073.10
1407,46104576,95.996416,train,1.74900711,0.000960005589654,0.27277866,462465.43,13073.10
1408,46137344,96.053285,train,1.72862315,0.000959945290759,0.28959081,474164.59,13073.10
1409,46170112,96.110686,train,1.78148413,0.000959884948558,0.28145665,483260.02,13073.10
1410,46202880,96.167857,train,1.77801824,0.00095982456306,0.28015158,490960.46,13073.10
1411,46235648,96.224737,train,1.75568128,0.000959764134271,0.27480260,497645.74,13073.10
1412,46268416,96.282148,train,1.82886696,0.000959703662196,0.27339709,503015.87,13073.10
1413,46301184,96.339414,train,1.73194671,0.000959643146842,0.27385700,507738.80,13073.10
1414,46333952,96.396226,train,1.80140901,0.000959582588215,0.28860560,512117.32,13073.10
1415,46366720,96.454299,train,1.75358105,0.000959521986323,0.28342435,515291.19,13073.10
1416,46399488,96.511917,train,1.77962899,0.000959461341171,0.25765252,518334.57,13073.10
1417,46432256,96.569114,train,1.77276719,0.000959400652765,0.26449144,521254.17,13073.10
1418,46465024,96.626563,train,1.77285266,0.000959339921113,0.27165657,523761.08,13073.10
1419,46497792,96.683432,train,1.73497283,0.00095927914622,0.26445636,526281.93,13073.10
1420,46530560,96.740904,train,1.83214521,0.000959218328094,0.28202143,528314.52,13073.10
1421,46563328,96.798053,train,1.78378367,0.000959157466739,0.28993294,530299.19,13073.10
1422,46596096,96.855160,train,1.75422239,0.000959096562164,0.26891840,532132.78,13073.10
1423,46628864,96.912205,train,1.74011564,0.000959035614373,0.28374058,533841.71,13073.10
1424,46661632,96.969684,train,1.71607375,0.000958974623375,0.25862333,535259.85,13073.10
1425,46694400,97.026410,train,1.82642472,0.000958913589174,0.29246539,536835.87,13073.10
1426,46727168,97.083814,train,1.79290438,0.000958852511778,0.27396804,538067.98,13073.10
1427,46759936,97.140855,train,1.79433095,0.000958791391193,0.26031977,539333.79,13073.10
1428,46792704,97.197823,train,1.77650547,0.000958730227426,0.26380599,540537.52,13073.10
1429,46825472,97.255681,train,1.75307345,0.000958669020482,0.27145660,541388.45,13073.10
1430,46858240,97.313163,train,1.73680615,0.000958607770369,0.26626906,542297.61,13073.10
1431,46891008,97.370522,train,1.78833842,0.000958546477093,0.27397957,543186.49,13073.10
1432,46923776,97.427351,train,1.75191772,0.00095848514066,0.27067181,544172.03,13073.10
1433,46956544,97.484068,train,1.70741248,0.000958423761077,0.27492532,545131.95,13073.10
1434,46989312,97.540939,train,1.80964565,0.000958362338351,0.28462899,545997.31,13073.10
1435,47022080,97.597441,train,1.78445530,0.000958300872487,0.27766663,546912.15,13073.10
1436,47054848,97.654807,train,1.74568725,0.000958239363492,0.26535985,547559.19,13073.10
1437,47087616,97.711402,train,1.73367202,0.000958177811374,0.31032813,548363.59,13073.10
1438,47120384,97.768750,train,1.80783749,0.000958116216137,0.27697894,548945.78,13073.10
1439,47153152,97.824425,train,1.70142210,0.00095805457779,0.27135122,549894.86,13073.10
1440,47185920,97.880680,train,1.80689311,0.000957992896337,0.27619866,550665.09,13073.10
1441,47218688,97.937848,train,1.78913844,0.000957931171787,0.28921014,551193.35,13073.10
1442,47251456,97.994761,train,1.73718643,0.000957869404145,0.26611945,551753.74,13073.10
1443,47284224,98.051487,train,1.76917720,0.000957807593418,0.26701316,552329.74,13073.10
1444,47316992,98.108214,train,1.74787402,0.000957745739612,0.26499385,552880.35,13073.10
1445,47349760,98.164478,train,1.74429917,0.000957683842734,0.27350849,553503.80,13073.10
1446,47382528,98.221180,train,1.80144835,0.000957621902791,0.26498485,554012.09,13073.10
1447,47415296,98.277798,train,1.73406446,0.000957559919788,0.25717002,554516.55,13073.10
1448,47448064,98.334933,train,1.81404567,0.000957497893734,0.27641597,554899.63,13073.10
1449,47480832,98.391341,train,1.83278298,0.000957435824633,0.26681536,555407.22,13073.10
1450,47513600,98.447902,train,1.71819961,0.000957373712493,0.27021956,555866.39,13073.10
1451,47546368,98.505230,train,1.70968318,0.00095731155732,0.25940785,556166.25,13073.10
1452,47579136,98.561015,train,1.76881933,0.000957249359121,0.28902328,556735.49,13073.10
1453,47611904,98.618130,train,1.69753671,0.000957187117903,0.26202744,557046.83,13073.10
1454,47644672,98.675046,train,1.73243833,0.000957124833671,0.27810991,557381.60,13073.10
1455,47677440,98.731999,train,1.78851819,0.000957062506433,0.26366609,557698.28,13073.10
1456,47710208,98.788678,train,1.74494708,0.000957000136195,0.26943257,558050.63,13073.10
1457,47742976,98.845112,train,1.75615013,0.000956937722964,0.26974484,558431.68,13073.10
1458,47775744,98.901496,train,1.76696301,0.000956875266746,0.26286605,558808.34,13073.10
1459,47808512,98.958409,train,1.77507234,0.000956812767548,0.26327062,559087.43,13073.10
1460,47841280,99.014547,train,1.69863439,0.000956750225377,0.26178691,559480.59,13073.10
1461,47874048,99.072400,train,1.78240871,0.000956687640238,0.26559567,559592.72,13073.10
1462,47906816,99.130455,train,1.78766429,0.000956625012139,0.26247105,559670.12,13073.10
1463,47939584,99.188109,train,1.73478150,0.000956562341087,0.25845364,559805.93,13073.10
1464,47972352,99.245949,train,1.78998303,0.000956499627088,0.26544529,559909.73,13073.10
1465,48005120,99.303748,train,1.81763887,0.000956436870148,0.28090957,560016.41,13073.10
1466,48037888,99.360897,train,1.76589072,0.000956374070274,0.26610798,560214.17,13073.10
1467,48070656,99.417914,train,1.73328149,0.000956311227473,0.26697320,560425.10,13073.10
1468,48103424,99.475701,train,1.71575534,0.000956248341752,0.26343733,560521.39,13073.10
1469,48136192,99.533325,train,1.70739174,0.000956185413117,0.25644672,560637.57,13073.10
1470,48168960,99.590442,train,1.68041945,0.000956122441575,0.25735584,560820.09,13073.10
1471,48201728,99.647743,train,1.77882099,0.000956059427132,0.26781473,560972.43,13073.10
1472,48234496,99.704685,train,1.76704991,0.000955996369795,0.27263457,561168.85,13073.10
1473,48267264,99.761170,train,1.76305318,0.00095593326957,0.26615992,561419.94,13073.10
1474,48300032,99.818119,train,1.75041044,0.000955870126466,0.26685956,561604.26,13073.10
1475,48332800,99.875075,train,1.75628281,0.000955806940487,0.26156741,561782.86,13073.10
1476,48365568,99.931996,train,1.77585745,0.000955743711641,0.28490543,561961.27,13073.10
1477,48398336,99.988767,train,1.79294872,0.000955680439934,0.26314884,562153.99,13073.10
1478,48431104,100.045785,train,1.81027424,0.000955617125374,0.31399903,562311.29,13073.10
1479,48463872,100.103121,train,1.77003205,0.000955553767966,0.25830156,562425.73,13073.10
1480,48496640,100.160743,train,1.74330664,0.000955490367718,0.27086934,562503.08,13073.10
1481,48529408,100.217637,train,1.79583883,0.000955426924636,0.26794511,562665.25,13073.10
1482,48562176,100.275086,train,1.79456019,0.000955363438727,0.26611072,562758.14,13073.10
1483,48594944,100.333050,train,1.73956907,0.000955299909998,0.29162896,562788.69,13073.10
1484,48627712,100.390846,train,1.79459047,0.000955236338455,0.27720955,562838.15,13073.10
1485,48660480,100.447870,train,1.76308203,0.000955172724105,0.27960750,562974.14,13073.10
1486,48693248,100.504222,train,1.69831133,0.000955109066954,0.26081765,563182.57,13073.10
1487,48726016,100.561972,train,1.75806928,0.000955045367011,0.28586662,563230.82,13073.10
1488,48758784,100.618745,train,1.71592391,0.00095498162428,0.26446563,563385.51,13073.10
1489,48791552,100.676207,train,1.68461859,0.000954917838769,0.26564133,563461.81,13073.10
1490,48824320,100.734279,train,1.74111760,0.000954854010485,0.26562217,563470.55,13073.10
1491,48857088,100.791820,train,1.76300669,0.000954790139434,0.27913713,563535.97,13073.10
1492,48889856,100.849216,train,1.80518246,0.000954726225624,0.27948332,563615.12,13073.10
1493,48922624,100.906856,train,1.71693444,0.00095466226906,0.28619185,563667.09,13073.10
1494,48955392,100.963862,train,1.73915780,0.00095459826975,0.26707107,563783.41,13073.10
1495,48988160,101.021591,train,1.76145458,0.000954534227701,0.26995981,563823.54,13073.10
1496,49020928,101.078921,train,1.79219103,0.000954470142918,0.26314414,563903.10,13073.10
1497,49053696,101.136816,train,1.73287606,0.00095440601541,0.25994617,563924.54,13073.10
1498,49086464,101.193995,train,1.75655043,0.000954341845182,0.25939763,564016.54,13073.10
1499,49119232,101.251296,train,1.72372854,0.000954277632242,0.25499809,564094.68,13073.10
1500,49152000,101.308195,train,1.75972271,0.000954213376597,0.25765508,564210.28,13073.10
1500,49152000,101.645178,valid,1.74332958,0.000954213376597,,564210.28,13073.10
1501,49184768,101.797796,train,1.71833444,0.000954149078252,0.26292560,216697.09,13073.10
1502,49217536,101.855752,train,1.71394873,0.000954084737215,0.27221125,313314.28,13073.10
1503,49250304,101.913612,train,1.76638222,0.000954020353493,0.26244095,368138.27,13073.10
1504,49283072,101.971272,train,1.83984363,0.000953955927092,0.26309162,403683.02,13073.10
1505,49315840,102.029548,train,1.76063418,0.00095389145802,0.26479754,427818.87,13073.10
1506,49348608,102.087174,train,1.74614799,0.000953826946282,0.27351302,446234.81,13073.10
1507,49381376,102.144723,train,1.74695408,0.000953762391887,0.26285413,460464.18,13073.10
1508,49414144,102.201625,train,1.74848199,0.00095369779484,0.26289120,472294.54,13073.10
1509,49446912,102.258629,train,1.71982408,0.000953633155149,0.26491818,481845.31,13073.10
1510,49479680,102.316048,train,1.75326240,0.00095356847282,0.26475033,489464.62,13073.10
1511,49512448,102.373642,train,1.74042487,0.000953503747861,0.26928154,495760.27,13073.10
1512,49545216,102.431398,train,1.75401235,0.000953438980277,0.26065472,501028.67,13073.10
1513,49577984,102.489285,train,1.73453748,0.000953374170077,0.25802013,505496.49,13073.10
1514,49610752,102.546642,train,1.71901453,0.000953309317266,0.26420203,509690.32,13073.10
1515,49643520,102.604764,train,1.70968604,0.000953244421851,0.25957084,512971.14,13073.10
1516,49676288,102.662148,train,1.75332355,0.00095317948384,0.26070258,516252.07,13073.10
1517,49709056,102.719759,train,1.69655144,0.00095311450324,0.26658386,519071.52,13073.10
1518,49741824,102.777446,train,1.77836728,0.000953049480056,0.26560014,521569.33,13073.10
1519,49774592,102.834772,train,1.73126698,0.000952984414297,0.26961592,523983.52,13073.10
1520,49807360,102.891575,train,1.75329232,0.000952919305969,0.26669446,526396.48,13073.10
1521,49840128,102.948719,train,1.80663252,0.000952854155078,0.27947685,528460.35,13073.10
1522,49872896,103.005898,train,1.75178528,0.000952788961632,0.28153723,530337.13,13073.10
1523,49905664,103.063282,train,1.73233449,0.000952723725637,0.26458952,531985.46,13073.10
1524,49938432,103.119772,train,1.70166373,0.000952658447101,0.28070861,533829.09,13073.10
1525,49971200,103.176545,train,1.73269820,0.000952593126031,0.25478864,535437.55,13073.10
1526,50003968,103.233288,train,1.74698710,0.000952527762432,0.27071023,536941.34,13073.10
1527,50036736,103.290053,train,1.71159315,0.000952462356313,0.27669793,538333.65,13073.10
1528,50069504,103.346841,train,1.69308162,0.00095239690768,0.26957679,539625.87,13073.10
1529,50102272,103.403924,train,1.79305100,0.000952331416539,0.28583825,540743.98,13073.10
1530,50135040,103.461240,train,1.73590660,0.000952265882899,0.27214432,541721.87,13073.10
1531,50167808,103.518386,train,1.74443388,0.000952200306765,0.27654505,542689.28,13073.10
1532,50200576,103.575069,train,1.77131653,0.000952134688146,0.27731109,543729.58,13073.10
1533,50233344,103.632408,train,1.69110489,0.000952069027046,0.27548468,544530.99,13073.10
1534,50266112,103.689494,train,1.76934195,0.000952003323475,0.26898414,545354.73,13073.10
1535,50298880,103.746765,train,1.69763565,0.000951937577438,0.27755159,546085.54,13073.10
1536,50331648,103.804431,train,1.78871584,0.000951871788942,0.26335326,546677.73,13073.10
1537,50364416,103.861552,train,1.75258982,0.000951805957995,0.26384711,547373.42,13073.10
1538,50397184,103.918946,train,1.75690389,0.000951740084603,0.26960868,547968.40,13073.10
1539,50429952,103.976299,train,1.78152299,0.000951674168774,0.27464959,548543.89,13073.10
1540,50462720,104.033268,train,1.72126687,0.000951608210514,0.26818815,549179.96,13073.10
1541,50495488,104.092187,train,1.75826788,0.00095154220983,0.27831623,549347.76,13073.10
1542,50528256,104.150457,train,1.79251266,0.00095147616673,0.28468958,549650.52,13073.10
1543,50561024,104.207910,train,1.68134916,0.000951410081219,0.28295106,550114.52,13073.10
1544,50593792,104.265037,train,1.72094917,0.000951343953306,0.27339116,550626.78,13073.10
1545,50626560,104.322458,train,1.77563357,0.000951277782997,0.28077024,551056.83,13073.10
1546,50659328,104.379782,train,1.73479557,0.000951211570299,0.26634622,551488.24,13073.10
1547,50692096,104.437245,train,1.76998174,0.00095114531522,0.27998281,551874.46,13073.10
1548,50724864,104.494391,train,1.77882528,0.000951079017766,0.27187949,552306.69,13073.10
1549,50757632,104.551525,train,1.73836112,0.000951012677943,0.28962526,552724.15,13073.10
1550,50790400,104.609220,train,1.74881005,0.00095094629576,0.27274153,553020.46,13073.10
1551,50823168,104.666215,train,1.80063605,0.000950879871224,0.26769733,553434.15,13073.10
1552,50855936,104.723280,train,1.76257944,0.00095081340434,0.27669939,553819.57,13073.10
1553,50888704,104.780768,train,1.76260352,0.000950746895117,0.26559383,554116.36,13073.10
1554,50921472,104.838329,train,1.73439598,0.000950680343561,0.27614138,554389.53,13073.10
1555,50954240,104.895742,train,1.74944437,0.000950613749679,0.28358838,554678.67,13073.10
1556,50987008,104.952967,train,1.76995826,0.000950547113478,0.26332971,554989.22,13073.10
1557,51019776,105.010575,train,1.74992299,0.000950480434966,0.27355245,555225.83,13073.10
1558,51052544,105.068092,train,1.80953550,0.00095041371415,0.27572441,555469.10,13073.10
1559,51085312,105.126243,train,1.73875546,0.000950346951036,0.26035136,555603.41,13073.10
1560,51118080,105.183755,train,1.72244358,0.000950280145631,0.28682089,555833.59,13073.10
1561,51150848,105.241475,train,1.73346353,0.000950213297943,0.25927743,556024.26,13073.10
1562,51183616,105.298509,train,1.71067309,0.000950146407978,0.29374403,556313.26,13073.10
1563,51216384,105.355752,train,1.73504353,0.000950079475744,0.26460972,556562.28,13073.10
1564,51249152,105.412530,train,1.75035429,0.000950012501248,0.28840375,556872.22,13073.10
1565,51281920,105.470346,train,1.71425819,0.000949945484497,0.26328292,557021.76,13073.10
1566,51314688,105.528717,train,1.74178290,0.000949878425498,0.28664255,557087.24,13073.10
1567,51347456,105.586297,train,1.77360845,0.000949811324258,0.27842790,557262.56,13073.10
1568,51380224,105.643551,train,1.75084710,0.000949744180784,0.27872238,557478.36,13073.10
1569,51412992,105.701550,train,1.67427361,0.000949676995083,0.25573644,557585.57,13073.10
1570,51445760,105.758838,train,1.72488689,0.000949609767162,0.28552005,557786.17,13073.10
1571,51478528,105.816346,train,1.68063641,0.000949542497029,0.25093147,557951.88,13073.10
1572,51511296,105.874139,train,1.73517025,0.00094947518469,0.27515084,558075.48,13073.10
1573,51544064,105.931580,train,1.74038053,0.000949407830153,0.25793076,558241.53,13073.10
1574,51576832,105.989068,train,1.80426598,0.000949340433424,0.26240304,558397.19,13073.10
1575,51609600,106.047311,train,1.74920678,0.000949272994512,0.27329838,558452.90,13073.10
1576,51642368,106.103968,train,1.70218790,0.000949205513422,0.28140274,558705.97,13073.10
1577,51675136,106.161996,train,1.77110028,0.000949137990162,0.27138519,558782.81,13073.10
1578,51707904,106.219229,train,1.73878372,0.00094907042474,0.28265345,558954.92,13073.10
1579,51740672,106.276480,train,1.70934486,0.000949002817162,0.25377995,559120.69,13073.10
1580,51773440,106.333777,train,1.75187278,0.000948935167435,0.26667535,559276.88,13073.10
1581,51806208,106.391159,train,1.72267854,0.000948867475567,0.26907194,559419.32,13073.10
1582,51838976,106.448579,train,1.69395304,0.000948799741565,0.26140428,559553.90,13073.10
1583,51871744,106.505439,train,1.79595566,0.000948731965436,0.27527136,559749.71,13073.10
1584,51904512,106.562293,train,1.76288617,0.000948664147187,0.26225653,559941.73,13073.10
1585,51937280,106.619708,train,1.76757884,0.000948596286825,0.27520096,560066.27,13073.10
1586,51970048,106.676694,train,1.77689695,0.000948528384358,0.27119523,560235.62,13073.10
1587,52002816,106.733860,train,1.76392460,0.000948460439793,0.28453135,560381.40,13073.10
1588,52035584,106.790483,train,1.80889130,0.000948392453136,0.29823703,560583.10,13073.10
1589,52068352,106.847397,train,1.79293787,0.000948324424395,0.26502424,560748.97,13073.10
1590,52101120,106.904451,train,1.78450799,0.000948256353577,0.26979193,560896.44,13073.10
1591,52133888,106.961482,train,1.68115890,0.00094818824069,0.28338751,561043.04,13073.10
1592,52166656,107.019358,train,1.67429709,0.00094812008574,0.25577465,561098.36,13073.10
1593,52199424,107.076564,train,1.74264574,0.000948051888735,0.26765925,561221.76,13073.10
1594,52232192,107.134176,train,1.72681832,0.000947983649681,0.26121995,561300.99,13073.10
1595,52264960,107.193062,train,1.67855608,0.000947915368587,0.26860544,561249.67,13073.10
1596,52297728,107.251210,train,1.73189366,0.00094784704546,0.26520100,561273.31,13073.10
1597,52330496,107.308341,train,1.74885654,0.000947778680306,0.27180687,561397.22,13073.10
1598,52363264,107.366308,train,1.78501701,0.000947710273133,0.27145901,561436.68,13073.10
1599,52396032,107.423165,train,1.69510603,0.000947641823947,0.26189151,561583.20,13073.10
1600,52428800,107.480652,train,1.70269513,0.000947573332758,0.26960737,561666.09,13073.10
1600,52428800,107.817858,valid,1.72811853,0.000947573332758,,561666.09,13073.10
1601,52461568,107.967577,train,1.79633307,0.00094750479957,0.26762497,221169.28,13073.10
1602,52494336,108.024927,train,1.66963887,0.000947436224392,0.26315647,318896.50,13073.10
1603,52527104,108.082986,train,1.71349394,0.000947367607232,0.25150248,372975.18,13073.10
1604,52559872,108.140690,train,1.71216393,0.000947298948095,0.26191756,407979.54,13073.10
1605,52592640,108.197799,train,1.70797169,0.00094723024699,0.27553633,433004.35,13073.10
1606,52625408,108.255427,train,1.76874328,0.000947161503924,0.26538676,450927.30,13073.10
1607,52658176,108.313265,train,1.73798633,0.000947092718904,0.27821979,464468.49,13073.10
1608,52690944,108.370806,train,1.71268415,0.000947023891937,0.25216785,475426.59,13073.10
1609,52723712,108.428839,train,1.70807087,0.000946955023031,0.29123801,483922.64,13073.10
1610,52756480,108.486497,train,1.67846334,0.000946886112192,0.26776573,491216.34,13073.10
1611,52789248,108.544361,train,1.68279910,0.000946817159429,0.28986102,497209.02,13073.10
1612,52822016,108.602223,train,1.75124407,0.000946748164747,0.26368394,502317.15,13073.10
1613,52854784,108.660630,train,1.75219202,0.000946679128156,0.28850290,506393.73,13073.10
1614,52887552,108.718084,train,1.71071887,0.000946610049662,0.26605237,510481.90,13073.10
1615,52920320,108.775918,train,1.81112254,0.000946540929271,0.28546864,513873.91,13073.10
1616,52953088,108.832544,train,1.73535752,0.000946471766993,0.25920573,517495.81,13073.10
1617,52985856,108.890002,train,1.77123237,0.000946402562833,0.27170628,520329.49,13073.10
1618,53018624,108.947215,train,1.69242597,0.000946333316799,0.27664301,522988.42,13073.10
1619,53051392,109.005129,train,1.71447802,0.000946264028899,0.27413672,525079.44,13073.10
1620,53084160,109.062361,train,1.75317848,0.00094619469914,0.26916143,527265.36,13073.10
1621,53116928,109.119814,train,1.71408033,0.000946125327529,0.26743373,529168.60,13073.10
1622,53149696,109.176756,train,1.74138153,0.000946055914073,0.31901658,531110.67,13073.10
1623,53182464,109.233850,train,1.82024431,0.00094598645878,0.29236573,532838.91,13073.10
1624,53215232,109.290930,train,1.73812342,0.000945916961657,0.28774589,534438.27,13073.10
1625,53248000,109.348514,train,1.74242008,0.000945847422712,0.28039679,535741.36,13073.10
1626,53280768,109.405963,train,1.72545695,0.000945777841952,0.28292295,536995.91,13073.10
1627,53313536,109.462868,train,1.69996977,0.000945708219383,0.27810690,538340.94,13073.10
1628,53346304,109.519981,train,1.74695218,0.000945638555015,0.29599312,539529.75,13073.10
1629,53379072,109.577189,train,1.68376410,0.000945568848853,0.26056924,540612.15,13073.10
1630,53411840,109.634537,train,1.69446468,0.000945499100905,0.27088925,541584.70,13073.10
1631,53444608,109.693128,train,1.74112988,0.000945429311179,0.27433470,542137.42,13073.10
1632,53477376,109.750816,train,1.75106215,0.000945359479682,0.27188683,542910.49,13073.10
1633,53510144,109.808231,train,1.68447483,0.000945289606421,0.27933323,543713.61,13073.10
1634,53542912,109.865258,train,1.73681819,0.000945219691404,0.26302284,544574.42,13073.10
1635,53575680,109.923086,train,1.69276667,0.000945149734638,0.26398972,545181.24,13073.10
1636,53608448,109.980130,train,1.75303221,0.000945079736131,0.27827343,545953.73,13073.10
1637,53641216,110.037749,train,1.73429275,0.00094500969589,0.27464259,546544.36,13073.10
1638,53673984,110.094547,train,1.66482925,0.000944939613922,0.25592670,547302.70,13073.10
1639,53706752,110.152115,train,1.76450956,0.000944869490234,0.28117350,547843.06,13073.10
1640,53739520,110.209701,train,1.72860980,0.000944799324835,0.27115887,548353.53,13073.10
1641,53772288,110.266702,train,1.69305980,0.000944729117731,0.25946105,548971.21,13073.10
1642,53805056,110.323501,train,1.72449267,0.000944658868931,0.26789722,549605.01,13073.10
1643,53837824,110.380873,train,1.73522818,0.00094458857844,0.26376480,550087.50,13073.10
1644,53870592,110.437504,train,1.69771373,0.000944518246268,0.25625214,550704.90,13073.10
1645,53903360,110.495195,train,1.70677161,0.00094444787242,0.26434922,551077.52,13073.10
1646,53936128,110.552532,train,1.68805313,0.000944377456905,0.26666668,551505.86,13073.10
1647,53968896,110.609490,train,1.75680780,0.000944306999731,0.26480180,551991.77,13073.10
1648,54001664,110.666557,train,1.71016216,0.000944236500904,0.27561140,552436.94,13073.10
1649,54034432,110.724260,train,1.68075633,0.000944165960432,0.26586720,552743.41,13073.10
1650,54067200,110.781700,train,1.74702847,0.000944095378322,0.26577899,553087.23,13073.10
1651,54099968,110.839202,train,1.72054517,0.000944024754582,0.25865534,553406.56,13073.10
1652,54132736,110.896950,train,1.73842132,0.00094395408922,0.26966918,553669.75,13073.10
1653,54165504,110.953967,train,1.68377090,0.000943883382242,0.25726759,554052.54,13073.10
1654,54198272,111.011516,train,1.71353078,0.000943812633657,0.26666299,554329.12,13073.10
1655,54231040,111.068004,train,1.75140870,0.000943741843472,0.26246592,554776.94,13073.10
1656,54263808,111.125871,train,1.73361576,0.000943671011693,0.26586616,554977.97,13073.10
1657,54296576,111.182897,train,1.70879078,0.00094360013833,0.25345540,555310.85,13073.10
1658,54329344,111.239882,train,1.70217037,0.000943529223388,0.25966841,555639.43,13073.10
1659,54362112,111.297476,train,1.76504135,0.000943458266877,0.26159176,555859.69,13073.10
1660,54394880,111.355184,train,1.73943329,0.000943387268802,0.25954521,556055.01,13073.10
1661,54427648,111.412658,train,1.75535131,0.000943316229173,0.26997498,556280.28,13073.10
1662,54460416,111.470617,train,1.74558258,0.000943245147995,0.26238617,556424.53,13073.10
1663,54493184,111.527626,train,1.80271935,0.000943174025277,0.27512327,556706.66,13073.10
1664,54525952,111.585161,train,1.81720114,0.000943102861027,0.27101049,556902.76,13073.10
1665,54558720,111.642118,train,1.71703827,0.000943031655251,0.27434477,557176.89,13073.10
1666,54591488,111.699382,train,1.73906708,0.000942960407957,0.27054122,557399.05,13073.10
1667,54624256,111.757491,train,1.75509429,0.000942889119153,0.28079754,557495.19,13073.10
1668,54657024,111.815160,train,1.70058393,0.000942817788847,0.26173472,557649.81,13073.10
1669,54689792,111.872011,train,1.75634503,0.000942746417045,0.26332662,557912.59,13073.10
1670,54722560,111.929520,train,1.73908401,0.000942675003756,0.25943401,558078.63,13073.10
1671,54755328,111.987180,train,1.64897466,0.000942603548987,0.26411533,558220.10,13073.10
1672,54788096,112.044557,train,1.69980526,0.000942532052745,0.26169947,558395.08,13073.10
1673,54820864,112.102195,train,1.75464129,0.000942460515038,0.26792094,558531.24,13073.10
1674,54853632,112.158790,train,1.67120028,0.000942388935874,0.26699975,558798.01,13073.10
1675,54886400,112.216055,train,1.69234228,0.00094231731526,0.27575684,558972.72,13073.10
1676,54919168,112.272311,train,1.68344438,0.000942245653203,0.26233265,559269.74,13073.10
1677,54951936,112.330072,train,1.76731086,0.000942173949712,0.28543574,559372.66,13073.10
1678,54984704,112.386639,train,1.73125279,0.000942102204794,0.26191437,559619.19,13073.10
1679,55017472,112.442932,train,1.71479917,0.000942030418456,0.26926732,559892.86,13073.10
1680,55050240,112.500174,train,1.80951774,0.000941958590707,0.26671490,560046.46,13073.10
1681,55083008,112.557390,train,1.73352468,0.000941886721553,0.27193695,560199.29,13073.10
1682,55115776,112.614661,train,1.70534313,0.000941814811002,0.26621354,560342.08,13073.10
1683,55148544,112.671726,train,1.74260426,0.000941742859062,0.27980840,560505.38,13073.10
1684,55181312,112.729070,train,1.67701328,0.00094167086574,0.27005428,560632.94,13073.10
1685,55214080,112.787002,train,1.75020766,0.000941598831044,0.27361059,560691.23,13073.10
1686,55246848,112.843955,train,1.72901392,0.000941526754982,0.28491014,560857.41,13073.10
1687,55279616,112.901416,train,1.73070776,0.000941454637561,0.25360382,560963.62,13073.10
1688,55312384,112.958981,train,1.72320616,0.000941382478789,0.26659974,561056.34,13073.10
1689,55345152,113.016054,train,1.77556622,0.000941310278674,0.28501493,561200.11,13073.10
1690,55377920,113.073550,train,1.73988724,0.000941238037222,0.26271045,561295.51,13073.10
1691,55410688,113.130979,train,1.68379331,0.000941165754443,0.25762501,561395.88,13073.10
1692,55443456,113.189599,train,1.69331801,0.000941093430342,0.28178805,561369.59,13073.10
1693,55476224,113.247826,train,1.71334445,0.000941021064929,0.25994968,561384.53,13073.10
1694,55508992,113.304878,train,1.66781831,0.00094094865821,0.26723191,561519.42,13073.10
1695,55541760,113.362086,train,1.70720887,0.000940876210194,0.26728991,561635.73,13073.10
1696,55574528,113.419041,train,1.69682741,0.000940803720888,0.26586515,561775.07,13073.10
1697,55607296,113.475816,train,1.69595397,0.000940731190299,0.25140417,561929.40,13073.10
1698,55640064,113.532495,train,1.77850914,0.000940658618435,0.26976153,562090.17,13073.10
1699,55672832,113.589877,train,1.72994959,0.000940586005305,0.26615638,562179.24,13073.10
1700,55705600,113.646586,train,1.73033547,0.000940513350915,0.26229513,562331.53,13073.10
1700,55705600,113.983657,valid,1.71671365,0.000940513350915,,562331.53,13073.10
1701,55738368,114.127645,train,1.72340810,0.000940440655273,0.26384041,229727.96,13073.10
1702,55771136,114.185526,train,1.77563167,0.000940367918387,0.26747963,326831.20,13073.10
1703,55803904,114.243659,train,1.71554387,0.000940295140265,0.25646365,380061.23,13073.10
1704,55836672,114.301029,train,1.73284888,0.000940222320914,0.27251145,414755.01,13073.10
1705,55869440,114.357961,train,1.71978581,0.000940149460343,0.26153886,439302.75,13073.10
1706,55902208,114.415173,train,1.75814486,0.000940076558558,0.25628108,457050.61,13073.10
1707,55934976,114.472282,train,1.70457172,0.000940003615567,0.25090662,470731.30,13073.10
1708,55967744,114.530245,train,1.69511700,0.000939930631379,0.25858524,480787.84,13073.10
1709,56000512,114.586908,train,1.75765848,0.000939857606,0.25996524,489966.86,13073.10
1710,56033280,114.644347,train,1.72198486,0.000939784539439,0.26913542,496981.39,13073.10
1711,56066048,114.702135,train,1.70726025,0.000939711431703,0.25929087,502626.78,13073.10
1712,56098816,114.759529,train,1.66939425,0.0009396382828,0.26416254,507688.25,13073.10
1713,56131584,114.816438,train,1.69789910,0.000939565092738,0.26501662,512350.22,13073.10
1714,56164352,114.874335,train,1.71328473,0.000939491861524,0.28039300,515840.16,13073.10
1715,56197120,114.932395,train,1.70507526,0.000939418589167,0.25455520,518815.30,13073.10
1716,56229888,114.989388,train,1.67181373,0.000939345275673,0.28235760,522000.99,13073.10
1717,56262656,115.046271,train,1.67165911,0.000939271921051,0.25350296,524898.21,13073.10
1718,56295424,115.103643,train,1.72327447,0.000939198525309,0.28151867,527270.03,13073.10
1719,56328192,115.161627,train,1.73262107,0.000939125088454,0.25630739,529135.76,13073.10
1720,56360960,115.218963,train,1.71932459,0.000939051610493,0.25683910,531104.61,13073.10
1721,56393728,115.277633,train,1.71853614,0.000938978091436,0.26016009,532348.54,13073.10
1722,56426496,115.335049,train,1.74393141,0.000938904531289,0.26184252,533980.26,13073.10
1723,56459264,115.392650,train,1.74063158,0.00093883093006,0.28215739,535408.44,13073.10
1724,56492032,115.449817,train,1.76327968,0.000938757287757,0.28221193,536883.13,13073.10
1725,56524800,115.507296,train,1.72208881,0.000938683604387,0.25839475,538136.55,13073.10
1726,56557568,115.564699,train,1.74584818,0.00093860987996,0.26091203,539325.13,13073.10
1727,56590336,115.621779,train,1.68702638,0.000938536114481,0.26084882,540536.82,13073.10
1728,56623104,115.679621,train,1.72051096,0.00093846230796,0.26694471,541423.56,13073.10
1729,56655872,115.737267,train,1.74886703,0.000938388460404,0.26535252,542312.16,13073.10
1730,56688640,115.794246,train,1.72474933,0.000938314571821,0.27050841,543344.45,13073.10
1731,56721408,115.851496,train,1.69938767,0.000938240642218,0.26404986,544234.50,13073.10
1732,56754176,115.908745,train,1.71253014,0.000938166671603,0.26062283,545071.91,13073.10
1733,56786944,115.965862,train,1.74858463,0.000938092659985,0.27575064,545897.50,13073.10
1734,56819712,116.022892,train,1.72483003,0.000938018607371,0.25272599,546700.09,13073.10
1735,56852480,116.080145,train,1.73735476,0.000937944513768,0.25896367,547400.46,13073.10
1736,56885248,116.136884,train,1.77523065,0.000937870379185,0.26417390,548194.70,13073.10
1737,56918016,116.193780,train,1.72359109,0.00093779620363,0.26628056,548909.15,13073.10
1738,56950784,116.251281,train,1.69166112,0.000937721987109,0.26615673,549441.06,13073.10
1739,56983552,116.309017,train,1.68532526,0.000937647729632,0.28100988,549890.87,13073.10
1740,57016320,116.366292,train,1.71010971,0.000937573431206,0.25314847,550425.37,13073.10
1741,57049088,116.423371,train,1.77657008,0.000937499091839,0.29473433,550979.09,13073.10
1742,57081856,116.480333,train,1.74721086,0.000937424711539,0.26877722,551533.50,13073.10
1743,57114624,116.537440,train,1.67280483,0.000937350290313,0.29931650,552031.62,13073.10
1744,57147392,116.594552,train,1.72728741,0.000937275828169,0.27125007,552506.91,13073.10
1745,57180160,116.652147,train,1.73651624,0.000937201325116,0.27047235,552861.75,13073.10
1746,57212928,116.708851,train,1.73076725,0.000937126781161,0.26794964,553382.56,13073.10
1747,57245696,116.766379,train,1.75974107,0.000937052196312,0.25264791,553717.94,13073.10
1748,57278464,116.823445,train,1.65327096,0.000936977570577,0.26145741,554130.03,13073.10
1749,57311232,116.880679,train,1.76560628,0.000936902903963,0.25781611,554493.53,13073.10
1750,57344000,116.937805,train,1.71504951,0.00093682819648,0.26161203,554863.56,13073.10
1751,57376768,116.995060,train,1.71969652,0.000936753448133,0.26006192,555195.43,13073.10
1752,57409536,117.052528,train,1.70137322,0.000936678658933,0.27057654,555476.52,13073.10
1753,57442304,117.110003,train,1.70884097,0.000936603828885,0.26496786,555745.86,13073.10
1754,57475072,117.166867,train,1.66406989,0.000936528957999,0.27788457,556112.41,13073.10
1755,57507840,117.223646,train,1.69204903,0.000936454046282,0.25583297,556480.49,13073.10
1756,57540608,117.281249,train,1.69365597,0.000936379093743,0.26709920,556696.81,13073.10
1757,57573376,117.339243,train,1.68454647,0.000936304100388,0.27395487,556840.86,13073.10
1758,57606144,117.396525,train,1.67844307,0.000936229066226,0.25324437,557096.17,13073.10
1759,57638912,117.454036,train,1.69969583,0.000936153991265,0.26676726,557306.33,13073.10
1760,57671680,117.511214,train,1.76602530,0.000936078875513,0.27584875,557562.12,13073.10
1761,57704448,117.568386,train,1.80459523,0.000936003718977,0.27021006,557810.81,13073.10
1762,57737216,117.625976,train,1.67567945,0.000935928521666,0.27278382,557987.65,13073.10
1763,57769984,117.683141,train,1.71212184,0.000935853283588,0.25699368,558223.11,13073.10
1764,57802752,117.740687,train,1.74407709,0.00093577800475,0.28036681,558394.65,13073.10
1765,57835520,117.797905,train,1.73000407,0.000935702685161,0.26793638,558609.14,13073.10
1766,57868288,117.855083,train,1.80822015,0.000935627324828,0.28335434,558823.01,13073.10
1767,57901056,117.911974,train,1.72666860,0.00093555192376,0.26431242,559071.51,13073.10
1768,57933824,117.968769,train,1.70319414,0.000935476481964,0.28538460,559326.60,13073.10
1769,57966592,118.026123,train,1.71865559,0.000935400999448,0.26177424,559496.92,13073.10
1770,57999360,118.083617,train,1.74361634,0.000935325476221,0.30446157,559643.22,13073.10
1771,58032128,118.140442,train,1.61500549,0.000935249912289,0.26967344,559875.85,13073.10
1772,58064896,118.197584,train,1.67824411,0.000935174307663,0.26875597,560060.05,13073.10
1773,58097664,118.254573,train,1.68390489,0.000935098662348,0.27452981,560259.20,13073.10
1774,58130432,118.311150,train,1.75932193,0.000935022976354,0.26445404,560506.65,13073.10
1775,58163200,118.369122,train,1.73652768,0.000934947249688,0.27235731,560569.09,13073.10
1776,58195968,118.425888,train,1.74364388,0.000934871482358,0.26628298,560782.30,13073.10
1777,58228736,118.483393,train,1.71967983,0.000934795674373,0.26395151,560897.90,13073.10
1778,58261504,118.540911,train,1.76748109,0.00093471982574,0.27100214,561009.15,13073.10
1779,58294272,118.598441,train,1.72352827,0.000934643936467,0.26822382,561116.09,13073.10
1780,58327040,118.656283,train,1.69284916,0.000934568006562,0.26751864,561182.78,13073.10
1781,58359808,118.713948,train,1.72217691,0.000934492036034,0.26813400,561268.77,13073.10
1782,58392576,118.771311,train,1.68007302,0.00093441602489,0.26779336,561388.45,13073.10
1783,58425344,118.829585,train,1.72347295,0.000934339973138,0.25657851,561399.53,13073.10
1784,58458112,118.887879,train,1.68301487,0.000934263880787,0.25432050,561408.02,13073.10
1785,58490880,118.945252,train,1.74947727,0.000934187747844,0.25924033,561520.52,13073.10
1786,58523648,119.002257,train,1.75793993,0.000934111574318,0.27125818,561671.74,13073.10
1787,58556416,119.059195,train,1.70653164,0.000934035360216,0.26166484,561826.96,13073.10
1788,58589184,119.116808,train,1.67419875,0.000933959105547,0.26896405,561904.85,13073.10
1789,58621952,119.174045,train,1.69277847,0.000933882810319,0.26866961,562021.66,13073.10
1790,58654720,119.231460,train,1.69054103,0.000933806474539,0.27128199,562116.84,13073.10
1791,58687488,119.288457,train,1.74893308,0.000933730098216,0.26772711,562254.39,13073.10
1792,58720256,119.345927,train,1.73012209,0.000933653681357,0.26602271,562339.22,13073.10
1793,58753024,119.403946,train,1.70415163,0.000933577223972,0.25847721,562365.39,13073.10
1794,58785792,119.461241,train,1.74536681,0.000933500726068,0.26238298,562465.30,13073.10
1795,58818560,119.518505,train,1.65005875,0.000933424187652,0.25800145,562566.34,13073.10
1796,58851328,119.576458,train,1.74585092,0.000933347608734,0.28355643,562595.97,13073.10
1797,58884096,119.633742,train,1.73066235,0.000933270989321,0.27430183,562691.53,13073.10
1798,58916864,119.691040,train,1.67713344,0.000933194329422,0.27782050,562783.89,13073.10
1799,58949632,119.748714,train,1.63580668,0.000933117629044,0.26150289,562837.73,13073.10
1800,58982400,119.805972,train,1.70905733,0.000933040888195,0.29649055,562930.71,13073.10
1800,58982400,120.143208,valid,1.70412127,0.000933040888195,,562930.71,13073.10
1801,59015168,120.299227,train,1.70452964,0.000932964106884,0.25289837,211808.87,13073.10
1802,59047936,120.356909,train,1.69546914,0.000932887285119,0.28461665,308568.28,13073.10
1803,59080704,120.415532,train,1.73105907,0.000932810422907,0.26172608,362731.98,13073.10
1804,59113472,120.473292,train,1.72421730,0.000932733520258,0.29575998,398673.87,13073.10
1805,59146240,120.530729,train,1.69727182,0.000932656577178,0.25886115,424227.73,13073.10
1806,59179008,120.587741,train,1.70001364,0.000932579593677,0.27264687,443590.88,13073.10
1807,59211776,120.644965,train,1.66986537,0.000932502569762,0.25839934,458345.99,13073.10
1808,59244544,120.702588,train,1.70381045,0.000932425505442,0.26634514,469736.88,13073.10
1809,59277312,120.760279,train,1.65976238,0.000932348400725,0.25192603,478941.88,13073.10
1810,59310080,120.817671,train,1.76426482,0.000932271255618,0.26436600,486787.09,13073.10
1811,59342848,120.875783,train,1.73437810,0.00093219407013,0.24882802,492912.79,13073.10
1812,59375616,120.933043,train,1.71532810,0.000932116844269,0.27111292,498674.44,13073.10
1813,59408384,120.991461,train,1.74227083,0.000932039578043,0.26196578,502968.95,13073.10
1814,59441152,121.048535,train,1.70195889,0.000931962271461,0.25728753,507461.38,13073.10
1815,59473920,121.105920,train,1.71765232,0.000931884924531,0.26040363,511255.48,13073.10
1816,59506688,121.163272,train,1.67497754,0.00093180753726,0.26495889,514638.49,13073.10
1817,59539456,121.220456,train,1.70329630,0.000931730109657,0.25574899,517741.67,13073.10
1818,59572224,121.277838,train,1.68713582,0.00093165264173,0.25966084,520440.78,13073.10
1819,59604992,121.334656,train,1.66883874,0.000931575133487,0.27814582,523127.49,13073.10
1820,59637760,121.391705,train,1.69825613,0.000931497584937,0.25980869,525472.17,13073.10
1821,59670528,121.448301,train,1.70241594,0.000931419996088,0.27334377,527794.68,13073.10
1822,59703296,121.505739,train,1.70870280,0.000931342366947,0.26698118,529596.54,13073.10
1823,59736064,121.560638,train,1.75412273,0.000931264697524,0.27910694,532205.05,13073.10
1824,59768832,121.617553,train,1.68479156,0.000931186987825,0.27890348,533886.84,13073.10
1825,59801600,121.674710,train,1.69975483,0.000931109237861,0.26232877,535359.15,13073.10
1826,59834368,121.731317,train,1.67549288,0.000931031447638,0.27931321,536911.14,13073.10
1827,59867136,121.788957,train,1.69007421,0.000930953617164,0.27251151,538018.20,13073.10
1828,59899904,121.845958,train,1.69934392,0.000930875746449,0.26724911,539252.65,13073.10
1829,59932672,121.904027,train,1.71652293,0.0009307978355,0.25880644,540078.94,13073.10
1830,59965440,121.961662,train,1.64282942,0.000930719884326,0.27420199,540981.94,13073.10
1831,59998208,122.018515,train,1.69218194,0.000930641892935,0.25820947,542055.51,13073.10
1832,60030976,122.075603,train,1.71776557,0.000930563861335,0.29447258,542999.52,13073.10
1833,60063744,122.133252,train,1.72778237,0.000930485789533,0.26253289,543735.67,13073.10
1834,60096512,122.190478,train,1.71146953,0.00093040767754,0.27503675,544543.59,13073.10
1835,60129280,122.248413,train,1.65985060,0.000930329525362,0.25346828,545123.30,13073.10
1836,60162048,122.304851,train,1.70944214,0.000930251333009,0.26497921,546050.17,13073.10
1837,60194816,122.362201,train,1.68393695,0.000930173100487,0.29042897,546704.93,13073.10
1838,60227584,122.419155,train,1.70475864,0.000930094827806,0.25971803,547421.74,13073.10
1839,60260352,122.475761,train,1.69480836,0.000930016514974,0.27246401,548185.78,13073.10
1840,60293120,122.533509,train,1.71809018,0.000929938162,0.26512378,548650.99,13073.10
1841,60325888,122.590924,train,1.78896284,0.00092985976889,0.28643340,549168.92,13073.10
1842,60358656,122.647934,train,1.70340538,0.000929781335654,0.25800657,549752.06,13073.10
1843,60391424,122.704828,train,1.73340154,0.000929702862301,0.29037991,550334.26,13073.10
1844,60424192,122.762234,train,1.72035325,0.000929624348837,0.25686839,550783.27,13073.10
1845,60456960,122.819722,train,1.65629506,0.000929545795272,0.26739597,551196.02,13073.10
1846,60489728,122.877119,train,1.68788338,0.000929467201614,0.25105631,551610.05,13073.10
1847,60522496,122.934681,train,1.68615949,0.000929388567871,0.25977454,551974.11,13073.10
1848,60555264,122.991833,train,1.71319604,0.000929309894051,0.26857308,552403.21,13073.10
1849,60588032,123.049233,train,1.69419479,0.000929231180163,0.25896746,552768.21,13073.10
1850,60620800,123.106152,train,1.66709971,0.000929152426215,0.26165661,553208.83,13073.10
1851,60653568,123.162932,train,1.73326993,0.000929073632216,0.26549956,553658.26,13073.10
1852,60686336,123.220114,train,1.71259749,0.000928994798173,0.26035914,554018.78,13073.10
1853,60719104,123.277949,train,1.77687895,0.000928915924095,0.27591845,554250.72,13073.10
1854,60751872,123.334961,train,1.70286202,0.000928837009991,0.26121536,554616.99,13073.10
1855,60784640,123.391468,train,1.66053271,0.000928758055869,0.26534814,555056.98,13073.10
1856,60817408,123.448845,train,1.67111230,0.000928679061736,0.26338285,555335.60,13073.10
1857,60850176,123.505920,train,1.69662082,0.000928600027602,0.26478228,555654.47,13073.10
1858,60882944,123.563467,train,1.71202898,0.000928520953474,0.26672918,555886.09,13073.10
1859,60915712,123.621140,train,1.67131162,0.000928441839362,0.26745763,556089.77,13073.10
1860,60948480,123.678254,train,1.65173173,0.000928362685273,0.25528473,556374.90,13073.10
1861,60981248,123.735024,train,1.64517522,0.000928283491216,0.25483564,556704.37,13073.10
1862,61014016,123.792392,train,1.72868729,0.000928204257199,0.26826242,556932.11,13073.10
1863,61046784,123.849663,train,1.74419355,0.000928124983231,0.27119538,557167.43,13073.10
1864,61079552,123.906780,train,1.70672035,0.00092804566932,0.25860313,557418.44,13073.10
1865,61112320,123.964704,train,1.66306615,0.000927966315473,0.27639219,557544.07,13073.10
1866,61145088,124.021620,train,1.71014369,0.000927886921701,0.27803928,557811.04,13073.10
1867,61177856,124.078719,train,1.72862267,0.000927807488011,0.26582259,558044.28,13073.10
1868,61210624,124.135505,train,1.72978020,0.000927728014411,0.26480889,558314.58,13073.10
1869,61243392,124.193038,train,1.76185441,0.00092764850091,0.26463878,558474.28,13073.10
1870,61276160,124.249867,train,1.67445707,0.000927568947516,0.25606760,558725.26,13073.10
1871,61308928,124.306927,train,1.69240689,0.000927489354238,0.26139468,558938.35,13073.10
1872,61341696,124.364169,train,1.68479085,0.000927409721084,0.26368859,559121.62,13073.10
1873,61374464,124.421360,train,1.73660934,0.000927330048062,0.26585719,559306.61,13073.10
1874,61407232,124.478472,train,1.69152749,0.000927250335181,0.25983182,559496.97,13073.10
1875,61440000,124.535324,train,1.69879127,0.00092717058245,0.25906643,559715.45,13073.10
1876,61472768,124.592429,train,1.69957745,0.000927090789876,0.25878134,559896.58,13073.10
1877,61505536,124.650215,train,1.74472880,0.000927010957469,0.26461297,559988.48,13073.10
1878,61538304,124.707525,train,1.66798878,0.000926931085236,0.25743654,560136.39,13073.10
1879,61571072,124.764052,train,1.70193005,0.000926851173186,0.25394139,560375.53,13073.10
1880,61603840,124.821073,train,1.71519947,0.000926771221328,0.25856653,560549.86,13073.10
1881,61636608,124.878096,train,1.68896842,0.000926691229669,0.26065227,560719.67,13073.10
1882,61669376,124.934798,train,1.72808814,0.000926611198219,0.27048776,560923.03,13073.10
1883,61702144,124.992198,train,1.71582294,0.000926531126986,0.25356525,561040.73,13073.10
1884,61734912,125.049938,train,1.73286271,0.000926451015978,0.26605007,561116.92,13073.10
1885,61767680,125.107759,train,1.72042465,0.000926370865204,0.25403249,561182.09,13073.10
1886,61800448,125.164648,train,1.71004796,0.000926290674672,0.25677258,561350.03,13073.10
1887,61833216,125.221750,train,1.67269921,0.000926210444391,0.25796017,561490.69,13073.10
1888,61865984,125.278544,train,1.70349777,0.000926130174369,0.25820702,561661.73,13073.10
1889,61898752,125.335313,train,1.69082618,0.000926049864614,0.26234993,561831.93,13073.10
1890,61931520,125.392563,train,1.66243911,0.000925969515136,0.26042688,561946.79,13073.10
1891,61964288,125.449713,train,1.71762455,0.000925889125942,0.27089438,562069.82,13073.10
1892,61997056,125.507154,train,1.70976686,0.000925808697041,0.25247476,562159.72,13073.10
1893,62029824,125.563946,train,1.78639627,0.000925728228442,0.27925506,562315.04,13073.10
1894,62062592,125.621068,train,1.69478416,0.000925647720153,0.25800946,562433.30,13073.10
1895,62095360,125.678061,train,1.71043563,0.000925567172183,0.25929293,562562.18,13073.10
1896,62128128,125.735765,train,1.68486047,0.00092548658454,0.26518840,562616.88,13073.10
1897,62160896,125.792968,train,1.73004365,0.000925405957232,0.25842175,562720.46,13073.10
1898,62193664,125.850531,train,1.68023872,0.000925325290269,0.25817499,562786.31,13073.10
1899,62226432,125.907968,train,1.66464305,0.000925244583658,0.24964024,562863.21,13073.10
1900,62259200,125.965279,train,1.74173713,0.000925163837409,0.26423934,562950.80,13073.10
1900,62259200,126.302746,valid,1.69209692,0.000925163837409,,562950.80,13073.10
1901,62291968,126.457190,train,1.72038579,0.000925083051529,0.27597019,213669.24,13073.10
1902,62324736,126.514358,train,1.68134952,0.000925002226027,0.25199604,311295.26,13073.10
1903,62357504,126.571342,train,1.67847085,0.000924921360912,0.26162794,367477.89,13073.10
1904,62390272,126.628285,train,1.70365047,0.000924840456193,0.24794619,403977.81,13073.10
1905,62423040,126.685607,train,1.67670047,0.000924759511877,0.26026341,429152.64,13073.10
1906,62455808,126.742783,train,1.66696286,0.000924678527974,0.25828597,447903.63,13073.10
1907,62488576,126.800701,train,1.66021800,0.000924597504492,0.25783938,461641.85,13073.10
1908,62521344,126.857605,train,1.68878126,0.000924516441439,0.29895830,473376.86,13073.10
1909,62554112,126.914850,train,1.69938421,0.000924435338825,0.35130042,482656.03,13073.10
1910,62586880,126.971820,train,1.63680983,0.000924354196657,0.28852555,490547.19,13073.10
1911,62619648,127.029248,train,1.73550022,0.000924273014944,0.26600850,496884.39,13073.10
1912,62652416,127.086082,train,1.76682651,0.000924191793696,0.26604655,502672.34,13073.10
1913,62685184,127.143866,train,1.68984199,0.000924110532919,0.28318572,507102.82,13073.10
1914,62717952,127.201404,train,1.65488315,0.000924029232624,0.26324543,511103.19,13073.10
1915,62750720,127.258569,train,1.72922683,0.000923947892818,0.28210086,514822.19,13073.10
1916,62783488,127.315681,train,1.69352901,0.00092386651351,0.26280519,518148.04,13073.10
1917,62816256,127.372727,train,1.69144773,0.00092378509471,0.27292216,521151.11,13073.10
1918,62849024,127.430781,train,1.68714142,0.000923703636424,0.26568899,523380.75,13073.10
1919,62881792,127.488324,train,1.67603505,0.000923622138662,0.26468650,525619.17,13073.10
1920,62914560,127.546014,train,1.71155524,0.000923540601433,0.28035587,527587.59,13073.10
1921,62947328,127.603516,train,1.69123542,0.000923459024746,0.25594211,529457.59,13073.10
1922,62980096,127.661543,train,1.69317532,0.000923377408608,0.28563052,530964.19,13073.10
1923,63012864,127.718410,train,1.70618129,0.000923295753028,0.25548691,532783.53,13073.10
1924,63045632,127.775897,train,1.70705009,0.000923214058016,0.27489752,534237.30,13073.10
1925,63078400,127.833370,train,1.65701079,0.000923132323579,0.25669557,535586.39,13073.10
1926,63111168,127.890222,train,1.68587804,0.000923050549726,0.27072272,537048.05,13073.10
1927,63143936,127.947244,train,1.70036423,0.000922968736467,0.26365653,538352.98,13073.10
1928,63176704,128.004742,train,1.73389816,0.000922886883809,0.25894910,539419.37,13073.10
1929,63209472,128.062432,train,1.74887228,0.000922804991761,0.26807299,540356.81,13073.10
1930,63242240,128.119429,train,1.70075798,0.000922723060333,0.26955804,541441.76,13073.10
1931,63275008,128.176463,train,1.72514963,0.000922641089531,0.26748782,542449.37,13073.10
1932,63307776,128.233159,train,1.69550920,0.000922559079366,0.25428835,543492.96,13073.10
1933,63340544,128.290318,train,1.68991852,0.000922477029846,0.26338291,544350.15,13073.10
1934,63373312,128.347762,train,1.69514918,0.00092239494098,0.24957308,545083.10,13073.10
1935,63406080,128.405020,train,1.67639160,0.000922312812775,0.25971216,545824.39,13073.10
1936,63438848,128.462119,train,1.70176017,0.000922230645242,0.26190686,546566.69,13073.10
1937,63471616,128.520158,train,1.68018079,0.000922148438388,0.24613111,547038.58,13073.10
1938,63504384,128.577877,train,1.71732652,0.000922066192222,0.26299688,547563.26,13073.10
1939,63537152,128.634386,train,1.65433192,0.000921983906753,0.25783315,548346.88,13073.10
1940,63569920,128.691947,train,1.75767648,0.00092190158199,0.26683968,548851.26,13073.10
1941,63602688,128.748405,train,1.68327808,0.000921819217941,0.27301642,549579.79,13073.10
1942,63635456,128.805697,train,1.68067884,0.000921736814616,0.24719205,550091.88,13073.10
1943,63668224,128.862697,train,1.65214729,0.000921654372022,0.27154413,550644.03,13073.10
1944,63700992,128.919934,train,1.69400990,0.000921571890168,0.26412842,551122.07,13073.10
1945,63733760,128.977667,train,1.67313552,0.000921489369064,0.27481017,551477.56,13073.10
1946,63766528,129.034793,train,1.70137644,0.000921406808717,0.25476122,551940.35,13073.10
1947,63799296,129.091667,train,1.70469737,0.000921324209137,0.26593855,552434.35,13073.10
1948,63832064,129.148689,train,1.73944759,0.000921241570332,0.27110213,552879.80,13073.10
1949,63864832,129.206133,train,1.69390416,0.000921158892312,0.27362195,553227.21,13073.10
1950,63897600,129.263606,train,1.71833611,0.000921076175084,0.26222622,553555.63,13073.10
1951,63930368,129.320506,train,1.65950227,0.000920993418658,0.25333339,553976.96,13073.10
1952,63963136,129.378100,train,1.72404730,0.000920910623042,0.27262396,554257.34,13073.10
1953,63995904,129.435522,train,1.66077304,0.000920827788245,0.25582874,554557.91,13073.10
1954,64028672,129.492334,train,1.71101689,0.000920744914275,0.27052402,554953.95,13073.10
1955,64061440,129.550619,train,1.71683860,0.000920662001143,0.25871444,555084.05,13073.10
1956,64094208,129.607728,train,1.64330125,0.000920579048855,0.27303341,555407.16,13073.10
1957,64126976,129.665446,train,1.67377996,0.000920496057422,0.25867492,555618.66,13073.10
1958,64159744,129.722572,train,1.66430688,0.000920413026851,0.25853461,555919.33,13073.10
1959,64192512,129.780026,train,1.69402266,0.000920329957152,0.25090978,556157.55,13073.10
1960,64225280,129.836955,train,1.65416014,0.000920246848333,0.26001227,556470.76,13073.10
1961,64258048,129.893848,train,1.70297909,0.000920163700404,0.26592514,556779.67,13073.10
1962,64290816,129.951245,train,1.67603135,0.000920080513372,0.25789639,557001.80,13073.10
1963,64323584,130.008042,train,1.67985010,0.000919997287247,0.26467472,557307.38,13073.10
1964,64356352,130.065426,train,1.66674256,0.000919914022037,0.27200821,557516.71,13073.10
1965,64389120,130.122898,train,1.70753896,0.000919830717752,0.27176586,557706.93,13073.10
1966,64421888,130.180226,train,1.70431137,0.0009197473744,0.24921617,557912.33,13073.10
1967,64454656,130.237815,train,1.68297482,0.00091966399199,0.27050209,558074.55,13073.10
1968,64487424,130.295531,train,1.66968405,0.00091958057053,0.25759220,558214.43,13073.10
1969,64520192,130.353671,train,1.66006637,0.00091949711003,0.25727695,558291.73,13073.10
1970,64552960,130.410951,train,1.68237472,0.000919413610498,0.27010667,558483.87,13073.10
1971,64585728,130.468010,train,1.67349792,0.000919330071944,0.27167237,558700.36,13073.10
1972,64618496,130.525173,train,1.68125892,0.000919246494375,0.27094761,558897.19,13073.10
1973,64651264,130.583031,train,1.66062033,0.000919162877801,0.27038500,558997.96,13073.10
1974,64684032,130.636949,train,1.68615890,0.000919079222231,0.28282240,559604.51,13073.10
1975,64716800,130.694142,train,1.75043845,0.000918995527673,0.26629752,559778.22,13073.10
1976,64749568,130.751574,train,1.66539800,0.000918911794137,0.26537257,559917.28,13073.10
1977,64782336,130.809059,train,1.68235564,0.000918828021631,0.27009329,560046.24,13073.10
1978,64815104,130.866537,train,1.71039236,0.000918744210163,0.26044297,560172.92,13073.10
1979,64847872,130.923870,train,1.67959845,0.000918660359744,0.27082843,560313.89,13073.10
1980,64880640,130.980682,train,1.73771024,0.000918576470381,0.25852883,560513.97,13073.10
1981,64913408,131.037841,train,1.75547409,0.000918492542084,0.28811121,560668.05,13073.10
1982,64946176,131.095287,train,1.65775299,0.000918408574862,0.25362983,560784.88,13073.10
1983,64978944,131.152468,train,1.69386172,0.000918324568722,0.26301292,560929.69,13073.10
1984,65011712,131.209757,train,1.66405940,0.000918240523675,0.25328910,561058.67,13073.10
1985,65044480,131.266659,train,1.67877293,0.000918156439729,0.26287517,561228.45,13073.10
1986,65077248,131.323765,train,1.75311828,0.000918072316893,0.26604706,561371.60,13073.10
1987,65110016,131.381239,train,1.70184577,0.000917988155175,0.27140054,561470.80,13073.10
1988,65142784,131.438451,train,1.68341589,0.000917903954586,0.25746778,561596.44,13073.10
1989,65175552,131.495374,train,1.65121317,0.000917819715133,0.26881424,561750.62,13073.10
1990,65208320,131.552709,train,1.72268271,0.000917735436825,0.27164823,561857.29,13073.10
1991,65241088,131.610575,train,1.67599964,0.000917651119672,0.26879376,561905.46,13073.10
1992,65273856,131.668780,train,1.69771600,0.000917566763682,0.26361269,561917.02,13073.10
1993,65306624,131.725771,train,1.72863686,0.000917482368865,0.25671422,562054.17,13073.10
1994,65339392,131.783228,train,1.69804931,0.000917397935228,0.27127650,562140.73,13073.10
1995,65372160,131.840333,train,1.68073785,0.000917313462782,0.26290444,562261.13,13073.10
1996,65404928,131.899309,train,1.67150617,0.000917228951535,0.26400414,562191.10,13073.10
1997,65437696,131.956713,train,1.70053899,0.000917144401495,0.26874802,562278.87,13073.10
1998,65470464,132.013603,train,1.69749641,0.000917059812673,0.26746556,562415.51,13073.10
1999,65503232,132.071102,train,1.68282008,0.000916975185076,0.25516438,562490.05,13073.10
2000,65536000,132.129279,train,1.66681039,0.000916890518714,0.26090577,562497.55,13073.10
2000,65536000,132.466609,valid,1.67953654,0.000916890518714,,562497.55,13073.10
2001,65568768,137.140202,train,1.67839766,0.000916805813596,0.25553176,7013.50,13073.10
2002,65601536,137.197447,train,1.66043091,0.00091672106973,0.26222330,13857.21,13073.10
2003,65634304,137.257327,train,1.71513629,0.000916636287126,0.25547948,20525.93,13073.10
2004,65667072,137.315243,train,1.69570327,0.000916551465792,0.27152821,27040.90,13073.10
2005,65699840,137.372714,train,1.66179967,0.000916466605738,0.24642581,33405.07,13073.10
2006,65732608,137.430523,train,1.62686801,0.000916381706972,0.25234818,39619.11,13073.10
2007,65765376,137.488558,train,1.72638988,0.000916296769504,0.24997811,45687.98,13073.10
2008,65798144,137.545982,train,1.71554828,0.000916211793342,0.25596115,51624.35,13073.10
2009,65830912,137.603474,train,1.64874029,0.000916126778496,0.25718090,57427.21,13073.10
2010,65863680,137.660796,train,1.72612822,0.000916041724973,0.26754212,63103.64,13073.10
2011,65896448,137.718223,train,1.68667865,0.000915956632784,0.25739837,68654.74,13073.10
2012,65929216,137.775803,train,1.70687461,0.000915871501938,0.25599846,74083.57,13073.10
2013,65961984,137.833084,train,1.69964230,0.000915786332443,0.25913003,79400.32,13073.10
2014,65994752,137.890976,train,1.74042535,0.000915701124308,0.25087762,84595.21,13073.10
2015,66027520,137.948573,train,1.68442261,0.000915615877542,0.25077209,89685.18,13073.10
2016,66060288,138.005614,train,1.68090951,0.000915530592155,0.25587058,94678.77,13073.10
2017,66093056,138.062160,train,1.68139875,0.000915445268155,0.26329106,99579.35,13073.10
2018,66125824,138.119955,train,1.67540634,0.000915359905551,0.25084201,104358.78,13073.10
2019,66158592,138.176843,train,1.66712582,0.000915274504353,0.28189385,109058.77,13073.10
2020,66191360,138.234539,train,1.68179727,0.000915189064569,0.25570959,113650.11,13073.10
2021,66224128,138.291942,train,1.65928161,0.000915103586209,0.27488092,118156.38,13073.10
2022,66256896,138.349229,train,1.65474510,0.000915018069281,0.26217791,122577.17,13073.10
2023,66289664,138.407302,train,1.75285101,0.000914932513794,0.26572526,126895.82,13073.10
2024,66322432,138.464834,train,1.67691088,0.000914846919758,0.26743340,131142.69,13073.10
2025,66355200,138.522469,train,1.65039396,0.000914761287181,0.25716558,135306.54,13073.10
2026,66387968,138.579958,train,1.65737104,0.000914675616073,0.26395360,139395.19,13073.10
2027,66420736,138.638724,train,1.67838454,0.000914589906443,0.26104745,143377.97,13073.10
2028,66453504,138.695930,train,1.67592812,0.000914504158299,0.27473047,147322.47,13073.10
2029,66486272,138.753457,train,1.66277218,0.000914418371652,0.26383191,151187.47,13073.10
2030,66519040,138.811410,train,1.69844389,0.000914332546509,0.26348653,154971.94,13073.10
2031,66551808,138.869181,train,1.64533162,0.000914246682879,0.24915163,158692.41,13073.10
2032,66584576,138.926446,train,1.70431781,0.000914160780773,0.26737747,162359.05,13073.10
2033,66617344,138.983831,train,1.71668410,0.000914074840199,0.25921020,165958.16,13073.10
2034,66650112,139.041620,train,1.70456553,0.000913988861166,0.26060641,169484.02,13073.10
2035,66682880,139.099070,train,1.70565748,0.000913902843683,0.25964597,172957.27,13073.10
2036,66715648,139.156417,train,1.68995714,0.000913816787759,0.27186701,176373.58,13073.10
2037,66748416,139.213900,train,1.63640499,0.000913730693404,0.26720521,179728.16,13073.10
2038,66781184,139.271018,train,1.65719080,0.000913644560626,0.25267446,183035.90,13073.10
2039,66813952,139.328610,train,1.74448931,0.000913558389435,0.26928028,186275.68,13073.10
2040,66846720,139.386126,train,1.67487478,0.000913472179839,0.26775441,189463.60,13073.10
2041,66879488,139.443828,train,1.64175558,0.000913385931848,0.25825992,192593.80,13073.10
2042,66912256,139.501254,train,1.67769361,0.000913299645471,0.25825089,195680.33,13073.10
2043,66945024,139.559710,train,1.66264021,0.000913213320717,0.26366079,198687.97,13073.10
2044,66977792,139.617574,train,1.63881397,0.000913126957596,0.25978988,201663.15,13073.10
2045,67010560,139.676151,train,1.73725641,0.000913040556115,0.27936372,204570.34,13073.10
2046,67043328,139.734436,train,1.66730189,0.000912954116285,0.26488245,207438.98,13073.10
2047,67076096,139.792360,train,1.69638503,0.000912867638114,0.28817064,210272.36,13073.10
2048,67108864,139.850103,train,1.65482426,0.000912781121612,0.26218575,213066.47,13073.10
2049,67141632,139.906780,train,1.69827628,0.000912694566787,0.28130805,215848.11,13073.10
2050,67174400,139.964876,train,1.71163428,0.00091260797365,0.27599835,218546.35,13073.10
2051,67207168,140.023169,train,1.71219969,0.000912521342208,0.25043434,221197.31,13073.10
2052,67239936,140.080970,train,1.61538577,0.000912434672472,0.26778284,223822.14,13073.10
2053,67272704,140.139093,train,1.66245174,0.00091234796445,0.26005366,226397.92,13073.10
2054,67305472,140.197232,train,1.65787268,0.000912261218152,0.27163753,228934.46,13073.10
2055,67338240,140.255064,train,1.74294817,0.000912174433586,0.25225651,231442.28,13073.10
2056,67371008,140.312985,train,1.61163545,0.000912087610762,0.25858438,233910.45,13073.10
2057,67403776,140.371458,train,1.60467458,0.00091200074969,0.25736004,236325.90,13073.10
2058,67436544,140.429474,train,1.72070336,0.000911913850377,0.25603351,238719.65,13073.10
2059,67469312,140.488137,train,1.73165584,0.000911826912834,0.26160380,241059.28,13073.10
2060,67502080,140.546060,train,1.67302585,0.000911739937069,0.25916725,243387.21,13073.10
2061,67534848,140.604053,train,1.66007066,0.000911652923092,0.25723362,245679.91,13073.10
2062,67567616,140.661692,train,1.77127528,0.000911565870912,0.26599962,247950.86,13073.10
2063,67600384,140.720673,train,1.73777199,0.000911478780538,0.25958467,250149.39,13073.10
2064,67633152,140.778646,train,1.68092752,0.00091139165198,0.25337654,252347.30,13073.10
2065,67665920,140.836170,train,1.65248644,0.000911304485246,0.24933368,254528.44,13073.10
2066,67698688,140.893996,train,1.74195075,0.000911217280346,0.26241848,256670.60,13073.10
2067,67731456,140.951681,train,1.64251268,0.000911130037289,0.25151393,258787.86,13073.10
2068,67764224,141.009370,train,1.64594483,0.000911042756083,0.25295964,260876.40,13073.10
2069,67796992,141.066263,train,1.64713001,0.00091095543674,0.26007435,262961.25,13073.10
2070,67829760,141.123847,train,1.67774343,0.000910868079267,0.25529480,264997.54,13073.10
2071,67862528,141.181462,train,1.69710541,0.000910780683674,0.25580910,267005.97,13073.10
2072,67895296,141.239750,train,1.66121590,0.000910693249969,0.26460949,268967.35,13073.10
2073,67928064,141.297379,train,1.70082712,0.000910605778164,0.27049014,270923.07,13073.10
2074,67960832,141.355364,train,1.69628668,0.000910518268265,0.25476420,272842.50,13073.10
2075,67993600,141.412740,train,1.63106048,0.000910430720284,0.25959659,274755.76,13073.10
2076,68026368,141.469935,train,1.66803575,0.000910343134228,0.27969843,276650.17,13073.10
2077,68059136,141.527554,train,1.69433618,0.000910255510108,0.25894922,278507.66,13073.10
2078,68091904,141.584505,train,1.73978257,0.000910167847933,0.27413428,280362.18,13073.10
2079,68124672,141.641308,train,1.67586625,0.000910080147711,0.26790065,282198.24,13073.10
2080,68157440,141.699154,train,1.72658467,0.000909992409452,0.27296817,283979.60,13073.10
2081,68190208,141.757726,train,1.68622470,0.000909904633166,0.26803529,285716.44,13073.10
2082,68222976,141.814987,train,1.68103647,0.000909816818861,0.25962046,287471.86,13073.10
2083,68255744,141.872524,train,1.71938646,0.000909728966548,0.24761419,289197.39,13073.10
2084,68288512,141.929510,train,1.65537167,0.000909641076234,0.25738630,290918.85,13073.10
2085,68321280,141.987470,train,1.66310477,0.00090955314793,0.25401616,292589.82,13073.10
2086,68354048,142.044973,train,1.63979793,0.000909465181644,0.25362810,294254.57,13073.10
2087,68386816,142.102769,train,1.67111075,0.000909377177387,0.25147262,295890.41,13073.10
2088,68419584,142.160889,train,1.65405369,0.000909289135167,0.25841454,297496.89,13073.10
2089,68452352,142.218079,train,1.67567337,0.000909201054994,0.25145862,299112.69,13073.10
2090,68485120,142.276033,train,1.63491857,0.000909112936876,0.25347650,300686.25,13073.10
2091,68517888,142.333251,train,1.62392616,0.000909024780824,0.24919637,302263.84,13073.10
2092,68550656,142.391777,train,1.68532777,0.000908936586846,0.26827222,303783.21,13073.10
2093,68583424,142.449700,train,1.67429161,0.000908848354953,0.24578407,305303.18,13073.10
2094,68616192,142.507433,train,1.68628085,0.000908760085152,0.26706243,306811.45,13073.10
2095,68648960,142.565057,train,1.60371494,0.000908671777454,0.25478828,308305.80,13073.10
2096,68681728,142.622382,train,1.61997390,0.000908583431868,0.26418504,309792.29,13073.10
2097,68714496,142.679743,train,1.65609217,0.000908495048403,0.26837233,311260.98,13073.10
2098,68747264,142.737496,train,1.70924592,0.000908406627069,0.25878361,312701.35,13073.10
2099,68780032,142.795702,train,1.75495553,0.000908318167874,0.25789449,314111.82,13073.10
2100,68812800,142.853618,train,1.65639663,0.000908229670829,0.26642010,315515.31,13073.10
2100,68812800,143.192319,valid,1.66796703,0.000908229670829,,315515.31,13073.10
2101,68845568,143.354646,train,1.72030735,0.000908141135942,0.26478690,203950.08,13073.10
2102,68878336,143.412258,train,1.62207747,0.000908052563223,0.25682372,300240.05,13073.10
2103,68911104,143.470880,train,1.71544766,0.000907963952681,0.24813916,355015.98,13073.10
2104,68943872,143.528768,train,1.65156341,0.000907875304326,0.25799453,391507.73,13073.10
2105,68976640,143.586676,train,1.67883182,0.000907786618167,0.25370914,417217.97,13073.10
2106,69009408,143.644188,train,1.72720528,0.000907697894213,0.26024061,436704.78,13073.10
2107,69042176,143.701496,train,1.63205028,0.000907609132474,0.26297447,451958.32,13073.10
2108,69074944,143.759079,train,1.62597656,0.000907520332959,0.25586474,463889.79,13073.10
2109,69107712,143.816167,train,1.62174082,0.000907431495678,0.26404408,473991.94,13073.10
2110,69140480,143.873919,train,1.67129135,0.00090734262064,0.26764852,481925.57,13073.10
2111,69173248,143.930909,train,1.64776754,0.000907253707853,0.25266498,489121.44,13073.10
2112,69206016,143.988500,train,1.60579348,0.000907164757329,0.25838304,494909.79,13073.10
2113,69238784,144.045438,train,1.68384695,0.000907075769075,0.25725266,500299.08,13073.10
2114,69271552,144.103140,train,1.67515302,0.000906986743102,0.25197774,504588.66,13073.10
2115,69304320,144.160331,train,1.67937863,0.000906897679419,0.26862934,508634.76,13073.10
2116,69337088,144.217532,train,1.66424131,0.000906808578035,0.25161621,512223.82,13073.10
2117,69369856,144.275720,train,1.66080618,0.00090671943896,0.25051290,514962.42,13073.10
2118,69402624,144.332388,train,1.71316624,0.000906630262202,0.25675151,518112.82,13073.10
2119,69435392,144.389897,train,1.62265348,0.000906541047773,0.26193610,520597.60,13073.10
2120,69468160,144.447136,train,1.65483940,0.00090645179568,0.25265357,522967.60,13073.10
2121,69500928,144.505067,train,1.63099015,0.000906362505933,0.25094420,524853.04,13073.10
2122,69533696,144.563145,train,1.63345504,0.000906273178543,0.25543734,526522.47,13073.10
2123,69566464,144.620619,train,1.70604026,0.000906183813517,0.26696783,528279.46,13073.10
2124,69599232,144.677964,train,1.67579651,0.000906094410867,0.26889449,529946.40,13073.10
2125,69632000,144.735743,train,1.66755056,0.0009060049706,0.25928003,531339.73,13073.10
2126,69664768,144.793178,train,1.66689086,0.000905915492727,0.25784451,532747.00,13073.10
2127,69697536,144.851041,train,1.72505260,0.000905825977257,0.26027298,533918.79,13073.10
2128,69730304,144.908143,train,1.61795926,0.000905736424199,0.25448102,535248.81,13073.10
2129,69763072,144.965507,train,1.71617234,0.000905646833563,0.25788757,536414.00,13073.10
2130,69795840,145.023324,train,1.69867444,0.000905557205359,0.25469929,537372.80,13073.10
2131,69828608,145.080446,train,1.65238559,0.000905467539596,0.25381640,538471.14,13073.10
2132,69861376,145.138238,train,1.67736936,0.000905377836283,0.25722229,539319.25,13073.10
2133,69894144,145.195901,train,1.63728511,0.000905288095429,0.25572610,540152.98,13073.10
2134,69926912,145.252848,train,1.63180518,0.000905198317045,0.25498822,541128.35,13073.10
2135,69959680,145.310732,train,1.65871143,0.00090510850114,0.24642484,541811.17,13073.10
2136,69992448,145.368610,train,1.65963936,0.000905018647723,0.26382062,542458.99,13073.10
2137,70025216,145.426753,train,1.72803378,0.000904928756804,0.26276353,543009.10,13073.10
2138,70057984,145.484215,train,1.63235939,0.000904838828392,0.25922257,543692.51,13073.10
2139,70090752,145.542014,train,1.65452397,0.000904748862497,0.26413727,544264.56,13073.10
2140,70123520,145.599897,train,1.64584422,0.000904658859128,0.25227860,544790.21,13073.10
2141,70156288,145.657562,train,1.68746841,0.000904568818295,0.27578849,545339.24,13073.10
2142,70189056,145.715017,train,1.58932626,0.000904478740007,0.26089093,545908.61,13073.10
2143,70221824,145.772152,train,1.66751266,0.000904388624274,0.26147863,546520.31,13073.10
2144,70254592,145.829834,train,1.72656751,0.000904298471105,0.25904459,546992.30,13073.10
2145,70287360,145.887437,train,1.65605521,0.00090420828051,0.25943863,547459.69,13073.10
2146,70320128,145.945392,train,1.62977076,0.000904118052498,0.25934386,547837.87,13073.10
2147,70352896,146.003030,train,1.70986485,0.000904027787079,0.25448355,548262.00,13073.10
2148,70385664,146.060256,train,1.66455972,0.000903937484263,0.25711507,548748.18,13073.10
2149,70418432,146.117414,train,1.63183558,0.000903847144058,0.25354975,549227.79,13073.10
2150,70451200,146.175928,train,1.67056918,0.000903756766475,0.25395852,549439.42,13073.10
2151,70483968,146.234362,train,1.61850452,0.000903666351524,0.26125968,549657.07,13073.10
2152,70516736,146.291952,train,1.70147729,0.000903575899212,0.25301450,550016.53,13073.10
2153,70549504,146.350316,train,1.64512336,0.000903485409551,0.26740453,550227.82,13073.10
2154,70582272,146.408051,train,1.60344887,0.00090339488255,0.25385919,550539.14,13073.10
2155,70615040,146.465054,train,1.75567746,0.000903304318218,0.26202264,550962.81,13073.10
2156,70647808,146.522492,train,1.66450381,0.000903213716564,0.26022863,551299.78,13073.10
2157,70680576,146.580086,train,1.66261423,0.000903123077599,0.25431383,551599.98,13073.10
2158,70713344,146.637504,train,1.64037752,0.000903032401333,0.26000652,551918.24,13073.10
2159,70746112,146.695021,train,1.70378995,0.000902941687773,0.26723021,552210.57,13073.10
2160,70778880,146.752545,train,1.62531650,0.000902850936931,0.26966724,552492.28,13073.10
2161,70811648,146.810261,train,1.63632989,0.000902760148816,0.24963044,552735.65,13073.10
2162,70844416,146.867605,train,1.69450784,0.000902669323436,0.28843367,553027.59,13073.10
2163,70877184,146.925371,train,1.70788431,0.000902578460803,0.26693216,553247.76,13073.10
2164,70909952,146.983126,train,1.67111135,0.000902487560926,0.26818052,553462.88,13073.10
2165,70942720,147.040757,train,1.68090856,0.000902396623813,0.25740597,553689.33,13073.10
2166,70975488,147.098736,train,1.65791869,0.000902305649475,0.26342916,553859.91,13073.10
2167,71008256,147.156085,train,1.66571939,0.000902214637922,0.24818547,554113.50,13073.10
2168,71041024,147.213784,train,1.62004161,0.000902123589162,0.25798118,554311.59,13073.10
2169,71073792,147.271431,train,1.70417893,0.000902032503206,0.26431450,554511.04,13073.10
2170,71106560,147.328480,train,1.68887854,0.000901941380063,0.26150581,554785.28,13073.10
2171,71139328,147.386488,train,1.69758022,0.000901850219743,0.25376043,554925.04,13073.10
2172,71172096,147.443777,train,1.67068887,0.000901759022256,0.25462443,555154.99,13073.10
2173,71204864,147.501515,train,1.63889623,0.00090166778761,0.24954939,555320.75,13073.10
2174,71237632,147.559596,train,1.71082783,0.000901576515817,0.25725406,555438.65,13073.10
2175,71270400,147.617436,train,1.66295147,0.000901485206884,0.25228089,555583.64,13073.10
2176,71303168,147.674809,train,1.65476012,0.000901393860823,0.24371016,555782.78,13073.10
2177,71335936,147.733207,train,1.67588472,0.000901302477642,0.24826473,555851.41,13073.10
2178,71368704,147.791768,train,1.62563288,0.000901211057352,0.24627706,555898.53,13073.10
2179,71401472,147.849873,train,1.64448452,0.000901119599961,0.25334042,555999.00,13073.10
2180,71434240,147.907221,train,1.66380477,0.000901028105481,0.24898298,556186.30,13073.10
2181,71467008,147.964579,train,1.64327800,0.000900936573919,0.25151309,556367.86,13073.10
2182,71499776,148.022640,train,1.63282430,0.000900845005287,0.24517339,556464.01,13073.10
2183,71532544,148.080549,train,1.65182304,0.000900753399593,0.24859171,556575.25,13073.10
2184,71565312,148.138062,train,1.66614211,0.000900661756847,0.26510376,556728.55,13073.10
2185,71598080,148.195928,train,1.65878117,0.000900570077059,0.24008645,556839.01,13073.10
2186,71630848,148.253550,train,1.74754596,0.000900478360239,0.26400718,556973.84,13073.10
2187,71663616,148.311115,train,1.64676905,0.000900386606397,0.26480815,557111.75,13073.10
2188,71696384,148.368173,train,1.68169034,0.000900294815541,0.25051185,557301.16,13073.10
2189,71729152,148.426460,train,1.64625430,0.000900202987682,0.26668960,557355.51,13073.10
2190,71761920,148.484582,train,1.66325784,0.00090011112283,0.25376704,557426.18,13073.10
2191,71794688,148.541989,train,1.66134608,0.000900019220994,0.25376901,557569.65,13073.10
2192,71827456,148.600367,train,1.74432063,0.000899927282183,0.26176009,557610.02,13073.10
2193,71860224,148.658784,train,1.71655583,0.000899835306409,0.25499657,557645.62,13073.10
2194,71892992,148.716942,train,1.69013953,0.000899743293679,0.25992990,557706.49,13073.10
2195,71925760,148.774951,train,1.62442088,0.000899651244005,0.25320783,557781.01,13073.10
2196,71958528,148.832227,train,1.64625096,0.000899559157395,0.25576365,557926.48,13073.10
2197,71991296,148.890467,train,1.72248840,0.00089946703386,0.26473412,557974.73,13073.10
2198,72024064,148.948486,train,1.67581534,0.000899374873409,0.25903770,558043.32,13073.10
2199,72056832,149.005492,train,1.62257469,0.000899282676051,0.24964325,558207.94,13073.10
2200,72089600,149.062558,train,1.63503838,0.000899190441798,0.24618350,558363.48,13073.10
2200,72089600,149.400103,valid,1.66026090,0.000899190441798,,558363.48,13073.10
2201,72122368,149.563346,train,1.65232182,0.000899098170658,0.24772890,202392.91,13073.10
2202,72155136,149.621264,train,1.64643610,0.000899005862641,0.25237182,298134.90,13073.10
2203,72187904,149.680309,train,1.70575047,0.000898913517757,0.25074241,352514.41,13073.10
2204,72220672,149.737843,train,1.60308063,0.000898821136016,0.25207716,389632.78,13073.10
2205,72253440,149.795339,train,1.65860510,0.000898728717427,0.25249308,415948.40,13073.10
2206,72286208,149.852324,train,1.67687082,0.000898636262,0.25727955,436054.47,13073.10
2207,72318976,149.910691,train,1.66188133,0.000898543769745,0.24640581,450422.17,13073.10
2208,72351744,149.967947,train,1.66403973,0.000898451240672,0.26896593,462741.15,13073.10
2209,72384512,150.025671,train,1.71567082,0.000898358674791,0.24985826,472443.34,13073.10
2210,72417280,150.083174,train,1.66531992,0.00089826607211,0.26798004,480659.68,13073.10
2211,72450048,150.140384,train,1.72168434,0.000898173432641,0.27392313,487790.83,13073.10
2212,72482816,150.197417,train,1.67621374,0.000898080756393,0.26139820,494006.97,13073.10
2213,72515584,150.255124,train,1.63310754,0.000897988043375,0.27071431,498996.88,13073.10
2214,72548352,150.312228,train,1.64100504,0.000897895293597,0.24606983,503688.89,13073.10
2215,72581120,150.369434,train,1.67120945,0.00089780250707,0.25581577,507774.09,13073.10
2216,72613888,150.426554,train,1.64916646,0.000897709683803,0.26658607,511445.66,13073.10
2217,72646656,150.484086,train,1.66044497,0.000897616823806,0.24952525,514534.02,13073.10
2218,72679424,150.541286,train,1.67022228,0.000897523927088,0.24642481,517461.12,13073.10
2219,72712192,150.598265,train,1.65617847,0.00089743099366,0.25240970,520204.59,13073.10
2220,72744960,150.654856,train,1.66747880,0.000897338023531,0.25619164,522860.75,13073.10
2221,72777728,150.711791,train,1.69139493,0.000897245016711,0.25653112,525149.43,13073.10
2222,72810496,150.768706,train,1.68286526,0.000897151973211,0.25866979,527255.39,13073.10
2223,72843264,150.825504,train,1.66607761,0.000897058893038,0.25535870,529236.12,13073.10
2224,72876032,150.882790,train,1.60846841,0.000896965776205,0.24321449,530890.07,13073.10
2225,72908800,150.940196,train,1.63774073,0.00089687262272,0.24908113,532379.43,13073.10
2226,72941568,150.997580,train,1.67729855,0.000896779432593,0.26570910,533769.00,13073.10
2227,72974336,151.054569,train,1.68836808,0.000896686205834,0.25321832,535190.13,13073.10
2228,73007104,151.109785,train,1.69418144,0.000896592942453,0.26799914,537072.99,13073.10
2229,73039872,151.166924,train,1.72264493,0.00089649964246,0.25417516,538251.40,13073.10
2230,73072640,151.223821,train,1.71663523,0.000896406305864,0.26397917,539427.29,13073.10
2231,73105408,151.281231,train,1.67058623,0.000896312932676,0.26140359,540384.66,13073.10
2232,73138176,151.338277,train,1.60330617,0.000896219522906,0.26533198,541386.99,13073.10
2233,73170944,151.396045,train,1.71420813,0.000896126076563,0.25557119,542135.31,13073.10
2234,73203712,151.453233,train,1.63769150,0.000896032593656,0.26332593,542995.50,13073.10
2235,73236480,151.510548,train,1.61176467,0.000895939074197,0.26103094,543776.01,13073.10
2236,73269248,151.567664,train,1.67348707,0.000895845518195,0.24955930,544565.03,13073.10
2237,73302016,151.625440,train,1.65647411,0.000895751925659,0.25250503,545151.90,13073.10
2238,73334784,151.682700,train,1.61514854,0.0008956582966,0.28053296,545832.58,13073.10
2239,73367552,151.740131,train,1.65795290,0.000895564631028,0.25744072,546439.91,13073.10
2240,73400320,151.797551,train,1.64344156,0.000895470928952,0.26199698,547020.72,13073.10
2241,73433088,151.854877,train,1.62363887,0.000895377190382,0.26127639,547595.17,13073.10
2242,73465856,151.912254,train,1.70296121,0.000895283415329,0.26818013,548132.14,13073.10
2243,73498624,151.970399,train,1.66605246,0.000895189603801,0.25951019,548481.52,13073.10
2244,73531392,152.027590,train,1.67411613,0.00089509575581,0.25120983,549014.44,13073.10
2245,73564160,152.084857,train,1.67556715,0.000895001871365,0.25031510,549509.25,13073.10
2246,73596928,152.142040,train,1.66077709,0.000894907950475,0.26970348,550000.04,13073.10
2247,73629696,152.199453,train,1.65364480,0.000894813993152,0.24827994,550425.77,13073.10
2248,73662464,152.256352,train,1.66735959,0.000894719999404,0.24721183,550933.31,13073.10
2249,73695232,152.313329,train,1.69446659,0.000894625969241,0.26418245,551406.50,13073.10
2250,73728000,152.370354,train,1.64904070,0.000894531902674,0.25145978,551852.38,13073.10
2251,73760768,152.428126,train,1.63447332,0.000894437799713,0.25404206,552145.24,13073.10
2252,73793536,152.485250,train,1.71287620,0.000894343660367,0.25166404,552543.22,13073.10
2253,73826304,152.542899,train,1.69971466,0.000894249484647,0.26352924,552834.24,13073.10
2254,73859072,152.599986,train,1.68024468,0.000894155272562,0.25391355,553212.15,13073.10
2255,73891840,152.657475,train,1.68358207,0.000894061024122,0.25533330,553508.21,13073.10
2256,73924608,152.714990,train,1.65290165,0.000893966739338,0.25438666,553789.92,13073.10
2257,73957376,152.772411,train,1.67424989,0.000893872418218,0.25307676,554077.27,13073.10
2258,73990144,152.829756,train,1.60027313,0.000893778060774,0.25634751,554367.28,13073.10
2259,74022912,152.886379,train,1.64836311,0.000893683667015,0.25203389,554762.73,13073.10
2260,74055680,152.943626,train,1.63036203,0.000893589236951,0.25054672,555047.78,13073.10
2261,74088448,153.001300,train,1.69461262,0.000893494770593,0.26017565,555257.71,13073.10
2262,74121216,153.058695,train,1.65536690,0.000893400267949,0.24891347,555503.60,13073.10
2263,74153984,153.116086,train,1.71542311,0.00089330572903,0.24937972,555742.47,13073.10
2264,74186752,153.173751,train,1.66556334,0.000893211153847,0.25653997,555933.61,13073.10
2265,74219520,153.231187,train,1.65031338,0.000893116542408,0.25039580,556152.23,13073.10
2266,74252288,153.288739,train,1.67625237,0.000893021894725,0.26046759,556347.79,13073.10
2267,74285056,153.346239,train,1.62567091,0.000892927210806,0.25586009,556545.02,13073.10
2268,74317824,153.403744,train,1.62906694,0.000892832490663,0.26714578,556735.93,13073.10
2269,74350592,153.461097,train,1.66099715,0.000892737734304,0.25903207,556942.21,13073.10
2270,74383360,153.519150,train,1.70039117,0.000892642941741,0.25181961,557048.08,13073.10
2271,74416128,153.576659,train,1.63567686,0.000892548112982,0.26003939,557223.51,13073.10
2272,74448896,153.633489,train,1.62822342,0.000892453248039,0.26720309,557483.66,13073.10
2273,74481664,153.691272,train,1.67248940,0.000892358346921,0.26388443,557613.09,13073.10
2274,74514432,153.748173,train,1.66068888,0.000892263409638,0.25634667,557852.16,13073.10
2275,74547200,153.805501,train,1.65425920,0.0008921684362,0.25941026,558030.91,13073.10
2276,74579968,153.862735,train,1.61627221,0.000892073426617,0.27241874,558216.93,13073.10
2277,74612736,153.919738,train,1.63766837,0.0008919783809,0.25113940,558426.68,13073.10
2278,74645504,153.976949,train,1.67252517,0.000891883299057,0.27189952,558605.87,13073.10
2279,74678272,154.035222,train,1.65599191,0.0008917881811,0.27905688,558652.57,13073.10
2280,74711040,154.092354,train,1.66020560,0.000891693027039,0.25345191,558834.09,13073.10
2281,74743808,154.149216,train,1.64295125,0.000891597836882,0.26472226,559042.85,13073.10
2282,74776576,154.206463,train,1.64169168,0.000891502610641,0.27782214,559201.96,13073.10
2283,74809344,154.263453,train,1.67835808,0.000891407348326,0.25742999,559386.93,13073.10
2284,74842112,154.320389,train,1.70465350,0.000891312049946,0.25761008,559573.65,13073.10
2285,74874880,154.377179,train,1.65369391,0.000891216715512,0.27873802,559772.63,13073.10
2286,74907648,154.434539,train,1.62055159,0.000891121345034,0.30853420,559903.67,13073.10
2287,74940416,154.491670,train,1.63474607,0.000891025938521,0.25468799,560056.90,13073.10
2288,74973184,154.548524,train,1.65560913,0.000890930495985,0.27930608,560236.90,13073.10
2289,75005952,154.605794,train,1.63194907,0.000890835017434,0.26145402,560368.16,13073.10
2290,75038720,154.663510,train,1.66839814,0.000890739502879,0.26053509,560449.04,13073.10
2291,75071488,154.720962,train,1.62659431,0.00089064395233,0.27821860,560556.03,13073.10
2292,75104256,154.779310,train,1.66094160,0.000890548365798,0.26255861,560567.38,13073.10
2293,75137024,154.836705,train,1.70473170,0.000890452743292,0.25983283,560676.69,13073.10
2294,75169792,154.893017,train,1.67043686,0.000890357084822,0.25273365,560894.36,13073.10
2295,75202560,154.950575,train,1.72646976,0.000890261390399,0.24914071,560981.57,13073.10
2296,75235328,155.007635,train,1.68683791,0.000890165660032,0.27986646,561116.79,13073.10
2297,75268096,155.065897,train,1.68815255,0.000890069893733,0.24730964,561130.24,13073.10
2298,75300864,155.124059,train,1.62472212,0.00088997409151,0.25977030,561153.21,13073.10
2299,75333632,155.182556,train,1.66807890,0.000889878253374,0.28301489,561143.24,13073.10
2300,75366400,155.240004,train,1.64001334,0.000889782379335,0.24645491,561234.24,13073.10
2300,75366400,155.578174,valid,1.65316654,0.000889782379335,,561234.24,13073.10
2301,75399168,155.733355,train,1.68213439,0.000889686469403,0.25923064,213290.72,13073.10
2302,75431936,155.790996,train,1.64076686,0.000889590523589,0.25130326,310197.34,13073.10
2303,75464704,155.848990,train,1.67928076,0.000889494541902,0.25835252,365081.19,13073.10
2304,75497472,155.905996,train,1.67891169,0.000889398524353,0.25886509,401726.31,13073.10
2305,75530240,155.963594,train,1.61385345,0.000889302470952,0.25455147,426811.58,13073.10
2306,75563008,156.019495,train,1.61820340,0.000889206381708,0.25642595,447069.06,13073.10
2307,75595776,156.076122,train,1.62022114,0.000889110256633,0.25074798,462081.08,13073.10
2308,75628544,156.133113,train,1.63295364,0.000889014095735,0.25772774,473707.13,13073.10
2309,75661312,156.191431,train,1.69070840,0.000888917899027,0.26073879,482113.11,13073.10
2310,75694080,156.248604,train,1.70339024,0.000888821666516,0.26024866,489893.75,13073.10
2311,75726848,156.305651,train,1.65605140,0.000888725398215,0.26231638,496534.42,13073.10
2312,75759616,156.364122,train,1.64125907,0.000888629094132,0.26874530,501297.11,13073.10
2313,75792384,156.421922,train,1.67331791,0.000888532754279,0.27395561,505800.35,13073.10
2314,75825152,156.479039,train,1.64698100,0.000888436378664,0.26663965,510112.53,13073.10
2315,75857920,156.537006,train,1.69562161,0.000888339967299,0.27156571,513453.75,13073.10
2316,75890688,156.594608,train,1.62396395,0.000888243520194,0.26070639,516598.97,13073.10
2317,75923456,156.652533,train,1.71579814,0.000888147037358,0.25158876,519249.64,13073.10
2318,75956224,156.709945,train,1.65819359,0.000888050518803,0.26375607,521865.92,13073.10
2319,75988992,156.767935,train,1.68621314,0.000887953964537,0.25718322,523974.36,13073.10
2320,76021760,156.825831,train,1.66335583,0.000887857374572,0.25411281,525926.27,13073.10
2321,76054528,156.884067,train,1.66737092,0.000887760748918,0.25847682,527566.87,13073.10
2322,76087296,156.942036,train,1.66709793,0.000887664087584,0.24883859,529171.07,13073.10
2323,76120064,156.999942,train,1.64672279,0.000887567390581,0.25411722,530667.62,13073.10
2324,76152832,157.057345,train,1.59972644,0.00088747065792,0.25428715,532228.55,13073.10
2325,76185600,157.114345,train,1.65082979,0.00088737388961,0.25022072,533812.81,13073.10
2326,76218368,157.171923,train,1.70600867,0.000887277085661,0.26355377,535089.16,13073.10
2327,76251136,157.228917,train,1.59889913,0.000887180246085,0.25747758,536466.01,13073.10
2328,76283904,157.286510,train,1.65645540,0.00088708337089,0.25623298,537562.57,13073.10
2329,76316672,157.343981,train,1.67635500,0.000886986460088,0.26392466,538624.57,13073.10
2330,76349440,157.401527,train,1.67174053,0.000886889513689,0.25728515,539597.45,13073.10
2331,76382208,157.458468,train,1.64012837,0.000886792531702,0.25665963,540684.58,13073.10
2332,76414976,157.516101,train,1.68710935,0.000886695514138,0.25805217,541514.61,13073.10
2333,76447744,157.573829,train,1.64133167,0.000886598461008,0.25488749,542270.45,13073.10
2334,76480512,157.631038,train,1.64087343,0.000886501372321,0.26251200,543121.15,13073.10
2335,76513280,157.688115,train,1.67545414,0.000886404248088,0.25287622,543959.90,13073.10
2336,76546048,157.745404,train,1.61529732,0.000886307088319,0.25433820,544701.05,13073.10
2337,76578816,157.803088,train,1.62739182,0.000886209893025,0.24815951,545307.04,13073.10
2338,76611584,157.861116,train,1.64576137,0.000886112662215,0.25631797,545800.01,13073.10
2339,76644352,157.918404,train,1.65208304,0.0008860153959,0.25818664,546441.71,13073.10
2340,76677120,157.975489,train,1.64735460,0.00088591809409,0.24589516,547098.95,13073.10
2341,76709888,158.032362,train,1.60531831,0.000885820756795,0.24439383,547772.51,13073.10
2342,76742656,158.090160,train,1.67634153,0.000885723384026,0.24906683,548214.03,13073.10
2343,76775424,158.147713,train,1.63087380,0.000885625975793,0.25006965,548687.79,13073.10
2344,76808192,158.205215,train,1.61088967,0.000885528532107,0.25127590,549151.40,13073.10
2345,76840960,158.262643,train,1.70010185,0.000885431052977,0.24707435,549610.34,13073.10
2346,76873728,158.320159,train,1.66528487,0.000885333538414,0.24581261,550032.32,13073.10
2347,76906496,158.377171,train,1.65253520,0.000885235988428,0.25378719,550536.22,13073.10
2348,76939264,158.434825,train,1.60164213,0.00088513840303,0.24628884,550895.95,13073.10
2349,76972032,158.492481,train,1.73273122,0.000885040782229,0.26101905,551241.35,13073.10
2350,77004800,158.549933,train,1.65174603,0.000884943126036,0.25456661,551611.09,13073.10
2351,77037568,158.607896,train,1.62719989,0.000884845434462,0.26134741,551873.56,13073.10
2352,77070336,158.665259,train,1.69976449,0.000884747707517,0.25668857,552233.61,13073.10
2353,77103104,158.723371,train,1.61048555,0.000884649945211,0.25798154,552448.82,13073.10
2354,77135872,158.780717,train,1.64528906,0.000884552147554,0.26321462,552788.52,13073.10
2355,77168640,158.838821,train,1.65712965,0.000884454314557,0.25049654,552987.66,13073.10
2356,77201408,158.896636,train,1.71576285,0.00088435644623,0.25671667,553227.75,13073.10
2357,77234176,158.954026,train,1.65908527,0.000884258542583,0.26112723,553529.59,13073.10
2358,77266944,159.011298,train,1.71253848,0.000884160603627,0.25981331,553840.22,13073.10
2359,77299712,159.068674,train,1.64864445,0.000884062629372,0.26829392,554124.35,13073.10
2360,77332480,159.125315,train,1.64416075,0.000883964619828,0.26046565,554514.04,13073.10
2361,77365248,159.183022,train,1.69534993,0.000883866575007,0.27019942,554727.10,13073.10
2362,77398016,159.240503,train,1.64496207,0.000883768494917,0.25100055,554968.28,13073.10
2363,77430784,159.298190,train,1.66203666,0.00088367037957,0.26496124,555170.90,13073.10
2364,77463552,159.355589,train,1.61080885,0.000883572228976,0.25418288,555409.64,13073.10
2365,77496320,159.413352,train,1.66608906,0.000883474043145,0.25497872,555588.54,13073.10
2366,77529088,159.470637,train,1.66109943,0.000883375822088,0.25968200,555830.55,13073.10
2367,77561856,159.528394,train,1.62310648,0.000883277565814,0.25615212,555998.90,13073.10
2368,77594624,159.585015,train,1.65630054,0.000883179274335,0.26059130,556320.17,13073.10
2369,77627392,159.642649,train,1.65136838,0.000883080947661,0.26208898,556493.74,13073.10
2370,77660160,159.700455,train,1.68343639,0.000882982585802,0.24550000,556639.16,13073.10
2371,77692928,159.757977,train,1.63730216,0.000882884188768,0.25994211,556818.38,13073.10
2372,77725696,159.815617,train,1.64079225,0.00088278575657,0.25561517,556977.36,13073.10
2373,77758464,159.873415,train,1.63889122,0.000882687289219,0.25985739,557111.36,13073.10
2374,77791232,159.930547,train,1.64124322,0.000882588786724,0.26064327,557327.29,13073.10
2375,77824000,159.987726,train,1.55703604,0.000882490249097,0.24643429,557531.49,13073.10
2376,77856768,160.045041,train,1.64901686,0.000882391676347,0.25821114,557713.66,13073.10
2377,77889536,160.102761,train,1.70858371,0.000882293068485,0.25319013,557841.13,13073.10
2378,77922304,160.160554,train,1.63806188,0.000882194425521,0.25074643,557956.60,13073.10
2379,77955072,160.217502,train,1.64360976,0.000882095747466,0.27085367,558170.82,13073.10
2380,77987840,160.274995,train,1.65857375,0.00088199703433,0.25373560,558315.00,13073.10
2381,78020608,160.331948,train,1.66479719,0.000881898286124,0.27122733,558519.07,13073.10
2382,78053376,160.389235,train,1.65880203,0.000881799502858,0.25600404,558679.70,13073.10
2383,78086144,160.446796,train,1.65591788,0.000881700684542,0.25916338,558805.02,13073.10
2384,78118912,160.503985,train,1.65519452,0.000881601831188,0.25743812,558969.64,13073.10
2385,78151680,160.561233,train,1.66916668,0.000881502942804,0.25020945,559123.84,13073.10
2386,78184448,160.618427,train,1.62413418,0.000881404019403,0.25835279,559280.45,13073.10
2387,78217216,160.676080,train,1.64652908,0.000881305060994,0.25223306,559383.18,13073.10
2388,78249984,160.733685,train,1.68176305,0.000881206067587,0.26623476,559488.95,13073.10
2389,78282752,160.790654,train,1.62431598,0.000881107039194,0.25124195,559660.50,13073.10
2390,78315520,160.847469,train,1.66778624,0.000881007975825,0.25453433,559844.94,13073.10
2391,78348288,160.904915,train,1.68582106,0.000880908877489,0.25932974,559958.86,13073.10
2392,78381056,160.963298,train,1.64700818,0.000880809744198,0.26021811,559973.03,13073.10
2393,78413824,161.020492,train,1.66609645,0.000880710575962,0.26133791,560109.18,13073.10
2394,78446592,161.075258,train,1.63395047,0.000880611372792,0.26826829,560489.99,13073.10
2395,78479360,161.132196,train,1.68375206,0.000880512134697,0.26637131,560644.03,13073.10
2396,78512128,161.189927,train,1.63958764,0.00088041286169,0.25400481,560715.59,13073.10
2397,78544896,161.246910,train,1.63495731,0.000880313553779,0.26332873,560859.70,13073.10
2398,78577664,161.303801,train,1.62847090,0.000880214210975,0.24790877,561010.00,13073.10
2399,78610432,161.361562,train,1.59315979,0.00088011483329,0.27263707,561072.76,13073.10
2400,78643200,161.418252,train,1.73314881,0.000880015420733,0.25658697,561237.42,13073.10
2400,78643200,161.755464,valid,1.64403905,0.000880015420733,,561237.42,13073.10
2401,78675968,161.909506,train,1.63011765,0.000879915973315,0.26195285,214441.00,13073.10
2402,78708736,161.967013,train,1.65545702,0.000879816491046,0.25303760,311611.33,13073.10
2403,78741504,162.024661,train,1.64331245,0.000879716973937,0.24327658,366858.55,13073.10
2404,78774272,162.082254,train,1.64211559,0.000879617421999,0.27001500,402610.82,13073.10
2405,78807040,162.140128,train,1.64205277,0.000879517835242,0.25464198,427302.91,13073.10
2406,78839808,162.197702,train,1.64473665,0.000879418213676,0.25696751,445819.99,13073.10
2407,78872576,162.255456,train,1.63955045,0.000879318557313,0.24509194,459895.71,13073.10
2408,78905344,162.312536,train,1.63858771,0.000879218866162,0.24358433,471620.47,13073.10
2409,78938112,162.370088,train,1.62372792,0.000879119140234,0.25375813,480790.93,13073.10
2410,78970880,162.427886,train,1.62441242,0.000879019379539,0.25365868,488209.72,13073.10
2411,79003648,162.485219,train,1.73425174,0.000878919584089,0.25710529,494767.76,13073.10
2412,79036416,162.543070,train,1.62587166,0.000878819753894,0.24638075,500038.93,13073.10
2413,79069184,162.599589,train,1.64995742,0.000878719888964,0.25302660,505385.58,13073.10
2414,79101952,162.656725,train,1.66829491,0.000878619989309,0.24905400,509709.73,13073.10
2415,79134720,162.714168,train,1.70600104,0.000878520054941,0.25316408,513353.50,13073.10
2416,79167488,162.771296,train,1.66997695,0.00087842008587,0.24604397,516745.33,13073.10
2417,79200256,162.828868,train,1.69570446,0.000878320082107,0.25263065,519559.91,13073.10
2418,79233024,162.886417,train,1.64729500,0.000878220043661,0.26055175,522098.34,13073.10
2419,79265792,162.942681,train,1.69678879,0.000878119970544,0.25377107,524958.87,13073.10
2420,79298560,163.000007,train,1.63487291,0.000878019862766,0.26259020,527109.84,13073.10
2421,79331328,163.057728,train,1.66854072,0.000877919720338,0.25383967,528910.89,13073.10
2422,79364096,163.114895,train,1.68876410,0.000877819543271,0.26827830,530774.55,13073.10
2423,79396864,163.172595,train,1.66293120,0.000877719331574,0.25207776,532287.78,13073.10
2424,79429632,163.229975,train,1.65691400,0.000877619085259,0.24934231,533798.32,13073.10
2425,79462400,163.287072,train,1.60450602,0.000877518804336,0.25311062,535294.10,13073.10
2426,79495168,163.344859,train,1.64257073,0.000877418488815,0.25416341,536449.71,13073.10
2427,79527936,163.402208,train,1.70602143,0.000877318138708,0.25303781,537667.03,13073.10
2428,79560704,163.459252,train,1.65686440,0.000877217754025,0.25856102,538899.00,13073.10
2429,79593472,163.517172,train,1.59593308,0.000877117334776,0.25909987,539781.71,13073.10
2430,79626240,163.574441,train,1.68921828,0.000877016880972,0.26661408,540802.69,13073.10
2431,79659008,163.631215,train,1.63949502,0.000876916392624,0.25277218,541903.87,13073.10
2432,79691776,163.689315,train,1.63329804,0.000876815869742,0.24501391,542568.27,13073.10
2433,79724544,163.746448,train,1.63993073,0.000876715312337,0.26098245,543457.53,13073.10
2434,79757312,163.803633,train,1.60609996,0.00087661472042,0.26151556,544283.45,13073.10
2435,79790080,163.860221,train,1.66971219,0.000876514094001,0.25540251,545219.05,13073.10
2436,79822848,163.917543,train,1.62057519,0.000876413433091,0.25399414,545919.94,13073.10
2437,79855616,163.974463,train,1.65074372,0.0008763127377,0.26119593,546684.03,13073.10
2438,79888384,164.031816,train,1.59218323,0.00087621200784,0.25812793,547305.42,13073.10
2439,79921152,164.089667,train,1.60912120,0.00087611124352,0.26025563,547779.61,13073.10
2440,79953920,164.147587,train,1.58380544,0.000876010444751,0.25254151,548214.56,13073.10
2441,79986688,164.205424,train,1.68125868,0.000875909611545,0.24536850,548647.75,13073.10
2442,80019456,164.262491,train,1.65026712,0.000875808743911,0.27073374,549230.12,13073.10
2443,80052224,164.319419,train,1.61801457,0.00087570784186,0.24657159,549815.80,13073.10
2444,80084992,164.376357,train,1.60801411,0.000875606905404,0.25800395,550374.19,13073.10
2445,80117760,164.433682,train,1.63811707,0.000875505934552,0.26225999,550829.20,13073.10
2446,80150528,164.491524,train,1.63846278,0.000875404929315,0.25282973,551160.61,13073.10
2447,80183296,164.549337,train,1.61867654,0.000875303889704,0.25712290,551484.24,13073.10
2448,80216064,164.606588,train,1.62692928,0.00087520281573,0.26127329,551903.60,13073.10
2449,80248832,164.663670,train,1.63881922,0.000875101707404,0.25262177,552338.64,13073.10
2450,80281600,164.721084,train,1.65778232,0.000875000564735,0.25127602,552694.69,13073.10
2451,80314368,164.778277,train,1.66363907,0.000874899387735,0.25438949,553077.79,13073.10
2452,80347136,164.835737,train,1.64547980,0.000874798176415,0.25639340,553398.83,13073.10
2453,80379904,164.892996,train,1.64798379,0.000874696930784,0.25984511,553743.34,13073.10
2454,80412672,164.950742,train,1.67616951,0.000874595650855,0.25039795,553991.25,13073.10
2455,80445440,165.008193,train,1.64951634,0.000874494336636,0.25780398,554280.57,13073.10
2456,80478208,165.065090,train,1.64543867,0.00087439298814,0.25477517,554652.67,13073.10
2457,80510976,165.122055,train,1.62792528,0.000874291605377,0.24835181,555001.12,13073.10
2458,80543744,165.179209,train,1.62715876,0.000874190188357,0.26414928,555307.06,13073.10
2459,80576512,165.236964,train,1.57186449,0.000874088737092,0.24770953,555507.10,13073.10
2460,80609280,165.293712,train,1.70541179,0.000873987251592,0.25493684,555858.88,13073.10
2461,80642048,165.350148,train,1.63185835,0.000873885731867,0.27611440,556247.77,13073.10
2462,80674816,165.406799,train,1.57996964,0.000873784177929,0.25708514,556591.97,13073.10
2463,80707584,165.464122,train,1.64087534,0.000873682589789,0.25149968,556824.49,13073.10
2464,80740352,165.521388,train,1.66791391,0.000873580967456,0.26061434,557058.44,13073.10
2465,80773120,165.578700,train,1.66515803,0.000873479310941,0.26117447,557278.82,13073.10
2466,80805888,165.636836,train,1.65858245,0.000873377620256,0.26193601,557374.11,13073.10
2467,80838656,165.693729,train,1.63603282,0.000873275895412,0.25260359,557642.67,13073.10
2468,80871424,165.751287,train,1.68129480,0.000873174136418,0.25210229,557810.69,13073.10
2469,80904192,165.808615,train,1.61173415,0.000873072343286,0.24968345,558005.73,13073.10
2470,80936960,165.865832,train,1.63486481,0.000872970516026,0.25203729,558210.28,13073.10
2471,80969728,165.923630,train,1.65576077,0.000872868654649,0.24691191,558331.40,13073.10
2472,81002496,165.980277,train,1.63284922,0.000872766759166,0.25144929,558601.35,13073.10
2473,81035264,166.037248,train,1.65725648,0.000872664829588,0.25535992,558821.78,13073.10
2474,81068032,166.094317,train,1.64992678,0.000872562865925,0.25982213,559023.87,13073.10
2475,81100800,166.152041,train,1.58321035,0.000872460868189,0.24111710,559137.35,13073.10
2476,81133568,166.209367,train,1.69409752,0.000872358836389,0.26146173,559297.91,13073.10
2477,81166336,166.266947,train,1.65075660,0.000872256770537,0.27113640,559422.97,13073.10
2478,81199104,166.324300,train,1.69276905,0.000872154670644,0.25870079,559572.55,13073.10
2479,81231872,166.381628,train,1.61671662,0.00087205253672,0.25138849,559721.47,13073.10
2480,81264640,166.438791,train,1.62620890,0.000871950368776,0.25489762,559886.44,13073.10
2481,81297408,166.496228,train,1.66986382,0.000871848166824,0.25017059,560015.14,13073.10
2482,81330176,166.552924,train,1.65824282,0.000871745930872,0.25606081,560227.25,13073.10
2483,81362944,166.609911,train,1.66914821,0.000871643660934,0.25933307,560400.89,13073.10
2484,81395712,166.666916,train,1.57429135,0.000871541357018,0.24877477,560568.27,13073.10
2485,81428480,166.723677,train,1.65272093,0.000871439019137,0.25934449,560759.47,13073.10
2486,81461248,166.781054,train,1.65697277,0.000871336647301,0.24933234,560877.60,13073.10
2487,81494016,166.838505,train,1.60941720,0.00087123424152,0.25487265,560984.80,13073.10
2488,81526784,166.896383,train,1.69426894,0.000871131801806,0.26938233,561043.04,13073.10
2489,81559552,166.953438,train,1.63251007,0.000871029328169,0.24537148,561188.88,13073.10
2490,81592320,167.010459,train,1.61312866,0.000870926820621,0.28563449,561335.12,13073.10
2491,81625088,167.068577,train,1.62827039,0.000870824279171,0.25391978,561362.28,13073.10
2492,81657856,167.126491,train,1.66729856,0.000870721703831,0.28219858,561410.22,13073.10
2493,81690624,167.183555,train,1.63554740,0.000870619094613,0.25268254,561545.09,13073.10
2494,81723392,167.241352,train,1.68399096,0.000870516451525,0.28389519,561602.04,13073.10
2495,81756160,167.299588,train,1.68338943,0.00087041377458,0.26185974,561613.32,13073.10
2496,81788928,167.356665,train,1.60724282,0.000870311063788,0.30367318,561740.58,13073.10
2497,81821696,167.414024,train,1.63529372,0.000870208319161,0.25528744,561837.24,13073.10
2498,81854464,167.472046,train,1.64678526,0.000870105540708,0.27681530,561866.92,13073.10
2499,81887232,167.528959,train,1.62582862,0.000870002728441,0.27846006,562003.79,13073.10
2500,81920000,167.586889,train,1.63498855,0.00086989988237,0.25990257,562040.01,13073.10
2500,81920000,167.924905,valid,1.63702172,0.00086989988237,,562040.01,13073.10
2501,81952768,168.084150,train,1.67336988,0.000869797002507,0.28320894,207359.85,13073.10
2502,81985536,168.143603,train,1.59858894,0.000869694088863,0.26322457,301344.98,13073.10
2503,82018304,168.201312,train,1.60776484,0.000869591141448,0.25818038,357225.36,13073.10
2504,82051072,168.258699,train,1.64116025,0.000869488160273,0.28714457,394113.86,13073.10
2505,82083840,168.316735,train,1.65770936,0.000869385145348,0.25695181,419447.39,13073.10
2506,82116608,168.373767,train,1.69551802,0.000869282096686,0.26591578,439207.90,13073.10
2507,82149376,168.431426,train,1.61311042,0.000869179014297,0.25659755,453939.79,13073.10
2508,82182144,168.488794,train,1.59527481,0.000869075898191,0.24464533,465893.92,13073.10
2509,82214912,168.546131,train,1.63409090,0.00086897274838,0.27701956,475660.24,13073.10
2510,82247680,168.603443,train,1.61866236,0.000868869564874,0.26885894,483790.34,13073.10
2511,82280448,168.660397,train,1.63129330,0.000868766347684,0.24540608,490891.32,13073.10
2512,82313216,168.717508,train,1.62582493,0.000868663096822,0.25930113,496871.95,13073.10
2513,82345984,168.774962,train,1.61223507,0.000868559812298,0.25823352,501844.40,13073.10
2514,82378752,168.832224,train,1.61024892,0.000868456494123,0.26201144,506293.62,13073.10
2515,82411520,168.889596,train,1.66900361,0.000868353142308,0.25868905,510155.53,13073.10
2516,82444288,168.946601,train,1.61536813,0.000868249756864,0.27561674,513768.01,13073.10
2517,82477056,169.004006,train,1.63288140,0.000868146337801,0.25525895,516806.62,13073.10
2518,82509824,169.061721,train,1.61959529,0.000868042885132,0.25077122,519396.12,13073.10
2519,82542592,169.118802,train,1.68199825,0.000867939398866,0.24978535,522012.21,13073.10
2520,82575360,169.175772,train,1.60712576,0.000867835879014,0.26306292,524435.99,13073.10
2521,82608128,169.233454,train,1.60745597,0.000867732325588,0.24097031,526361.72,13073.10
2522,82640896,169.291061,train,1.64966989,0.000867628738599,0.26046842,528153.97,13073.10
2523,82673664,169.348912,train,1.63820982,0.000867525118057,0.26810899,529709.55,13073.10
2524,82706432,169.406440,train,1.64823759,0.000867421463974,0.25303182,531259.86,13073.10
2525,82739200,169.463122,train,1.62144935,0.000867317776359,0.25194579,532987.55,13073.10
2526,82771968,169.520146,train,1.65881455,0.000867214055226,0.25248015,534477.33,13073.10
2527,82804736,169.577793,train,1.61910748,0.000867110300583,0.26385587,535661.88,13073.10
2528,82837504,169.636099,train,1.63427079,0.000867006512442,0.25846615,536560.45,13073.10
2529,82870272,169.693324,train,1.60004091,0.000866902690815,0.24809025,537727.84,13073.10
2530,82903040,169.751322,train,1.69141054,0.000866798835711,0.25788125,538593.79,13073.10
2531,82935808,169.809020,train,1.62320387,0.000866694947143,0.25138792,539492.82,13073.10
2532,82968576,169.866520,train,1.65598297,0.000866591025121,0.26485443,540393.20,13073.10
2533,83001344,169.924018,train,1.60236645,0.000866487069656,0.25571039,541242.17,13073.10
2534,83034112,169.981376,train,1.66392517,0.000866383080759,0.25223306,542080.81,13073.10
2535,83066880,170.038153,train,1.64483607,0.000866279058441,0.25060406,543023.05,13073.10
2536,83099648,170.095572,train,1.60340393,0.000866175002713,0.24355122,543755.15,13073.10
2537,83132416,170.153557,train,1.64842832,0.000866070913586,0.24919887,544310.95,13073.10
2538,83165184,170.211338,train,1.64872646,0.00086596679107,0.25343966,544887.49,13073.10
2539,83197952,170.268313,train,1.59353042,0.000865862635178,0.24481094,545623.19,13073.10
2540,83230720,170.325698,train,1.58681333,0.00086575844592,0.24616468,546230.54,13073.10
2541,83263488,170.382432,train,1.63543630,0.000865654223307,0.25554425,546954.42,13073.10
2542,83296256,170.439584,train,1.63124466,0.00086554996735,0.24283123,547554.69,13073.10
2543,83329024,170.497589,train,1.60996628,0.000865445678059,0.26273507,547946.02,13073.10
2544,83361792,170.554826,train,1.64223611,0.000865341355447,0.24959512,548480.78,13073.10
2545,83394560,170.611506,train,1.64648795,0.000865236999524,0.26098806,549106.46,13073.10
2546,83427328,170.668562,train,1.66171646,0.000865132610301,0.25375706,549630.81,13073.10
2547,83460096,170.725740,train,1.64468598,0.000865028187789,0.24714608,550109.86,13073.10
2548,83492864,170.782522,train,1.65742111,0.000864923731999,0.27920824,550646.23,13073.10
2549,83525632,170.840397,train,1.64931679,0.000864819242942,0.26026165,550954.82,13073.10
2550,83558400,170.897823,train,1.69654286,0.00086471472063,0.26251715,551334.67,13073.10
2551,83591168,170.955167,train,1.61759114,0.000864610165073,0.25374511,551714.97,13073.10
2552,83623936,171.013405,train,1.72866988,0.000864505576282,0.25773066,551921.44,13073.10
2553,83656704,171.070861,train,1.62620056,0.000864400954268,0.24600802,552257.40,13073.10
2554,83689472,171.127878,train,1.62166071,0.000864296299043,0.25418314,552657.28,13073.10
2555,83722240,171.184863,train,1.63408136,0.000864191610617,0.24421370,553048.52,13073.10
2556,83755008,171.241666,train,1.59610510,0.000864086889002,0.24821700,553456.60,13073.10
2557,83787776,171.298770,train,1.63773370,0.000863982134208,0.25546581,553801.63,13073.10
2558,83820544,171.356086,train,1.63165569,0.000863877346247,0.25013676,554100.73,13073.10
2559,83853312,171.413568,train,1.66127694,0.000863772525129,0.25189096,554363.80,13073.10
2560,83886080,171.470682,train,1.64586806,0.000863667670867,0.25883278,554675.74,13073.10
2561,83918848,171.528599,train,1.68516850,0.00086356278347,0.25184506,554854.23,13073.10
2562,83951616,171.585937,train,1.68664968,0.00086345786295,0.25879604,555114.91,13073.10
2563,83984384,171.642898,train,1.59796095,0.000863352909318,0.26387072,555423.81,13073.10
2564,84017152,171.700028,train,1.62461710,0.000863247922585,0.26609689,555698.47,13073.10
2565,84049920,171.757321,train,1.59877920,0.000863142902763,0.24698368,555941.26,13073.10
2566,84082688,171.813696,train,1.62629580,0.000863037849861,0.26821089,556308.26,13073.10
2567,84115456,171.872626,train,1.59356093,0.000862932763892,0.24461950,556304.42,13073.10
2568,84148224,171.929803,train,1.65348840,0.000862827644867,0.25531831,556544.35,13073.10
2569,84180992,171.987461,train,1.64221525,0.000862722492796,0.25646904,556711.46,13073.10
2570,84213760,172.044890,train,1.61930525,0.000862617307691,0.26285779,556904.80,13073.10
2571,84246528,172.101677,train,1.60547948,0.000862512089562,0.25729930,557178.55,13073.10
2572,84279296,172.158378,train,1.63287735,0.000862406838422,0.26299825,557456.19,13073.10
2573,84312064,172.215573,train,1.61388946,0.00086230155428,0.25821561,557662.38,13073.10
2574,84344832,172.272631,train,1.58333921,0.000862196237149,0.24228981,557880.70,13073.10
2575,84377600,172.329986,train,1.62299514,0.000862090887039,0.25262111,558055.78,13073.10
2576,84410368,172.387078,train,1.61988890,0.000861985503961,0.25436372,558259.27,13073.10
2577,84443136,172.444213,train,1.64879394,0.000861880087927,0.24665438,558452.14,13073.10
2578,84475904,172.501461,train,1.62303448,0.000861774638948,0.24931408,558626.48,13073.10
2579,84508672,172.558291,train,1.71126819,0.000861669157034,0.24866247,558847.03,13073.10
2580,84541440,172.615092,train,1.60931754,0.000861563642197,0.26512399,559065.62,13073.10
2581,84574208,172.672057,train,1.67644858,0.000861458094449,0.25437978,559259.57,13073.10
2582,84606976,172.729291,train,1.63244069,0.0008613525138,0.25849676,559417.67,13073.10
2583,84639744,172.786375,train,1.61287749,0.000861246900261,0.24626458,559589.38,13073.10
2584,84672512,172.843265,train,1.64716077,0.000861141253843,0.25593585,559779.03,13073.10
2585,84705280,172.901287,train,1.66151536,0.000861035574559,0.25166085,559837.07,13073.10
2586,84738048,172.958143,train,1.68090653,0.000860929862418,0.27762860,560023.43,13073.10
2587,84770816,173.016083,train,1.62480056,0.000860824117432,0.25365236,560086.40,13073.10
2588,84803584,173.072853,train,1.61833787,0.000860718339613,0.25259751,560275.23,13073.10
2589,84836352,173.129851,train,1.65483522,0.000860612528971,0.26367921,560435.33,13073.10
2590,84869120,173.187086,train,1.64219069,0.000860506685517,0.25037849,560566.78,13073.10
2591,84901888,173.243696,train,1.64781749,0.000860400809263,0.26016986,560761.38,13073.10
2592,84934656,173.301020,train,1.62427521,0.000860294900221,0.25083816,560877.20,13073.10
2593,84967424,173.359058,train,1.63619995,0.0008601889584,0.26099953,560916.95,13073.10
2594,85000192,173.416086,train,1.65688586,0.000860082983813,0.25594962,561059.04,13073.10
2595,85032960,173.473450,train,1.65804160,0.00085997697647,0.25988412,561164.18,13073.10
2596,85065728,173.530588,train,1.60753155,0.000859870936382,0.25435993,561289.85,13073.10
2597,85098496,173.588352,train,1.57407713,0.000859764863562,0.24159378,561350.81,13073.10
2598,85131264,173.645991,train,1.64509356,0.00085965875802,0.25913665,561422.96,13073.10
2599,85164032,173.703084,train,1.66895854,0.000859552619767,0.25806442,561546.62,13073.10
2600,85196800,173.760996,train,1.63130522,0.000859446448815,0.26005569,561589.11,13073.10
2600,85196800,174.097895,valid,1.62951236,0.000859446448815,,561589.11,13073.10
2601,85229568,174.252606,train,1.66323066,0.000859340245175,0.27619568,213487.84,13073.10
2602,85262336,174.310936,train,1.62181497,0.000859234008857,0.25681245,309397.42,13073.10
2603,85295104,174.369204,train,1.63986194,0.000859127739874,0.25249797,363971.63,13073.10
2604,85327872,174.427702,train,1.58099675,0.000859021438236,0.26950052,398898.54,13073.10
2605,85360640,174.485246,train,1.62212408,0.000858915103954,0.25759488,424313.41,13073.10
2606,85393408,174.542904,train,1.67571187,0.000858808737041,0.25248733,443023.23,13073.10
2607,85426176,174.600185,train,1.61519408,0.000858702337507,0.25717866,457774.51,13073.10
2608,85458944,174.657151,train,1.60219598,0.000858595905363,0.25437772,469763.63,13073.10
2609,85491712,174.714391,train,1.61276555,0.00085848944062,0.25429723,479318.18,13073.10
2610,85524480,174.771530,train,1.65584493,0.000858382943291,0.25188765,487320.06,13073.10
2611,85557248,174.829148,train,1.63594329,0.000858276413385,0.25372553,493743.36,13073.10
2612,85590016,174.886490,train,1.64263082,0.000858169850915,0.26157740,499402.53,13073.10
2613,85622784,174.943494,train,1.62320256,0.000858063255892,0.25088274,504495.16,13073.10
2614,85655552,175.001032,train,1.63296652,0.000857956628326,0.25272602,508642.23,13073.10
2615,85688320,175.058476,train,1.62360215,0.00085784996823,0.25332344,512342.24,13073.10
2616,85721088,175.115821,train,1.61041951,0.000857743275614,0.23903786,515674.45,13073.10
2617,85753856,175.172376,train,1.67125738,0.000857636550489,0.26775497,519032.18,13073.10
2618,85786624,175.229545,train,1.68922842,0.000857529792868,0.26082230,521770.79,13073.10
2619,85819392,175.287031,train,1.63663316,0.000857423002761,0.24776487,524105.47,13073.10
2620,85852160,175.344136,train,1.67244208,0.000857316180179,0.25360417,526385.83,13073.10
2621,85884928,175.401684,train,1.58243227,0.000857209325134,0.25353929,528286.08,13073.10
2622,85917696,175.458579,train,1.62777233,0.000857102437637,0.24807148,530280.36,13073.10
2623,85950464,175.515469,train,1.65049458,0.000856995517699,0.24961740,532116.56,13073.10
2624,85983232,175.572149,train,1.62061429,0.000856888565332,0.25133589,533886.66,13073.10
2625,86016000,175.629275,train,1.64881623,0.000856781580547,0.26289910,535369.75,13073.10
2626,86048768,175.686300,train,1.58855295,0.000856674563356,0.26454020,536780.26,13073.10
2627,86081536,175.742313,train,1.59030342,0.000856567513769,0.25518930,538423.91,13073.10
2628,86114304,175.799392,train,1.60515654,0.000856460431797,0.24660601,539620.94,13073.10
2629,86147072,175.856135,train,1.60514688,0.000856353317453,0.25084096,540843.69,13073.10
2630,86179840,175.913138,train,1.56870568,0.000856246170748,0.25173798,541912.31,13073.10
2631,86212608,175.969479,train,1.61913574,0.000856138991692,0.24694389,543107.79,13073.10
2632,86245376,176.026239,train,1.66859794,0.000856031780297,0.25719231,544115.01,13073.10
2633,86278144,176.083348,train,1.63857055,0.000855924536575,0.25535160,544969.03,13073.10
2634,86310912,176.140379,train,1.63811409,0.000855817260537,0.26764914,545795.88,13073.10
2635,86343680,176.197386,train,1.63348746,0.000855709952193,0.25314024,546583.86,13073.10
2636,86376448,176.254251,train,1.64946628,0.000855602611556,0.25588784,547366.61,13073.10
2637,86409216,176.311563,train,1.59559059,0.000855495238637,0.24843185,547997.60,13073.10
2638,86441984,176.368957,train,1.62732196,0.000855387833447,0.25167283,548577.84,13073.10
2639,86474752,176.426541,train,1.63122010,0.000855280395998,0.25301814,549084.21,13073.10
2640,86507520,176.484253,train,1.60073996,0.0008551729263,0.24976772,549537.04,13073.10
2641,86540288,176.540823,train,1.64087200,0.000855065424366,0.25538313,550225.30,13073.10
2642,86573056,176.597871,train,1.61075807,0.000854957890206,0.24605687,550776.99,13073.10
2643,86605824,176.654723,train,1.60865140,0.000854850323832,0.25380555,551346.40,13073.10
2644,86638592,176.711577,train,1.64669991,0.000854742725255,0.25031281,551890.63,13073.10
2645,86671360,176.768915,train,1.59818029,0.000854635094487,0.25442925,552311.34,13073.10
2646,86704128,176.826266,train,1.61398661,0.000854527431539,0.26619515,552712.08,13073.10
2647,86736896,176.883266,train,1.59004903,0.000854419736422,0.24776095,553165.95,13073.10
2648,86769664,176.940485,train,1.65784538,0.000854312009148,0.26876977,553558.82,13073.10
2649,86802432,176.996852,train,1.61490822,0.000854204249729,0.25245306,554099.10,13073.10
2650,86835200,177.054583,train,1.62508547,0.000854096458174,0.25985020,554362.80,13073.10
2651,86867968,177.111731,train,1.58760166,0.000853988634497,0.25592250,554723.56,13073.10
2652,86900736,177.168730,train,1.58332038,0.000853880778708,0.26325157,555098.02,13073.10
2653,86933504,177.225976,train,1.58462572,0.000853772890818,0.26092011,555414.93,13073.10
2654,86966272,177.283107,train,1.64021111,0.00085366497084,0.25486144,555740.42,13073.10
2655,86999040,177.340260,train,1.61618090,0.000853557018784,0.26757744,556050.71,13073.10
2656,87031808,177.397327,train,1.61516702,0.000853449034662,0.25580224,556364.88,13073.10
2657,87064576,177.455271,train,1.69549346,0.000853341018485,0.26501295,556522.72,13073.10
2658,87097344,177.512688,train,1.63925576,0.000853232970265,0.24808776,556761.18,13073.10
2659,87130112,177.570052,train,1.62098873,0.000853124890013,0.26124704,557000.49,13073.10
2660,87162880,177.627195,train,1.67391539,0.00085301677774,0.26875347,557266.62,13073.10
2661,87195648,177.684895,train,1.57977176,0.000852908633459,0.25697112,557437.85,13073.10
2662,87228416,177.741048,train,1.69037473,0.00085280045718,0.26768756,557840.36,13073.10
2663,87261184,177.799357,train,1.59039474,0.000852692248914,0.26132438,557905.54,13073.10
2664,87293952,177.856319,train,1.60880899,0.000852584008674,0.25002939,558168.63,13073.10
2665,87326720,177.913334,train,1.66354167,0.000852475736471,0.26407197,558416.10,13073.10
2666,87359488,177.970527,train,1.56727242,0.000852367432315,0.25709042,558630.56,13073.10
2667,87392256,178.027592,train,1.67696762,0.00085225909622,0.25426969,558857.04,13073.10
2668,87425024,178.085340,train,1.64906800,0.000852150728195,0.25648418,558981.28,13073.10
2669,87457792,178.142719,train,1.60684001,0.000852042328252,0.27224419,559153.01,13073.10
2670,87490560,178.199841,train,1.65447903,0.000851933896404,0.26259407,559354.93,13073.10
2671,87523328,178.257027,train,1.61587405,0.000851825432661,0.25348499,559542.61,13073.10
2672,87556096,178.314187,train,1.64472747,0.000851716937034,0.26152816,559728.78,13073.10
2673,87588864,178.371841,train,1.66786718,0.000851608409536,0.25674000,559845.13,13073.10
2674,87621632,178.428449,train,1.68539858,0.000851499850178,0.25257358,560093.76,13073.10
2675,87654400,178.486503,train,1.63478494,0.00085139125897,0.25922474,560151.39,13073.10
2676,87687168,178.544350,train,1.61347723,0.000851282635926,0.25857714,560233.39,13073.10
2677,87719936,178.600990,train,1.67543459,0.000851173981055,0.25165957,560463.59,13073.10
2678,87752704,178.658631,train,1.63682604,0.000851065294371,0.26847136,560565.11,13073.10
2679,87785472,178.716203,train,1.61001205,0.000850956575883,0.25888792,560672.23,13073.10
2680,87818240,178.773423,train,1.67584252,0.000850847825604,0.24996723,560819.13,13073.10
2681,87851008,178.828491,train,1.61364508,0.000850739043545,0.25232658,561217.63,13073.10
2682,87883776,178.886280,train,1.66535330,0.000850630229717,0.26020226,561287.79,13073.10
2683,87916544,178.943411,train,1.55657649,0.000850521384132,0.24723986,561432.50,13073.10
2684,87949312,179.000683,train,1.60370302,0.000850412506803,0.26958120,561557.69,13073.10
2685,87982080,179.057767,train,1.68664527,0.000850303597739,0.25060582,561701.36,13073.10
2686,88014848,179.114710,train,1.58578682,0.000850194656952,0.26283497,561857.45,13073.10
2687,88047616,179.171218,train,1.66033006,0.000850085684455,0.26528633,562058.31,13073.10
2688,88080384,179.229255,train,1.64534307,0.000849976680258,0.25393867,562087.06,13073.10
2689,88113152,179.286752,train,1.62924802,0.000849867644374,0.27209347,562173.68,13073.10
2690,88145920,179.343436,train,1.60925698,0.000849758576813,0.26185408,562345.67,13073.10
2691,88178688,179.400765,train,1.63456416,0.000849649477587,0.26829079,562445.47,13073.10
2692,88211456,179.458601,train,1.66162789,0.000849540346707,0.25310698,562490.00,13073.10
2693,88244224,179.516225,train,1.58934069,0.000849431184186,0.29048651,562555.53,13073.10
2694,88276992,179.573647,train,1.54852057,0.000849321990035,0.24605586,562640.47,13073.10
2695,88309760,179.630895,train,1.53878832,0.000849212764265,0.27374697,562741.33,13073.10
2696,88342528,179.687875,train,1.65961325,0.000849103506887,0.24591060,562867.13,13073.10
2697,88375296,179.744630,train,1.59782815,0.000848994217914,0.25785086,563012.85,13073.10
2698,88408064,179.802213,train,1.62079835,0.000848884897357,0.25124255,563073.83,13073.10
2699,88440832,179.859987,train,1.61405981,0.000848775545227,0.24846034,563114.97,13073.10
2700,88473600,179.917518,train,1.62638903,0.000848666161537,0.24427345,563178.81,13073.10
2700,88473600,180.257002,valid,1.62096214,0.000848666161537,,563178.81,13073.10
2701,88506368,180.399364,train,1.62218750,0.000848556746296,0.26625207,232582.16,13073.10
2702,88539136,180.457277,train,1.60692823,0.000848447299518,0.24448672,329657.72,13073.10
2703,88571904,180.515157,train,1.60952735,0.000848337821214,0.27623260,382980.88,13073.10
2704,88604672,180.573172,train,1.60281253,0.000848228311394,0.25172421,416503.74,13073.10
2705,88637440,180.629847,train,1.60953808,0.000848118770072,0.24516474,441175.75,13073.10
2706,88670208,180.687149,train,1.65029955,0.000848009197258,0.25856072,458643.99,13073.10
2707,88702976,180.743968,train,1.63119578,0.000847899592963,0.24727762,472460.77,13073.10
2708,88735744,180.801182,train,1.61840153,0.000847789957201,0.25528631,483031.92,13073.10
2709,88768512,180.858512,train,1.58215094,0.000847680289981,0.25205174,491490.51,13073.10
2710,88801280,180.915669,train,1.61306858,0.000847570591316,0.25616330,498605.07,13073.10
2711,88834048,180.973353,train,1.57946420,0.000847460861217,0.25067443,504209.68,13073.10
2712,88866816,181.030475,train,1.62893605,0.000847351099696,0.25817955,509347.77,13073.10
2713,88899584,181.087764,train,1.64928150,0.000847241306765,0.26862007,513674.18,13073.10
2714,88932352,181.145056,train,1.64971256,0.000847131482434,0.25445721,517440.00,13073.10
2715,88965120,181.203030,train,1.60828614,0.000847021626716,0.25516087,520372.35,13073.10
2716,88997888,181.259862,train,1.59741592,0.000846911739623,0.29223731,523562.64,13073.10
2717,89030656,181.317195,train,1.61344063,0.000846801821165,0.25287187,526160.46,13073.10
2718,89063424,181.374382,train,1.62587035,0.000846691871355,0.30470136,528560.97,13073.10
2719,89096192,181.432337,train,1.60647750,0.000846581890203,0.26688799,530379.78,13073.10
2720,89128960,181.489567,train,1.62490296,0.000846471877723,0.25995836,532340.89,13073.10
2721,89161728,181.546976,train,1.61840498,0.000846361833925,0.27906749,534053.42,13073.10
2722,89194496,181.604163,train,1.64794207,0.00084625175882,0.25246614,535708.44,13073.10
2723,89227264,181.661788,train,1.60913706,0.000846141652422,0.25598300,537060.80,13073.10
2724,89260032,181.718942,train,1.61910343,0.00084603151474,0.25673157,538480.39,13073.10
2725,89292800,181.776748,train,1.64077055,0.000845921345787,0.26508203,539560.82,13073.10
2726,89325568,181.833815,train,1.66936278,0.000845811145575,0.26170516,540815.76,13073.10
2727,89358336,181.890388,train,1.58983445,0.000845700914115,0.24508403,542147.10,13073.10
2728,89391104,181.947152,train,1.69290304,0.000845590651419,0.27055970,543327.72,13073.10
2729,89423872,182.005289,train,1.61653411,0.000845480357498,0.24378331,544003.27,13073.10
2730,89456640,182.062567,train,1.64048707,0.000845370032364,0.26088220,544894.92,13073.10
2731,89489408,182.119790,train,1.62964225,0.000845259676029,0.25329688,545747.84,13073.10
2732,89522176,182.176943,train,1.67141438,0.000845149288504,0.25181803,546569.72,13073.10
2733,89554944,182.234777,train,1.64823747,0.000845038869801,0.27086768,547155.65,13073.10
2734,89587712,182.292094,train,1.53637266,0.000844928419932,0.24345234,547847.27,13073.10
2735,89620480,182.349726,train,1.57899415,0.000844817938908,0.24982083,548418.15,13073.10
2736,89653248,182.407863,train,1.59782791,0.000844707426742,0.26516977,548830.00,13073.10
2737,89686016,182.465318,train,1.64503980,0.000844596883444,0.24884872,549389.54,13073.10
2738,89718784,182.522505,train,1.62876511,0.000844486309026,0.26724982,549986.06,13073.10
2739,89751552,182.580257,train,1.55931520,0.0008443757035,0.24565798,550418.87,13073.10
2740,89784320,182.636987,train,1.68364978,0.000844265066879,0.25642765,551067.52,13073.10
2741,89817088,182.694756,train,1.63042116,0.000844154399172,0.25765058,551450.32,13073.10
2742,89849856,182.752275,train,1.61104321,0.000844043700393,0.25440308,551871.31,13073.10
2743,89882624,182.810128,train,1.67207217,0.000843932970552,0.25069430,552200.80,13073.10
2744,89915392,182.867633,train,1.59133542,0.000843822209662,0.24946105,552589.23,13073.10
2745,89948160,182.925736,train,1.63423371,0.000843711417735,0.26238304,552837.19,13073.10
2746,89980928,182.983676,train,1.62395096,0.000843600594781,0.24239424,553107.32,13073.10
2747,90013696,183.042098,train,1.63421094,0.000843489740813,0.25355127,553270.55,13073.10
2748,90046464,183.099488,train,1.60320532,0.000843378855842,0.25040355,553628.20,13073.10
2749,90079232,183.156666,train,1.60897303,0.00084326793988,0.26095301,554011.98,13073.10
2750,90112000,183.214220,train,1.55931950,0.000843156992939,0.25146586,554310.57,13073.10
2751,90144768,183.271545,train,1.65338135,0.00084304601503,0.25703484,554639.85,13073.10
2752,90177536,183.328443,train,1.61415446,0.000842935006166,0.27436671,555034.04,13073.10
2753,90210304,183.386679,train,1.58925772,0.000842823966357,0.24330126,555176.25,13073.10
2754,90243072,183.444166,train,1.59785855,0.000842712895617,0.26174137,555444.02,13073.10
2755,90275840,183.501335,train,1.61551893,0.000842601793955,0.25436553,555756.60,13073.10
2756,90308608,183.559134,train,1.63966417,0.000842490661385,0.25866336,555952.31,13073.10
2757,90341376,183.616554,train,1.60129845,0.000842379497917,0.24572039,556203.90,13073.10
2758,90374144,183.674438,train,1.63580060,0.000842268303565,0.26491708,556371.48,13073.10
2759,90406912,183.731612,train,1.60392904,0.000842157078338,0.26996842,556647.42,13073.10
2760,90439680,183.788865,train,1.59835446,0.00084204582225,0.26265076,556901.79,13073.10
2761,90472448,183.846198,train,1.62887955,0.000841934535311,0.24513067,557135.58,13073.10
2762,90505216,183.903269,train,1.61674714,0.000841823217535,0.27973765,557402.31,13073.10
2763,90537984,183.961065,train,1.61505198,0.000841711868931,0.27126563,557551.51,13073.10
2764,90570752,184.018481,train,1.63150072,0.000841600489513,0.26225737,557752.50,13073.10
2765,90603520,184.076478,train,1.62355363,0.000841489079291,0.27443630,557862.48,13073.10
2766,90636288,184.134129,train,1.62999249,0.000841377638278,0.26328719,558019.08,13073.10
2767,90669056,184.191275,train,1.62353802,0.000841266166486,0.26504752,558242.64,13073.10
2768,90701824,184.248650,train,1.63703823,0.000841154663926,0.26339263,558427.74,13073.10
2769,90734592,184.306655,train,1.61378741,0.00084104313061,0.24814577,558520.63,13073.10
2770,90767360,184.364466,train,1.62421536,0.000840931566549,0.28640029,558637.48,13073.10
2771,90800128,184.421830,train,1.63773012,0.000840819971757,0.25062153,558811.11,13073.10
2772,90832896,184.479136,train,1.65060544,0.000840708346243,0.25944749,558987.43,13073.10
2773,90865664,184.537257,train,1.63929248,0.000840596690021,0.29317090,559052.68,13073.10
2774,90898432,184.594990,train,1.59940445,0.000840485003102,0.25050128,559166.19,13073.10
2775,90931200,184.652842,train,1.62760210,0.000840373285497,0.30270219,559261.63,13073.10
2776,90963968,184.710979,train,1.59740269,0.000840261537219,0.25380459,559318.55,13073.10
2777,90996736,184.768084,train,1.58869505,0.000840149758279,0.24929720,559502.36,13073.10
2778,91029504,184.825645,train,1.66495705,0.000840037948689,0.28313977,559625.44,13073.10
2779,91062272,184.883905,train,1.66699505,0.000839926108462,0.24259017,559660.93,13073.10
2780,91095040,184.941411,train,1.65852642,0.000839814237608,0.25491118,559785.77,13073.10
2781,91127808,184.999190,train,1.59243917,0.00083970233614,0.26199952,559875.12,13073.10
2782,91160576,185.056873,train,1.58119440,0.000839590404069,0.26486418,559973.75,13073.10
2783,91193344,185.114933,train,1.60516691,0.000839478441407,0.25674361,560026.43,13073.10
2784,91226112,185.172264,train,1.62975264,0.000839366448167,0.24572392,560160.93,13073.10
2785,91258880,185.229664,train,1.63754511,0.000839254424359,0.25166795,560284.57,13073.10
2786,91291648,185.286875,train,1.62386370,0.000839142369996,0.25810292,560426.53,13073.10
2787,91324416,185.344048,train,1.62407422,0.00083903028509,0.24469604,560569.45,13073.10
2788,91357184,185.401578,train,1.57618487,0.000838918169652,0.24299610,560670.21,13073.10
2789,91389952,185.458438,train,1.59178555,0.000838806023694,0.24289259,560841.09,13073.10
2790,91422720,185.514754,train,1.57364798,0.000838693847228,0.24231662,561066.27,13073.10
2791,91455488,185.572338,train,1.59299254,0.000838581640267,0.23948769,561152.66,13073.10
2792,91488256,185.630161,train,1.65244317,0.000838469402821,0.25868630,561212.40,13073.10
2793,91521024,185.687276,train,1.66067076,0.000838357134902,0.25173530,561343.96,13073.10
2794,91553792,185.743775,train,1.63267267,0.000838244836524,0.24216731,561535.96,13073.10
2795,91586560,185.800989,train,1.60795844,0.000838132507696,0.24897851,561651.46,13073.10
2796,91619328,185.858580,train,1.63025975,0.000838020148432,0.24680567,561726.71,13073.10
2797,91652096,185.915566,train,1.65383554,0.000837907758743,0.25544024,561860.60,13073.10
2798,91684864,185.973164,train,1.65506136,0.000837795338641,0.24856679,561931.66,13073.10
2799,91717632,186.030119,train,1.59735692,0.000837682888138,0.25283763,562063.93,13073.10
2800,91750400,186.086836,train,1.58951879,0.000837570407246,0.24344468,562216.47,13073.10
2800,91750400,186.425213,valid,1.61464579,0.000837570407246,,562216.47,13073.10
2801,91783168,186.583848,train,1.60627913,0.000837457895976,0.25259167,208503.27,13073.10
2802,91815936,186.641321,train,1.65992582,0.00083734535434,0.25708747,305343.90,13073.10
2803,91848704,186.700508,train,1.63263750,0.000837232782351,0.24489123,359014.29,13073.10
2804,91881472,186.757967,train,1.60991132,0.000837120180021,0.25422367,395658.49,13073.10
2805,91914240,186.815343,train,1.67410970,0.00083700754736,0.25812617,421560.16,13073.10
2806,91947008,186.872488,train,1.56987762,0.000836894884382,0.25193441,441026.06,13073.10
2807,91979776,186.929829,train,1.63326490,0.000836782191098,0.24632862,455890.49,13073.10
2808,92012544,186.987878,train,1.66029811,0.000836669467519,0.26171511,467124.47,13073.10
2809,92045312,187.045835,train,1.55009580,0.000836556713658,0.25332305,476322.42,13073.10
2810,92078080,187.103368,train,1.66227305,0.000836443929527,0.24500887,484248.60,13073.10
2811,92110848,187.160679,train,1.58529019,0.000836331115138,0.25137377,491081.77,13073.10
2812,92143616,187.218335,train,1.58472705,0.000836218270502,0.26249027,496708.04,13073.10
2813,92176384,187.275930,train,1.62026858,0.000836105395631,0.25951016,501606.80,13073.10
2814,92209152,187.333759,train,1.63187647,0.000835992490538,0.27272901,505752.40,13073.10
2815,92241920,187.390982,train,1.66942358,0.000835879555235,0.24886037,509721.62,13073.10
2816,92274688,187.448647,train,1.62763834,0.000835766589732,0.24918938,513024.09,13073.10
2817,92307456,187.505778,train,1.64785409,0.000835653594043,0.25400704,516229.19,13073.10
2818,92340224,187.563207,train,1.63883281,0.000835540568178,0.25863379,518975.56,13073.10
2819,92372992,187.621717,train,1.57295895,0.000835427512151,0.24854089,520986.31,13073.10
2820,92405760,187.678990,train,1.62853539,0.000835314425973,0.25563788,523325.54,13073.10
2821,92438528,187.736620,train,1.60609210,0.000835201309655,0.25944495,525317.11,13073.10
2822,92471296,187.793892,train,1.67678416,0.000835088163211,0.24972895,527278.99,13073.10
2823,92504064,187.851734,train,1.58230782,0.000834974986651,0.26254278,528871.13,13073.10
2824,92536832,187.909205,train,1.59006894,0.000834861779988,0.26227340,530471.65,13073.10
2825,92569600,187.966218,train,1.61847961,0.000834748543234,0.25826380,532111.59,13073.10
2826,92602368,188.023014,train,1.69583440,0.000834635276401,0.26889667,533706.65,13073.10
2827,92635136,188.080179,train,1.62612820,0.0008345219795,0.24761753,535072.64,13073.10
2828,92667904,188.137280,train,1.62740326,0.000834408652544,0.26350760,536367.52,13073.10
2829,92700672,188.194834,train,1.59891748,0.000834295295545,0.25253570,537440.88,13073.10
2830,92733440,188.250976,train,1.61661363,0.000834181908514,0.26339859,538863.06,13073.10
2831,92766208,188.308805,train,1.60721660,0.000834068491463,0.25019237,539716.45,13073.10
2832,92798976,188.366031,train,1.60307133,0.000833955044405,0.24899732,540687.03,13073.10
2833,92831744,188.423212,train,1.67109418,0.000833841567352,0.25783378,541614.29,13073.10
2834,92864512,188.481090,train,1.54682386,0.000833728060315,0.27135977,542305.59,13073.10
2835,92897280,188.538474,train,1.64100766,0.000833614523307,0.24969606,543086.17,13073.10
2836,92930048,188.595891,train,1.62058544,0.000833500956339,0.25610676,543817.11,13073.10
2837,92962816,188.654006,train,1.60631931,0.000833387359424,0.26036644,544339.68,13073.10
2838,92995584,188.712190,train,1.66565537,0.000833273732573,0.26505476,544819.11,13073.10
2839,93028352,188.769988,train,1.60643184,0.000833160075799,0.26306719,545364.89,13073.10
2840,93061120,188.827338,train,1.61597323,0.000833046389113,0.24963349,545986.17,13073.10
2841,93093888,188.885441,train,1.66461658,0.000832932672528,0.25745752,546411.00,13073.10
2842,93126656,188.944137,train,1.61838508,0.000832818926055,0.26553258,546687.35,13073.10
2843,93159424,189.001545,train,1.62200809,0.000832705149707,0.25033906,547224.87,13073.10
2844,93192192,189.058987,train,1.60492134,0.000832591343495,0.26451430,547731.76,13073.10
2845,93224960,189.114226,train,1.64651465,0.000832477507432,0.26586047,548666.39,13073.10
2846,93257728,189.171995,train,1.57903647,0.00083236364153,0.24594063,549056.92,13073.10
2847,93290496,189.229422,train,1.57169294,0.0008322497458,0.25147355,549498.47,13073.10
2848,93323264,189.287401,train,1.59733319,0.000832135820254,0.25714970,549815.71,13073.10
2849,93356032,189.345588,train,1.61650300,0.000832021864906,0.24838512,550081.89,13073.10
2850,93388800,189.403096,train,1.57097888,0.000831907879766,0.25791213,550462.75,13073.10
2851,93421568,189.460073,train,1.59672379,0.000831793864847,0.24632032,550925.64,13073.10
2852,93454336,189.517393,train,1.58235049,0.000831679820161,0.24649175,551310.39,13073.10
2853,93487104,189.574625,train,1.62324572,0.00083156574572,0.24597354,551696.46,13073.10
2854,93519872,189.632199,train,1.60722136,0.000831451641535,0.25614524,552009.78,13073.10
2855,93552640,189.690212,train,1.63329673,0.00083133750762,0.24882576,552237.92,13073.10
2856,93585408,189.748493,train,1.57309949,0.000831223343986,0.24505644,552413.50,13073.10
2857,93618176,189.805791,train,1.62916338,0.000831109150644,0.24960403,552743.65,13073.10
2858,93650944,189.863580,train,1.60217464,0.000830994927608,0.24569096,552983.81,13073.10
2859,93683712,189.921358,train,1.61563540,0.000830880674889,0.24864033,553217.76,13073.10
2860,93716480,189.978579,train,1.61458647,0.000830766392499,0.24432878,553530.93,13073.10
2861,93749248,190.035323,train,1.58121729,0.000830652080451,0.24223921,553907.44,13073.10
2862,93782016,190.092354,train,1.54473114,0.000830537738756,0.25283104,554228.81,13073.10
2863,93814784,190.149760,train,1.62566280,0.000830423367427,0.24633104,554484.42,13073.10
2864,93847552,190.207209,train,1.59352207,0.000830308966475,0.25332275,554726.12,13073.10
2865,93880320,190.264225,train,1.59157133,0.000830194535913,0.25999025,555023.13,13073.10
2866,93913088,190.321792,train,1.57345963,0.000830080075753,0.25965038,555232.84,13073.10
2867,93945856,190.379191,train,1.61041522,0.000829965586006,0.24978079,555460.18,13073.10
2868,93978624,190.436525,train,1.65757823,0.000829851066686,0.29183653,555689.79,13073.10
2869,94011392,190.493647,train,1.64458871,0.000829736517803,0.26434502,555942.01,13073.10
2870,94044160,190.550818,train,1.64972198,0.000829621939371,0.26695019,556180.80,13073.10
2871,94076928,190.608494,train,1.58109260,0.000829507331401,0.27517006,556345.74,13073.10
2872,94109696,190.666049,train,1.58519173,0.000829392693905,0.25141940,556522.07,13073.10
2873,94142464,190.724607,train,1.63080680,0.000829278026896,0.27131045,556563.63,13073.10
2874,94175232,190.782361,train,1.58311582,0.000829163330385,0.25309461,556706.96,13073.10
2875,94208000,190.839457,train,1.64057279,0.000829048604385,0.25858942,556929.66,13073.10
2876,94240768,190.896562,train,1.60777652,0.000828933848908,0.25572550,557145.42,13073.10
2877,94273536,190.953734,train,1.54112768,0.000828819063966,0.24841280,557347.45,13073.10
2878,94306304,191.011180,train,1.66859913,0.000828704249571,0.26199028,557511.16,13073.10
2879,94339072,191.068383,train,1.58645761,0.000828589405735,0.25356942,557700.10,13073.10
2880,94371840,191.126285,train,1.58511162,0.00082847453247,0.25506777,557801.35,13073.10
2881,94404608,191.183799,train,1.56318569,0.000828359629789,0.25133747,557945.80,13073.10
2882,94437376,191.240713,train,1.67908144,0.000828244697703,0.25826085,558156.15,13073.10
2883,94470144,191.297469,train,1.60301113,0.000828129736226,0.25778839,558379.80,13073.10
2884,94502912,191.354685,train,1.63242745,0.000828014745368,0.27120748,558546.21,13073.10
2885,94535680,191.411926,train,1.61906838,0.000827899725142,0.24951184,558705.86,13073.10
2886,94568448,191.468931,train,1.58894610,0.00082778467556,0.26997042,558888.14,13073.10
2887,94601216,191.526202,train,1.58964372,0.000827669596634,0.25354677,559037.14,13073.10
2888,94633984,191.583915,train,1.55311823,0.000827554488377,0.24379294,559134.92,13073.10
2889,94666752,191.640843,train,1.61154723,0.000827439350801,0.26241642,559314.82,13073.10
2890,94699520,191.698160,train,1.62576914,0.000827324183918,0.25412261,559449.37,13073.10
2891,94732288,191.756449,train,1.62061179,0.000827208987739,0.26305243,559479.06,13073.10
2892,94765056,191.814422,train,1.63340473,0.000827093762278,0.26449031,559540.99,13073.10
2893,94797824,191.871082,train,1.64715600,0.000826978507545,0.24916227,559736.45,13073.10
2894,94830592,191.927681,train,1.62425423,0.000826863223555,0.25606063,559934.17,13073.10
2895,94863360,191.984934,train,1.65085912,0.000826747910318,0.24486156,560061.87,13073.10
2896,94896128,192.042643,train,1.61189723,0.000826632567847,0.24304818,560141.60,13073.10
2897,94928896,192.100565,train,1.59046960,0.000826517196154,0.25962475,560198.59,13073.10
2898,94961664,192.158334,train,1.63346159,0.000826401795251,0.26531848,560269.41,13073.10
2899,94994432,192.216022,train,1.58728480,0.000826286365151,0.26167530,560346.63,13073.10
2900,95027200,192.273652,train,1.62096381,0.000826170905865,0.25324258,560427.91,13073.10
2900,95027200,192.612257,valid,1.60812494,0.000826170905865,,560427.91,13073.10
2901,95059968,192.776052,train,1.63403273,0.000826055417406,0.26319852,202266.60,13073.10
2902,95092736,192.834490,train,1.57232833,0.000825939899786,0.25615200,297292.77,13073.10
2903,95125504,192.894257,train,1.61599278,0.000825824353017,0.24942145,350823.87,13073.10
2904,95158272,192.951790,train,1.59844732,0.000825708777111,0.24628358,388083.02,13073.10
2905,95191040,193.009108,train,1.59401822,0.000825593172082,0.25182721,414722.05,13073.10
2906,95223808,193.067013,train,1.57736421,0.00082547753794,0.24605221,434047.67,13073.10
2907,95256576,193.124681,train,1.57648182,0.000825361874698,0.25693357,449199.67,13073.10
2908,95289344,193.182107,train,1.63041937,0.000825246182368,0.25421283,461473.28,13073.10
2909,95322112,193.240184,train,1.64259124,0.000825130460963,0.25814307,471003.50,13073.10
2910,95354880,193.297350,train,1.55717909,0.000825014710494,0.24800292,479554.04,13073.10
2911,95387648,193.354500,train,1.57051373,0.000824898930975,0.24898474,486794.73,13073.10
2912,95420416,193.412548,train,1.67845523,0.000824783122416,0.28813043,492443.77,13073.10
2913,95453184,193.469788,train,1.55932450,0.000824667284831,0.24079284,497795.98,13073.10
2914,95485952,193.526950,train,1.58212578,0.000824551418232,0.26562369,502520.50,13073.10
2915,95518720,193.584899,train,1.65204692,0.000824435522631,0.25599661,506276.81,13073.10
2916,95551488,193.643223,train,1.63593316,0.000824319598039,0.24905246,509425.71,13073.10
2917,95584256,193.700134,train,1.60006583,0.00082420364447,0.26602644,512902.41,13073.10
2918,95617024,193.757587,train,1.61244512,0.000824087661936,0.24514246,515788.26,13073.10
2919,95649792,193.814870,train,1.60029423,0.000823971650448,0.24355495,518471.70,13073.10
2920,95682560,193.871947,train,1.63465679,0.00082385561002,0.25879389,520995.70,13073.10
2921,95715328,193.929611,train,1.63820422,0.000823739540663,0.24647959,523067.15,13073.10
2922,95748096,193.987163,train,1.61269808,0.000823623442389,0.25120458,525008.04,13073.10
2923,95780864,194.044279,train,1.56697416,0.000823507315212,0.24937314,526952.63,13073.10
2924,95813632,194.101493,train,1.61053991,0.000823391159143,0.26298365,528713.36,13073.10
2925,95846400,194.158813,train,1.56320512,0.000823274974194,0.25897890,530307.36,13073.10
2926,95879168,194.215420,train,1.58577633,0.000823158760377,0.24294764,532023.75,13073.10
2927,95911936,194.272619,train,1.58590055,0.000823042517706,0.25683847,533432.94,13073.10
2928,95944704,194.329484,train,1.57565999,0.000822926246192,0.25617108,534851.90,13073.10
2929,95977472,194.386941,train,1.56863952,0.000822809945848,0.24832281,536000.73,13073.10
2930,96010240,194.443978,train,1.58214498,0.000822693616685,0.24607797,537200.97,13073.10
2931,96043008,194.500675,train,1.59781170,0.000822577258717,0.24356858,538425.67,13073.10
2932,96075776,194.557945,train,1.54976177,0.000822460871955,0.24851763,539419.44,13073.10
2933,96108544,194.614981,train,1.60849512,0.000822344456412,0.25020483,540419.72,13073.10
2934,96141312,194.672317,train,1.57444930,0.000822228012099,0.24458002,541285.89,13073.10
2935,96174080,194.729732,train,1.60847270,0.00082211153903,0.25351682,542084.83,13073.10
2936,96206848,194.786518,train,1.59099460,0.000821995037217,0.25563166,542998.57,13073.10
2937,96239616,194.843662,train,1.65208125,0.000821878506671,0.25206989,543778.47,13073.10
2938,96272384,194.900782,train,1.59906971,0.000821761947406,0.25725475,544525.06,13073.10
2939,96305152,194.958264,train,1.61692321,0.000821645359433,0.25834116,545151.17,13073.10
2940,96337920,195.015593,train,1.55778527,0.000821528742765,0.25083420,545781.98,13073.10
2941,96370688,195.072498,train,1.61543512,0.000821412097415,0.25185254,546477.62,13073.10
2942,96403456,195.129946,train,1.66016603,0.000821295423393,0.26132560,547023.79,13073.10
2943,96436224,195.187287,train,1.59901452,0.000821178720714,0.25401413,547568.22,13073.10
2944,96468992,195.243890,train,1.63281977,0.000821061989389,0.26200297,548242.99,13073.10
2945,96501760,195.301095,train,1.56163228,0.00082094522943,0.25088575,548766.18,13073.10
2946,96534528,195.357918,train,1.55906439,0.00082082844085,0.25553924,549343.83,13073.10
2947,96567296,195.414912,train,1.62201977,0.000820711623661,0.24852739,549864.70,13073.10
2948,96600064,195.472352,train,1.63666677,0.000820594777876,0.25432625,550278.83,13073.10
2949,96632832,195.529500,train,1.61384511,0.000820477903506,0.25746068,550731.81,13073.10
2950,96665600,195.586552,train,1.54911113,0.000820361000565,0.24093986,551185.21,13073.10
2951,96698368,195.643661,train,1.59249663,0.000820244069064,0.26312459,551611.10,13073.10
2952,96731136,195.701423,train,1.64535642,0.000820127109016,0.24467021,551904.48,13073.10
2953,96763904,195.758423,train,1.63075697,0.000820010120434,0.25643450,552320.87,13073.10
2954,96796672,195.815346,train,1.61243081,0.000819893103329,0.24467611,552735.87,13073.10
2955,96829440,195.871958,train,1.55759740,0.000819776057714,0.27036557,553189.07,13073.10
2956,96862208,195.929369,train,1.59952593,0.000819658983601,0.24620385,553493.37,13073.10
2957,96894976,195.986846,train,1.56051910,0.000819541881003,0.25007275,553776.43,13073.10
2958,96927744,196.043922,train,1.61477017,0.000819424749932,0.29364946,554114.84,13073.10
2959,96960512,196.100976,train,1.61962080,0.0008193075904,0.24551961,554445.60,13073.10
2960,96993280,196.157855,train,1.62432468,0.00081919040242,0.26941904,554793.32,13073.10
2961,97026048,196.214624,train,1.62396312,0.000819073186004,0.27103382,555146.77,13073.10
2962,97058816,196.271398,train,1.65035892,0.000818955941165,0.26770577,555488.60,13073.10
2963,97091584,196.328397,train,1.61204481,0.000818838667915,0.27555680,555786.17,13073.10
2964,97124352,196.385216,train,1.58531451,0.000818721366266,0.24571463,556101.44,13073.10
2965,97157120,196.442523,train,1.58770132,0.000818604036231,0.27386436,556336.45,13073.10
2966,97189888,196.499637,train,1.58605671,0.000818486677822,0.25291777,556592.08,13073.10
2967,97222656,196.556192,train,1.61076236,0.000818369291052,0.25131619,556919.30,13073.10
2968,97255424,196.612697,train,1.61012328,0.000818251875932,0.28053287,557244.19,13073.10
2969,97288192,196.669749,train,1.57166266,0.000818134432476,0.24170963,557484.93,13073.10
2970,97320960,196.727525,train,1.58164001,0.000818016960696,0.24105729,557620.72,13073.10
2971,97353728,196.785029,train,1.63064837,0.000817899460603,0.25707877,557789.23,13073.10
2972,97386496,196.841749,train,1.61062014,0.000817781932211,0.24587721,558056.57,13073.10
2973,97419264,196.898595,train,1.54667544,0.000817664375533,0.24670072,558300.33,13073.10
2974,97452032,196.956030,train,1.59405231,0.000817546790579,0.26628298,558462.06,13073.10
2975,97484800,197.012839,train,1.53700221,0.000817429177363,0.24851313,558699.02,13073.10
2976,97517568,197.070701,train,1.60418773,0.000817311535898,0.24933156,558797.91,13073.10
2977,97550336,197.127850,train,1.59869790,0.000817193866195,0.24699040,558982.47,13073.10
2978,97583104,197.185175,train,1.56917405,0.000817076168268,0.24803400,559140.89,13073.10
2979,97615872,197.242088,train,1.59133363,0.000816958442127,0.25271669,559345.21,13073.10
2980,97648640,197.299551,train,1.64193416,0.000816840687787,0.24897891,559478.86,13073.10
2981,97681408,197.357268,train,1.62643647,0.000816722905259,0.24290195,559579.36,13073.10
2982,97714176,197.414478,train,1.60009575,0.000816605094556,0.26094821,559736.53,13073.10
2983,97746944,197.471335,train,1.54463613,0.000816487255691,0.24238205,559930.68,13073.10
2984,97779712,197.528326,train,1.65141797,0.000816369388675,0.26027957,560105.10,13073.10
2985,97812480,197.584280,train,1.58003974,0.000816251493521,0.25634998,560392.45,13073.10
2986,97845248,197.641002,train,1.63163626,0.000816133570242,0.24642013,560587.60,13073.10
2987,97878016,197.698085,train,1.55107832,0.00081601561885,0.24894153,560738.68,13073.10
2988,97910784,197.755259,train,1.63024545,0.000815897639357,0.24511214,560876.49,13073.10
2989,97943552,197.812150,train,1.63172412,0.000815779631777,0.24483535,561041.67,13073.10
2990,97976320,197.868851,train,1.62122524,0.000815661596121,0.25786540,561223.72,13073.10
2991,98009088,197.925776,train,1.58541918,0.000815543532402,0.24188216,561378.13,13073.10
2992,98041856,197.983255,train,1.58116090,0.000815425440632,0.25013486,561471.40,13073.10
2993,98074624,198.040614,train,1.60552168,0.000815307320824,0.24635221,561575.06,13073.10
2994,98107392,198.097809,train,1.63705754,0.000815189172991,0.25434762,561693.43,13073.10
2995,98140160,198.151693,train,1.62035334,0.000815070997144,0.24633311,562145.07,13073.10
2996,98172928,198.209043,train,1.57404053,0.000814952793297,0.25108635,562239.67,13073.10
2997,98205696,198.266664,train,1.57053900,0.000814834561462,0.24623105,562305.30,13073.10
2998,98238464,198.324228,train,1.59469616,0.00081471630165,0.24540205,562375.28,13073.10
2999,98271232,198.381869,train,1.55862379,0.000814598013876,0.24928823,562436.32,13073.10
3000,98304000,198.438917,train,1.63013649,0.000814479698151,0.26228949,562553.49,13073.10
3000,98304000,198.775867,valid,1.60213605,0.000814479698151,,562553.49,13073.10
3001,98336768,202.636333,train,1.59881878,0.000814361354488,0.25339198,8491.65,13073.10
3002,98369536,202.694503,train,1.62389708,0.000814242982899,0.25455785,16731.09,13073.10
3003,98402304,202.752022,train,1.58645010,0.000814124583397,0.24716009,24733.44,13073.10
3004,98435072,202.810118,train,1.61148810,0.000814006155994,0.25270158,32502.83,13073.10
3005,98467840,202.867568,train,1.60491085,0.000813887700703,0.24910468,40057.86,13073.10
3006,98500608,202.924815,train,1.61323118,0.000813769217536,0.24977864,47405.92,13073.10
3007,98533376,202.982485,train,1.65709031,0.000813650706507,0.24931405,54548.40,13073.10
3008,98566144,203.039561,train,1.59512317,0.000813532167626,0.24834247,61506.17,13073.10
3009,98598912,203.097719,train,1.61561227,0.000813413600908,0.24922737,68262.96,13073.10
3010,98631680,203.154717,train,1.61589754,0.000813295006364,0.25678146,74860.09,13073.10
3011,98664448,203.212382,train,1.61070180,0.000813176384006,0.24429886,81275.38,13073.10
3012,98697216,203.269449,train,1.65815210,0.000813057733849,0.24638128,87537.65,13073.10
3013,98729984,203.327352,train,1.60187757,0.000812939055903,0.25128037,93625.59,13073.10
3014,98762752,203.384541,train,1.59051561,0.000812820350182,0.24894492,99575.95,13073.10
3015,98795520,203.442206,train,1.58084130,0.000812701616698,0.25378945,105369.63,13073.10
3016,98828288,203.499864,train,1.59086084,0.000812582855463,0.26492226,111022.00,13073.10
3017,98861056,203.557847,train,1.59461975,0.000812464066491,0.25117394,116530.07,13073.10
3018,98893824,203.615060,train,1.59219241,0.000812345249793,0.25457934,121925.54,13073.10
3019,98926592,203.672260,train,1.62225199,0.000812226405383,0.25139037,127195.23,13073.10
3020,98959360,203.729913,train,1.56947732,0.000812107533272,0.28305817,132331.02,13073.10
3021,98992128,203.788096,train,1.59860170,0.000811988633474,0.25012949,137334.14,13073.10
3022,99024896,203.845629,train,1.64321661,0.000811869706001,0.25486240,142240.62,13073.10
3023,99057664,203.902740,train,1.57801855,0.000811750750865,0.26365879,147049.06,13073.10
3024,99090432,203.959792,train,1.59652555,0.00081163176808,0.24769813,151753.26,13073.10
3025,99123200,204.016686,train,1.53403878,0.000811512757657,0.24026231,156359.70,13073.10
3026,99155968,204.074198,train,1.58108401,0.000811393719609,0.25904170,160848.42,13073.10
3027,99188736,204.131780,train,1.58619595,0.000811274653949,0.25045156,165238.55,13073.10
3028,99221504,204.189268,train,1.60747814,0.000811155560689,0.26059166,169538.18,13073.10
3029,99254272,204.246846,train,1.61725116,0.000811036439842,0.24855559,173744.59,13073.10
3030,99287040,204.304506,train,1.60853815,0.000810917291421,0.24813764,177860.70,13073.10
3031,99319808,204.362386,train,1.61451340,0.000810798115438,0.24842669,181884.68,13073.10
3032,99352576,204.420516,train,1.56308079,0.000810678911906,0.25630960,185817.85,13073.10
3033,99385344,204.478035,train,1.61144769,0.000810559680837,0.28416309,189691.16,13073.10
3034,99418112,204.535507,train,1.57831812,0.000810440422243,0.25295922,193488.66,13073.10
3035,99450880,204.593318,train,1.63774133,0.000810321136139,0.26142693,197199.61,13073.10
3036,99483648,204.650694,train,1.63983274,0.000810201822535,0.25424331,200852.36,13073.10
3037,99516416,204.708184,train,1.63157129,0.000810082481445,0.25659856,204430.49,13073.10
3038,99549184,204.766035,train,1.63257933,0.000809963112881,0.25897619,207927.46,13073.10
3039,99581952,204.823519,train,1.65653992,0.000809843716857,0.24683268,211370.29,13073.10
3040,99614720,204.881051,train,1.60119259,0.000809724293383,0.25546998,214746.57,13073.10
3041,99647488,204.938281,train,1.58962584,0.000809604842474,0.26805609,218070.50,13073.10
3042,99680256,204.995178,train,1.66915524,0.000809485364142,0.25674859,221345.11,13073.10
3043,99713024,205.052202,train,1.56515384,0.000809365858399,0.25846335,224555.77,13073.10
3044,99745792,205.109099,train,1.65056515,0.000809246325258,0.25562039,227713.18,13073.10
3045,99778560,205.166152,train,1.59800160,0.000809126764732,0.25650176,230808.70,13073.10
3046,99811328,205.223528,train,1.61165166,0.000809007176832,0.24713746,233837.72,13073.10
3047,99844096,205.280439,train,1.57298923,0.000808887561573,0.25504205,236830.21,13073.10
3048,99876864,205.337894,train,1.64583421,0.000808767918966,0.25115705,239750.90,13073.10
3049,99909632,205.394966,train,1.58739138,0.000808648249025,0.24747524,242634.91,13073.10
3050,99942400,205.452077,train,1.60904074,0.000808528551761,0.24549940,245468.16,13073.10
3051,99975168,205.509820,train,1.58936501,0.000808408827188,0.25227138,248230.05,13073.10
3052,100007936,205.567317,train,1.59737790,0.000808289075317,0.25045994,250954.08,13073.10
3053,100040704,205.625025,train,1.64146781,0.000808169296163,0.25382406,253624.50,13073.10
3054,100073472,205.682240,train,1.61127806,0.000808049489737,0.25766683,256268.61,13073.10
3055,100106240,205.739329,train,1.66283214,0.000807929656052,0.25410831,258873.95,13073.10
3056,100139008,205.796728,train,1.53181195,0.00080780979512,0.24078982,261425.34,13073.10
3057,100171776,205.854403,train,1.63753915,0.000807689906955,0.24830069,263925.04,13073.10
3058,100204544,205.911783,train,1.63171601,0.000807569991569,0.25595483,266395.34,13073.10
3059,100237312,205.968560,train,1.63161719,0.000807450048975,0.24002269,268848.81,13073.10
3060,100270080,206.025877,train,1.59065449,0.000807330079185,0.23820207,271243.61,13073.10
3061,100302848,206.083397,train,1.61588144,0.000807210082212,0.24307713,273593.19,13073.10
3062,100335616,206.140386,train,1.63862896,0.000807090058069,0.25788260,275925.99,13073.10
3063,100368384,206.198047,train,1.57240224,0.000806970006768,0.24744585,278197.78,13073.10
3064,100401152,206.254936,train,1.61412883,0.000806849928323,0.25025490,280463.49,13073.10
3065,100433920,206.312706,train,1.62102902,0.000806729822745,0.25248691,282661.89,13073.10
3066,100466688,206.370672,train,1.60346198,0.000806609690047,0.25556082,284819.53,13073.10
3067,100499456,206.428042,train,1.57577336,0.000806489530243,0.25307417,286966.80,13073.10
3068,100532224,206.484929,train,1.62099612,0.000806369343345,0.25522014,289100.23,13073.10
3069,100564992,206.542090,train,1.57809687,0.000806249129365,0.25162590,291192.12,13073.10
3070,100597760,206.599010,train,1.60602856,0.000806128888316,0.25516677,293262.49,13073.10
3071,100630528,206.656657,train,1.70585990,0.000806008620211,0.25243250,295275.67,13073.10
3072,100663296,206.714319,train,1.57689166,0.000805888325063,0.25570059,297259.07,13073.10
3073,100696064,206.771031,train,1.61296117,0.000805768002884,0.25168681,299249.40,13073.10
3074,100728832,206.827425,train,1.58083296,0.000805647653687,0.25401998,301223.60,13073.10
3075,100761600,206.885052,train,1.63604140,0.000805527277485,0.25367036,303124.20,13073.10
3076,100794368,206.943142,train,1.55518365,0.000805406874291,0.25078607,304980.69,13073.10
3077,100827136,207.000071,train,1.55930948,0.000805286444116,0.25989509,306854.28,13073.10
3078,100859904,207.057188,train,1.57732594,0.000805165986975,0.24935851,308695.12,13073.10
3079,100892672,207.114095,train,1.58822072,0.000805045502879,0.25033858,310518.52,13073.10
3080,100925440,207.171297,train,1.58888721,0.000804924991842,0.26442450,312306.26,13073.10
3081,100958208,207.228537,train,1.60137725,0.000804804453876,0.26429698,314068.33,13073.10
3082,100990976,207.286067,train,1.61651683,0.000804683888993,0.27415821,315795.98,13073.10
3083,101023744,207.343220,train,1.64750898,0.000804563297207,0.24602850,317514.36,13073.10
3084,101056512,207.400167,train,1.62757409,0.000804442678531,0.29115272,319217.61,13073.10
3085,101089280,207.457554,train,1.59563637,0.000804322032976,0.24868396,320882.21,13073.10
3086,101122048,207.514297,train,1.61996555,0.000804201360556,0.25243795,322548.76,13073.10
3087,101154816,207.570541,train,1.61862481,0.000804080661284,0.26122662,324212.17,13073.10
3088,101187584,207.627887,train,1.56970525,0.000803959935172,0.24675241,325813.86,13073.10
3089,101220352,207.685970,train,1.59332371,0.000803839182234,0.26473936,327367.86,13073.10
3090,101253120,207.742945,train,1.60226786,0.00080371840248,0.24688110,328942.40,13073.10
3091,101285888,207.800198,train,1.56839252,0.000803597595926,0.26871997,330486.83,13073.10
3092,101318656,207.857795,train,1.59174180,0.000803476762583,0.26562455,331999.24,13073.10
3093,101351424,207.915491,train,1.58672523,0.000803355902464,0.24042983,333488.91,13073.10
3094,101384192,207.972872,train,1.61784482,0.000803235015582,0.26651317,334971.40,13073.10
3095,101416960,208.030308,train,1.63565123,0.000803114101949,0.25828180,336433.53,13073.10
3096,101449728,208.087312,train,1.61268592,0.000802993161579,0.25253919,337893.26,13073.10
3097,101482496,208.144292,train,1.53996480,0.000802872194484,0.26488584,339336.11,13073.10
3098,101515264,208.201638,train,1.53464878,0.000802751200677,0.24077918,340748.26,13073.10
3099,101548032,208.258967,train,1.61802673,0.00080263018017,0.26512221,342143.97,13073.10
3100,101580800,208.316511,train,1.61511183,0.000802509132977,0.25192830,343515.16,13073.10
3100,101580800,208.653384,valid,1.59492663,0.000802509132977,,343515.16,13073.10
3101,101613568,208.800476,train,1.57624912,0.000802388059111,0.24440727,224590.93,13073.10
3102,101646336,208.858421,train,1.57199669,0.000802266958583,0.26493585,321498.62,13073.10
3103,101679104,208.915645,train,1.58330584,0.000802145831408,0.25093848,376544.01,13073.10
3104,101711872,208.973297,train,1.55207956,0.000802024677597,0.24889562,411243.97,13073.10
3105,101744640,209.030677,train,1.56235933,0.000801903497164,0.25577217,435627.16,13073.10
3106,101777408,209.087899,train,1.57010388,0.00080178229012,0.24721424,453721.02,13073.10
3107,101810176,209.146073,train,1.59204042,0.00080166105648,0.24632719,466688.15,13073.10
3108,101842944,209.203071,train,1.60748172,0.000801539796256,0.24133120,477933.51,13073.10
3109,101875712,209.260295,train,1.56885064,0.000801418509461,0.25001037,486878.45,13073.10
3110,101908480,209.317884,train,1.59982514,0.000801297196107,0.24971792,494008.44,13073.10
3111,101941248,209.375280,train,1.59578443,0.000801175856207,0.24930660,500132.89,13073.10
3112,101974016,209.432860,train,1.61327422,0.000801054489775,0.25670281,505234.31,13073.10
3113,102006784,209.491019,train,1.56020045,0.000800933096822,0.24514855,509279.81,13073.10
3114,102039552,209.548192,train,1.56591630,0.000800811677362,0.24913669,513366.04,13073.10
3115,102072320,209.605674,train,1.60637116,0.000800690231408,0.25475883,516792.14,13073.10
3116,102105088,209.663058,train,1.58499408,0.000800568758972,0.25387934,519878.49,13073.10
3117,102137856,209.720790,train,1.61533070,0.000800447260068,0.25118262,522461.51,13073.10
3118,102170624,209.777743,train,1.59490347,0.000800325734708,0.26138061,525143.22,13073.10
3119,102203392,209.834673,train,1.57476425,0.000800204182904,0.25126621,527576.89,13073.10
3120,102236160,209.891428,train,1.56756914,0.000800082604671,0.24838102,529861.27,13073.10
3121,102268928,209.949044,train,1.66693509,0.00079996100002,0.26701853,531590.75,13073.10
3122,102301696,210.005756,train,1.62137246,0.000799839368964,0.25461531,533530.69,13073.10
3123,102334464,210.062746,train,1.59115756,0.000799717711517,0.25842640,535207.98,13073.10
3124,102367232,210.119990,train,1.61842537,0.000799596027691,0.24504659,536662.05,13073.10
3125,102400000,210.178196,train,1.60942209,0.000799474317499,0.25606093,537666.71,13073.10
3126,102432768,210.236090,train,1.61471486,0.000799352580954,0.25673741,538703.75,13073.10
3127,102465536,210.293653,train,1.53779984,0.000799230818069,0.24563773,539776.96,13073.10
3128,102498304,210.351318,train,1.59323788,0.000799109028856,0.25664774,540744.44,13073.10
3129,102531072,210.408915,train,1.61174297,0.000798987213329,0.26264247,541669.44,13073.10
3130,102563840,210.466389,train,1.62238574,0.0007988653715,0.26901522,542572.49,13073.10
3131,102596608,210.523751,train,1.63324642,0.000798743503382,0.25653291,543452.42,13073.10
3132,102629376,210.581064,train,1.58890247,0.000798621608988,0.24319902,544293.94,13073.10
3133,102662144,210.638921,train,1.59399557,0.000798499688331,0.24811319,544937.31,13073.10
3134,102694912,210.696051,train,1.58373797,0.000798377741425,0.24676766,545738.71,13073.10
3135,102727680,210.753754,train,1.53938782,0.00079825576828,0.25298548,546347.10,13073.10
3136,102760448,210.811268,train,1.60021603,0.000798133768912,0.26074046,546970.82,13073.10
3137,102793216,210.868757,train,1.58986628,0.000798011743332,0.24629517,547568.62,13073.10
3138,102825984,210.926168,train,1.62025535,0.000797889691553,0.26433995,548154.68,13073.10
3139,102858752,210.983969,train,1.62213850,0.000797767613589,0.26171967,548619.96,13073.10
3140,102891520,211.041483,train,1.59893048,0.000797645509452,0.24808602,549129.07,13073.10
3141,102924288,211.098824,train,1.60634291,0.000797523379154,0.25870439,549652.81,13073.10
3142,102957056,211.156007,train,1.58125710,0.00079740122271,0.25108799,550187.36,13073.10
3143,102989824,211.214720,train,1.61188293,0.000797279040132,0.24588095,550369.04,13073.10
3144,103022592,211.272530,train,1.62738514,0.000797156831432,0.25660914,550732.27,13073.10
3145,103055360,211.329519,train,1.62946081,0.000797034596624,0.27092203,551248.97,13073.10
3146,103088128,211.387602,train,1.61877596,0.000796912335721,0.25755212,551523.35,13073.10
3147,103120896,211.445367,train,1.62850285,0.000796790048735,0.25392404,551849.28,13073.10
3148,103153664,211.503302,train,1.57047451,0.00079666773568,0.26862016,552128.87,13073.10
3149,103186432,211.560986,train,1.59568012,0.000796545396568,0.25317481,552445.12,13073.10
3150,103219200,211.618507,train,1.60409117,0.000796423031413,0.25381729,552779.36,13073.10
3151,103251968,211.675788,train,1.58596313,0.000796300640226,0.24606943,553144.88,13073.10
3152,103284736,211.733391,train,1.56290686,0.000796178223022,0.24446674,553438.78,13073.10
3153,103317504,211.791176,train,1.61536765,0.000796055779812,0.25505272,553689.91,13073.10
3154,103350272,211.848847,train,1.50284100,0.000795933310611,0.23900037,553951.72,13073.10
3155,103383040,211.906528,train,1.52489483,0.000795810815431,0.23818633,554202.57,13073.10
3156,103415808,211.963800,train,1.66657102,0.000795688294284,0.25226372,554513.05,13073.10
3157,103448576,212.022040,train,1.62677336,0.000795565747185,0.25438252,554653.56,13073.10
3158,103481344,212.079560,train,1.59317994,0.000795443174145,0.25033459,554905.91,13073.10
3159,103514112,212.135628,train,1.60526061,0.000795320575178,0.25775668,555381.45,13073.10
3160,103546880,212.193988,train,1.57517695,0.000795197950296,0.25211897,555482.00,13073.10
3161,103579648,212.251884,train,1.64606214,0.000795075299513,0.25451332,555651.01,13073.10
3162,103612416,212.309296,train,1.55924869,0.000794952622842,0.25656170,555888.21,13073.10
3163,103645184,212.366422,train,1.59762669,0.000794829920295,0.24666144,556160.98,13073.10
3164,103677952,212.424386,train,1.59692740,0.000794707191886,0.25408494,556301.64,13073.10
3165,103710720,212.481200,train,1.60743237,0.000794584437627,0.26676193,556605.41,13073.10
3166,103743488,212.538462,train,1.55837142,0.000794461657532,0.24959698,556835.95,13073.10
3167,103776256,212.596097,train,1.56983626,0.000794338851613,0.25238588,557007.31,13073.10
3168,103809024,212.654245,train,1.62268114,0.000794216019883,0.25611889,557102.06,13073.10
3169,103841792,212.711992,train,1.62247920,0.000794093162356,0.25792134,557249.16,13073.10
3170,103874560,212.769273,train,1.53941739,0.000793970279044,0.24739425,557455.40,13073.10
3171,103907328,212.826548,train,1.58484077,0.00079384736996,0.24867053,557656.56,13073.10
3172,103940096,212.884151,train,1.63243091,0.000793724435117,0.26158467,557809.19,13073.10
3173,103972864,212.941956,train,1.61289620,0.000793601474529,0.24718286,557931.42,13073.10
3174,104005632,212.999969,train,1.54294491,0.000793478488208,0.24999683,558023.64,13073.10
3175,104038400,213.057120,train,1.56801558,0.000793355476168,0.26624125,558222.73,13073.10
3176,104071168,213.114730,train,1.60147190,0.00079323243842,0.25645357,558359.16,13073.10
3177,104103936,213.172087,train,1.64212859,0.000793109374979,0.25825205,558523.49,13073.10
3178,104136704,213.229380,train,1.57985628,0.000792986285857,0.24694246,558691.41,13073.10
3179,104169472,213.287159,train,1.55385220,0.000792863171067,0.25393775,558796.58,13073.10
3180,104202240,213.344163,train,1.61687851,0.000792740030623,0.26851550,558991.69,13073.10
3181,104235008,213.401679,train,1.54780507,0.000792616864537,0.25036123,559121.62,13073.10
3182,104267776,213.459215,train,1.61616182,0.000792493672822,0.25355050,559246.12,13073.10
3183,104300544,213.516319,train,1.59182394,0.000792370455491,0.26314709,559417.46,13073.10
3184,104333312,213.573253,train,1.60461807,0.000792247212558,0.24401754,559604.10,13073.10
3185,104366080,213.630154,train,1.59955049,0.000792123944035,0.25682339,559790.28,13073.10
3186,104398848,213.687744,train,1.60563314,0.000792000649935,0.25945610,559895.47,13073.10
3187,104431616,213.744705,train,1.56033802,0.000791877330272,0.24719435,560067.50,13073.10
3188,104464384,213.802593,train,1.58647656,0.000791753985058,0.25677004,560134.86,13073.10
3189,104497152,213.859580,train,1.55857456,0.000791630614306,0.24718541,560297.73,13073.10
3190,104529920,213.917219,train,1.56609035,0.00079150721803,0.25132921,560387.62,13073.10
3191,104562688,213.974589,train,1.64949334,0.000791383796243,0.25025383,560503.82,13073.10
3192,104595456,214.032207,train,1.58587217,0.000791260348957,0.24398276,560591.79,13073.10
3193,104628224,214.090195,train,1.64529407,0.000791136876185,0.26730108,560639.72,13073.10
3194,104660992,214.147045,train,1.60484934,0.000791013377941,0.23899283,560802.71,13073.10
3195,104693760,214.205268,train,1.59450638,0.000790889854238,0.24960044,560823.72,13073.10
3196,104726528,214.262755,train,1.59705901,0.000790766305088,0.23975377,560917.86,13073.10
3197,104759296,214.320632,train,1.57292819,0.000790642730506,0.23994783,560971.54,13073.10
3198,104792064,214.377397,train,1.59009182,0.000790519130503,0.23985931,561132.98,13073.10
3199,104824832,214.435049,train,1.67701733,0.000790395505092,0.25540462,561205.26,13073.10
3200,104857600,214.492933,train,1.62071419,0.000790271854288,0.24086106,561253.80,13073.10
3200,104857600,214.830357,valid,1.58900568,0.000790271854288,,561253.80,13073.10
3201,104890368,214.984233,train,1.57660007,0.000790148178103,0.25169012,215166.51,13073.10
3202,104923136,215.041826,train,1.60386276,0.00079002447655,0.24656764,312248.93,13073.10
3203,104955904,215.099155,train,1.55822039,0.000789900749642,0.24206506,367886.00,13073.10
3204,104988672,215.157587,train,1.52966797,0.000789776997392,0.24498612,402499.35,13073.10
3205,105021440,215.215070,train,1.59087491,0.000789653219813,0.26429150,427638.19,13073.10
3206,105054208,215.272669,train,1.58268666,0.000789529416919,0.24629064,446099.17,13073.10
3207,105086976,215.329945,train,1.58808839,0.000789405588722,0.24477625,460591.61,13073.10
3208,105119744,215.387712,train,1.55742264,0.000789281735235,0.24493662,471676.98,13073.10
3209,105152512,215.445021,train,1.57435632,0.000789157856473,0.25614789,481034.46,13073.10
3210,105185280,215.503115,train,1.61931717,0.000789033952446,0.25157681,488220.26,13073.10
3211,105218048,215.560099,train,1.60114932,0.00078891002317,0.26925966,495014.11,13073.10
3212,105250816,215.617629,train,1.55300808,0.000788786068656,0.23957133,500474.03,13073.10
3213,105283584,215.674913,train,1.60309148,0.000788662088919,0.26559806,505336.65,13073.10
3214,105316352,215.732321,train,1.62260437,0.00078853808397,0.28158990,509510.10,13073.10
3215,105349120,215.790569,train,1.59329152,0.000788414053823,0.25540611,512733.40,13073.10
3216,105381888,215.848080,train,1.58959460,0.000788289998492,0.30067319,515961.64,13073.10
3217,105414656,215.905320,train,1.51752710,0.000788165917989,0.24349757,518975.04,13073.10
3218,105447424,215.962449,train,1.59677887,0.000788041812328,0.26376158,521734.09,13073.10
3219,105480192,216.019514,train,1.61550808,0.000787917681521,0.26563159,524256.44,13073.10
3220,105512960,216.077318,train,1.62429249,0.000787793525581,0.25769171,526234.69,13073.10
3221,105545728,216.134143,train,1.60198474,0.000787669344523,0.26561511,528434.76,13073.10
3222,105578496,216.191124,train,1.59562087,0.000787545138358,0.24171227,530389.58,13073.10
3223,105611264,216.248868,train,1.60470390,0.000787420907101,0.25052980,531900.67,13073.10
3224,105644032,216.305772,train,1.53231144,0.000787296650763,0.25231987,533597.74,13073.10
3225,105676800,216.363206,train,1.58021128,0.000787172369359,0.25210050,534983.03,13073.10
3226,105709568,216.420304,train,1.68273699,0.000787048062901,0.25040743,536381.65,13073.10
3227,105742336,216.477063,train,1.59920859,0.000786923731403,0.25703970,537793.99,13073.10
3228,105775104,216.533948,train,1.59675944,0.000786799374877,0.25096658,539072.09,13073.10
3229,105807872,216.590918,train,1.57479215,0.000786674993337,0.26149765,540241.59,13073.10
3230,105840640,216.647677,train,1.59206581,0.000786550586796,0.25683102,541400.72,13073.10
3231,105873408,216.704278,train,1.59064078,0.000786426155267,0.24974592,542535.32,13073.10
3232,105906176,216.760847,train,1.56474376,0.000786301698764,0.24963546,543612.21,13073.10
3233,105938944,216.818265,train,1.57883143,0.000786177217299,0.24150059,544394.93,13073.10
3234,105971712,216.875442,train,1.61288226,0.000786052710885,0.25891665,545198.01,13073.10
3235,106004480,216.932200,train,1.60234618,0.000785928179536,0.24879529,546066.39,13073.10
3236,106037248,216.988918,train,1.62334108,0.000785803623264,0.25336951,546899.00,13073.10
3237,106070016,217.046013,train,1.62784195,0.000785679042084,0.25183403,547596.01,13073.10
3238,106102784,217.102933,train,1.59206426,0.000785554436008,0.24781673,548299.96,13073.10
3239,106135552,217.159634,train,1.56176639,0.000785429805049,0.25753766,549021.18,13073.10
3240,106168320,217.217163,train,1.58153248,0.000785305149221,0.25532413,549517.35,13073.10
3241,106201088,217.274019,train,1.57919407,0.000785180468536,0.24306655,550141.60,13073.10
3242,106233856,217.331156,train,1.55505419,0.000785055763008,0.25330621,550675.56,13073.10
3243,106266624,217.387838,train,1.56504667,0.00078493103265,0.24460101,551283.61,13073.10
3244,106299392,217.445267,train,1.58984685,0.000784806277476,0.24493518,551708.01,13073.10
3245,106332160,217.502682,train,1.58735800,0.000784681497497,0.24001728,552116.59,13073.10
3246,106364928,217.560233,train,1.56945896,0.000784556692728,0.24722593,552480.61,13073.10
3247,106397696,217.617074,train,1.58717179,0.000784431863182,0.24358955,552970.53,13073.10
3248,106430464,217.673698,train,1.58276820,0.000784307008872,0.23904058,553483.16,13073.10
3249,106463232,217.730625,train,1.57323575,0.00078418212981,0.23695241,553917.82,13073.10
3250,106496000,217.787615,train,1.60120845,0.000784057226011,0.25723150,554323.96,13073.10
3251,106528768,217.845334,train,1.57297945,0.000783932297488,0.24670130,554580.43,13073.10
3252,106561536,217.902538,train,1.58336139,0.000783807344253,0.24205479,554920.38,13073.10
3253,106594304,217.959931,train,1.57150483,0.00078368236632,0.24137090,555214.29,13073.10
3254,106627072,218.017067,train,1.63313818,0.000783557363702,0.24875621,555542.43,13073.10
3255,106659840,218.074602,train,1.63328815,0.000783432336412,0.25033003,555790.64,13073.10
3256,106692608,218.131169,train,1.60330796,0.000783307284464,0.25255340,556193.45,13073.10
3257,106725376,218.187562,train,1.61590266,0.00078318220787,0.24970177,556611.30,13073.10
3258,106758144,218.244402,train,1.61064386,0.000783057106645,0.24871302,556942.64,13073.10
3259,106790912,218.301092,train,1.58106542,0.0007829319808,0.25225416,557287.07,13073.10
3260,106823680,218.357896,train,1.55858600,0.00078280683035,0.25237665,557602.39,13073.10
3261,106856448,218.415158,train,1.60424769,0.000782681655307,0.25798205,557836.35,13073.10
3262,106889216,218.472075,train,1.59069502,0.000782556455685,0.25365561,558115.88,13073.10
3263,106921984,218.529190,train,1.58456969,0.000782431231497,0.24971811,558356.91,13073.10
3264,106954752,218.585663,train,1.56566787,0.000782305982757,0.26381418,558686.21,13073.10
3265,106987520,218.642512,train,1.63502312,0.000782180709477,0.26042977,558950.63,13073.10
3266,107020288,218.699723,train,1.60966086,0.00078205541167,0.24759786,559154.75,13073.10
3267,107053056,218.756518,train,1.59494984,0.00078193008935,0.24627091,559412.36,13073.10
3268,107085824,218.813746,train,1.57068753,0.000781804742531,0.24969928,559601.67,13073.10
3269,107118592,218.871699,train,1.56985664,0.000781679371225,0.25290364,559685.26,13073.10
3270,107151360,218.928891,train,1.59833336,0.000781553975445,0.26975819,559870.31,13073.10
3271,107184128,218.986446,train,1.60513091,0.000781428555206,0.24342838,560001.29,13073.10
3272,107216896,219.043678,train,1.52220535,0.000781303110519,0.25308636,560171.91,13073.10
3273,107249664,219.100829,train,1.59836423,0.000781177641399,0.24579236,560348.40,13073.10
3274,107282432,219.157926,train,1.60387278,0.000781052147859,0.24860860,560527.27,13073.10
3275,107315200,219.215162,train,1.59145546,0.000780926629912,0.25040227,560683.75,13073.10
3276,107347968,219.272311,train,1.59649527,0.00078080108757,0.26577094,560847.12,13073.10
3277,107380736,219.327943,train,1.61558652,0.000780675520848,0.24374145,561195.64,13073.10
3278,107413504,219.384777,train,1.55955887,0.000780549929759,0.24535739,561387.44,13073.10
3279,107446272,219.441941,train,1.58801532,0.000780424314316,0.24276195,561534.17,13073.10
3280,107479040,219.499880,train,1.63835382,0.000780298674532,0.26641965,561584.15,13073.10
3281,107511808,219.556837,train,1.62338614,0.00078017301042,0.24333903,561749.65,13073.10
3282,107544576,219.613796,train,1.55234540,0.000780047321995,0.25012061,561911.00,13073.10
3283,107577344,219.671050,train,1.57913470,0.000779921609268,0.25318819,562034.18,13073.10
3284,107610112,219.727844,train,1.60850239,0.000779795872253,0.25228941,562207.36,13073.10
3285,107642880,219.784797,train,1.62560320,0.000779670110965,0.24454692,562358.50,13073.10
3286,107675648,219.842295,train,1.53935003,0.000779544325415,0.23913305,562445.06,13073.10
3287,107708416,219.900356,train,1.57466781,0.000779418515617,0.25697148,562467.16,13073.10
3288,107741184,219.957269,train,1.57327831,0.000779292681585,0.25077251,562614.66,13073.10
3289,107773952,220.013573,train,1.59151101,0.000779166823331,0.25892246,562825.05,13073.10
3290,107806720,220.071282,train,1.57100177,0.00077904094087,0.26017252,562880.13,13073.10
3291,107839488,220.129396,train,1.56614316,0.000778915034214,0.23805133,562890.87,13073.10
3292,107872256,220.186320,train,1.58663344,0.000778789103376,0.26298028,563026.35,13073.10
3293,107905024,220.243349,train,1.65276933,0.000778663148371,0.25269175,563148.17,13073.10
3294,107937792,220.301239,train,1.57196224,0.000778537169211,0.24391221,563178.75,13073.10
3295,107970560,220.359289,train,1.56548774,0.000778411165909,0.26052397,563192.34,13073.10
3296,108003328,220.417330,train,1.56298876,0.000778285138479,0.24049769,563206.68,13073.10
3297,108036096,220.474763,train,1.58410668,0.000778159086935,0.25947651,563281.38,13073.10
3298,108068864,220.532120,train,1.59343648,0.000778033011289,0.24920610,563362.12,13073.10
3299,108101632,220.590041,train,1.60122204,0.000777906911554,0.24597646,563385.88,13073.10
3300,108134400,220.647551,train,1.54767215,0.000777780787745,0.25546965,563449.18,13073.10
3300,108134400,220.984393,valid,1.58300228,0.000777780787745,,563449.18,13073.10
3301,108167168,221.140675,train,1.56107342,0.000777654639875,0.24267888,211481.68,13073.10
3302,108199936,221.198678,train,1.62023914,0.000777528467956,0.26884374,307756.99,13073.10
3303,108232704,221.256350,train,1.57300854,0.000777402272002,0.24376990,363255.60,13073.10
3304,108265472,221.313295,train,1.57100415,0.000777276052027,0.24980891,400141.34,13073.10
3305,108298240,221.371884,train,1.55764699,0.000777149808043,0.24068694,424287.55,13073.10
3306,108331008,221.429378,train,1.58754206,0.000777023540065,0.26573306,443163.34,13073.10
3307,108363776,221.487258,train,1.59969103,0.000776897248105,0.25259528,457355.13,13073.10
3308,108396544,221.544209,train,1.65779138,0.000776770932177,0.26180053,469390.26,13073.10
3309,108429312,221.601585,train,1.63217020,0.000776644592294,0.25795484,478866.50,13073.10
3310,108462080,221.658194,train,1.64063406,0.00077651822847,0.25694981,487283.04,13073.10
3311,108494848,221.715290,train,1.59583378,0.000776391840717,0.27508971,494063.08,13073.10
3312,108527616,221.772827,train,1.56498849,0.00077626542905,0.25663325,499578.57,13073.10
3313,108560384,221.829727,train,1.53962922,0.000776138993481,0.25812018,504722.98,13073.10
3314,108593152,221.886754,train,1.62174976,0.000776012534024,0.25147706,509145.94,13073.10
3315,108625920,221.944431,train,1.58995342,0.000775886050692,0.25915584,512694.18,13073.10
3316,108658688,222.001849,train,1.55951118,0.000775759543499,0.25469634,515971.65,13073.10
3317,108691456,222.059580,train,1.59548640,0.000775633012458,0.24122632,518746.60,13073.10
3318,108724224,222.117129,train,1.59148550,0.000775506457582,0.27557641,521322.87,13073.10
3319,108756992,222.174651,train,1.58223176,0.000775379878885,0.24298258,523661.78,13073.10
3320,108789760,222.232011,train,1.59297585,0.00077525327638,0.23939347,525853.01,13073.10
3321,108822528,222.288554,train,1.60979724,0.000775126650081,0.25956956,528182.17,13073.10
3322,108855296,222.345218,train,1.58663392,0.000775,0.24379881,530270.78,13073.10
3323,108888064,222.403630,train,1.54948854,0.000774873326152,0.23808527,531535.73,13073.10
3324,108920832,222.460658,train,1.54012156,0.000774746628549,0.26483822,533200.55,13073.10
3325,108953600,222.518547,train,1.61424279,0.000774619907205,0.24790186,534441.28,13073.10
3326,108986368,222.575750,train,1.61168003,0.000774493162133,0.26944545,535822.44,13073.10
3327,109019136,222.633378,train,1.57786977,0.000774366393348,0.25943181,536969.48,13073.10
3328,109051904,222.690697,train,1.61533904,0.000774239600861,0.24339844,538136.24,13073.10
3329,109084672,222.748252,train,1.53955531,0.000774112784687,0.25752068,539154.79,13073.10
3330,109117440,222.806109,train,1.54946184,0.000773985944839,0.25751001,540019.63,13073.10
3331,109150208,222.863075,train,1.62932122,0.00077385908133,0.25881109,541087.99,13073.10
3332,109182976,222.920156,train,1.55582714,0.000773732194174,0.25567085,542060.93,13073.10
3333,109215744,222.977446,train,1.63826370,0.000773605283384,0.26272842,542921.21,13073.10
3334,109248512,223.034357,train,1.61594212,0.000773478348974,0.25089836,543833.92,13073.10
3335,109281280,223.092133,train,1.64131141,0.000773351390956,0.25533399,544473.38,13073.10
3336,109314048,223.149435,train,1.61843061,0.000773224409345,0.25752050,545198.50,13073.10
3337,109346816,223.207020,train,1.57076550,0.000773097404154,0.25956374,545816.39,13073.10
3338,109379584,223.264076,train,1.58907771,0.000772970375396,0.26039696,546529.94,13073.10
3339,109412352,223.321768,train,1.58649886,0.000772843323085,0.25308657,547059.69,13073.10
3340,109445120,223.379762,train,1.59809315,0.000772716247233,0.27383962,547495.03,13073.10
3341,109477888,223.438119,train,1.60263991,0.000772589147855,0.25500339,547828.55,13073.10
3342,109510656,223.495445,train,1.59840596,0.000772462024964,0.25319511,548371.62,13073.10
3343,109543424,223.552663,train,1.59667099,0.000772334878574,0.25652221,548913.62,13073.10
3344,109576192,223.610331,train,1.58353472,0.000772207708697,0.24839944,549337.81,13073.10
3345,109608960,223.668246,train,1.60883856,0.000772080515347,0.24871613,549693.05,13073.10
3346,109641728,223.726277,train,1.57626867,0.000771953298538,0.25444689,550010.12,13073.10
3347,109674496,223.784027,train,1.56126857,0.000771826058282,0.26029450,550369.18,13073.10
3348,109707264,223.842030,train,1.55047238,0.000771698794595,0.23914903,550665.11,13073.10
3349,109740032,223.900000,train,1.60246110,0.000771571507488,0.26566783,550955.28,13073.10
3350,109772800,223.956929,train,1.58755255,0.000771444196976,0.25102517,551427.40,13073.10
3351,109805568,224.014619,train,1.53183794,0.000771316863071,0.24678545,551743.05,13073.10
3352,109838336,224.071342,train,1.59544873,0.000771189505788,0.25092989,552220.00,13073.10
3353,109871104,224.128412,train,1.55458355,0.00077106212514,0.24342135,552618.61,13073.10
3354,109903872,224.185784,train,1.57532430,0.000770934721139,0.25835460,552950.81,13073.10
3355,109936640,224.243268,train,1.54762864,0.000770807293801,0.24846536,553252.44,13073.10
3356,109969408,224.300386,train,1.63240767,0.000770679843137,0.26230341,553604.54,13073.10
3357,110002176,224.357690,train,1.49416065,0.000770552369162,0.24971592,553914.18,13073.10
3358,110034944,224.415337,train,1.55094731,0.000770424871889,0.25296766,554158.10,13073.10
3359,110067712,224.473642,train,1.60053277,0.000770297351332,0.25534725,554289.22,13073.10
3360,110100480,224.531661,train,1.58056760,0.000770169807504,0.24076636,554460.99,13073.10
3361,110133248,224.589234,train,1.55518937,0.000770042240418,0.24371892,554695.93,13073.10
3362,110166016,224.646754,train,1.61641765,0.000769914650088,0.25926608,554931.24,13073.10
3363,110198784,224.703983,train,1.57499731,0.000769787036527,0.23574200,555202.93,13073.10
3364,110231552,224.760451,train,1.53213620,0.000769659399749,0.24868768,555578.26,13073.10
3365,110264320,224.818070,train,1.52331805,0.000769531739768,0.24601822,555775.40,13073.10
3366,110297088,224.875370,train,1.56753337,0.000769404056596,0.25094876,556012.58,13073.10
3367,110329856,224.932030,train,1.56493688,0.000769276350248,0.25464875,556332.98,13073.10
3368,110362624,224.988826,train,1.56706429,0.000769148620737,0.25821656,556625.30,13073.10
3369,110395392,225.046220,train,1.58348513,0.000769020868076,0.25134665,556827.49,13073.10
3370,110428160,225.103871,train,1.56927848,0.000768893092279,0.24564011,556989.30,13073.10
3371,110460928,225.161502,train,1.57778037,0.000768765293359,0.25060520,557149.30,13073.10
3372,110493696,225.219337,train,1.57864594,0.00076863747133,0.26220787,557278.12,13073.10
3373,110526464,225.276526,train,1.61771619,0.000768509626205,0.25069103,557487.40,13073.10
3374,110559232,225.333796,train,1.56173658,0.000768381757998,0.25326753,557680.71,13073.10
3375,110592000,225.391408,train,1.54270279,0.000768253866722,0.24575765,557825.76,13073.10
3376,110624768,225.448236,train,1.57413387,0.000768125952392,0.25865412,558065.02,13073.10
3377,110657536,225.506023,train,1.51922059,0.000767998015019,0.24913104,558179.88,13073.10
3378,110690304,225.563484,train,1.54083490,0.000767870054619,0.24378920,558331.53,13073.10
3379,110723072,225.620880,train,1.58067977,0.000767742071204,0.24612622,558487.33,13073.10
3380,110755840,225.678038,train,1.64384651,0.000767614064787,0.27302814,558667.70,13073.10
3381,110788608,225.735651,train,1.58391178,0.000767486035384,0.24956010,558790.01,13073.10
3382,110821376,225.793306,train,1.55591536,0.000767357983006,0.25619796,558904.67,13073.10
3383,110854144,225.850501,train,1.56271338,0.000767229907667,0.24644965,559069.40,13073.10
3384,110886912,225.907672,train,1.49642122,0.000767101809382,0.24342567,559233.08,13073.10
3385,110919680,225.964352,train,1.57432234,0.000766973688163,0.25186723,559448.02,13073.10
3386,110952448,226.021813,train,1.56271386,0.000766845544024,0.24156082,559571.55,13073.10
3387,110985216,226.078649,train,1.57099843,0.000766717376979,0.25928280,559760.77,13073.10
3388,111017984,226.135584,train,1.57618058,0.000766589187041,0.24651864,559935.22,13073.10
3389,111050752,226.193151,train,1.57557273,0.000766460974224,0.23891626,560037.83,13073.10
3390,111083520,226.250629,train,1.61548519,0.000766332738541,0.25101125,560147.68,13073.10
3391,111116288,226.308091,train,1.61349082,0.000766204480006,0.25767717,560256.71,13073.10
3392,111149056,226.364970,train,1.57314336,0.000766076198632,0.25024682,560424.24,13073.10
3393,111181824,226.422350,train,1.63834083,0.000765947894432,0.28766897,560536.59,13073.10
3394,111214592,226.479292,train,1.54806852,0.000765819567422,0.24230820,560691.37,13073.10
3395,111247360,226.537714,train,1.55899203,0.000765691217613,0.24011788,560693.40,13073.10
3396,111280128,226.594772,train,1.56434000,0.00076556284502,0.24589528,560831.72,13073.10
3397,111312896,226.652127,train,1.58064318,0.000765434449656,0.25273094,560937.82,13073.10
3398,111345664,226.710299,train,1.61044002,0.000765306031535,0.25242817,560961.82,13073.10
3399,111378432,226.767950,train,1.57398081,0.00076517759067,0.24348524,561035.80,13073.10
3400,111411200,226.825774,train,1.53928173,0.000765049127074,0.24026722,561091.75,13073.10
3400,111411200,227.162895,valid,1.57781779,0.000765049127074,,561091.75,13073.10
3401,111443968,227.310243,train,1.60314250,0.000764920640762,0.25007015,224552.37,13073.10
3402,111476736,227.368369,train,1.59900665,0.000764792131747,0.24733572,321173.32,13073.10
3403,111509504,227.426254,train,1.62030840,0.000764663600043,0.24730036,375297.99,13073.10
3404,111542272,227.484016,train,1.57594442,0.000764535045662,0.24642274,409985.69,13073.10
3405,111575040,227.540421,train,1.54892087,0.00076440646862,0.24595441,435624.70,13073.10
3406,111607808,227.597367,train,1.65693867,0.000764277868928,0.24197328,454008.36,13073.10
3407,111640576,227.654823,train,1.53691530,0.000764149246602,0.24774869,467632.51,13073.10
3408,111673344,227.711500,train,1.56557965,0.000764020601654,0.24112494,479079.95,13073.10
3409,111706112,227.768616,train,1.59561801,0.000763891934097,0.24949600,488023.98,13073.10
3410,111738880,227.825622,train,1.51246333,0.000763763243947,0.24620867,495505.63,13073.10
3411,111771648,227.882640,train,1.55458152,0.000763634531216,0.25262678,501791.54,13073.10
3412,111804416,227.939754,train,1.56484413,0.000763505795917,0.24940777,507089.96,13073.10
3413,111837184,227.997516,train,1.58302867,0.000763377038065,0.25761694,511263.73,13073.10
3414,111869952,228.054364,train,1.59511876,0.000763248257673,0.24887449,515424.66,13073.10
3415,111902720,228.111547,train,1.56446028,0.000763119454754,0.24542402,518902.91,13073.10
3416,111935488,228.169531,train,1.55436552,0.000762990629323,0.24846083,521569.04,13073.10
3417,111968256,228.226552,train,1.55589104,0.000762861781393,0.26886994,524419.21,13073.10
3418,112001024,228.283498,train,1.59441662,0.000762732910977,0.25550851,527014.52,13073.10
3419,112033792,228.340619,train,1.54749632,0.000762604018089,0.26250708,529279.56,13073.10
3420,112066560,228.397763,train,1.51818490,0.000762475102742,0.26530698,531324.77,13073.10
3421,112099328,228.454751,train,1.59615016,0.000762346164951,0.24833989,533253.35,13073.10
3422,112132096,228.511971,train,1.60445428,0.000762217204729,0.26264575,534926.97,13073.10
3423,112164864,228.569271,train,1.57398224,0.00076208822209,0.25964710,536433.25,13073.10
3424,112197632,228.625643,train,1.55589044,0.000761959217046,0.24668722,538163.54,13073.10
3425,112230400,228.682919,train,1.57392573,0.000761830189612,0.25232643,539443.83,13073.10
3426,112263168,228.739490,train,1.56274486,0.000761701139802,0.25162199,540872.81,13073.10
3427,112295936,228.796999,train,1.59167278,0.000761572067629,0.24365313,541891.59,13073.10
3428,112328704,228.854205,train,1.55571890,0.000761442973106,0.25171876,542938.11,13073.10
3429,112361472,228.912106,train,1.62549698,0.000761313856248,0.24917804,543699.68,13073.10
3430,112394240,228.969351,train,1.51291037,0.000761184717068,0.24147086,544610.56,13073.10
3431,112427008,229.027821,train,1.63155508,0.000761055555579,0.27668065,545106.69,13073.10
3432,112459776,229.084946,train,1.54369807,0.000760926371795,0.24337499,545954.58,13073.10
3433,112492544,229.142029,train,1.59907508,0.000760797165731,0.24115135,546765.26,13073.10
3434,112525312,229.199419,train,1.63533521,0.000760667937399,0.26829633,547447.95,13073.10
3435,112558080,229.256600,train,1.59986436,0.000760538686813,0.24960673,548147.65,13073.10
3436,112590848,229.314255,train,1.56910336,0.000760409413987,0.23808426,548689.51,13073.10
3437,112623616,229.371273,train,1.59845734,0.000760280118934,0.24241371,549361.27,13073.10
3438,112656384,229.428586,train,1.56636631,0.000760150801668,0.24934195,549927.87,13073.10
3439,112689152,229.486155,train,1.59976387,0.000760021462204,0.26325747,550405.51,13073.10
3440,112721920,229.543792,train,1.57412934,0.000759892100554,0.24705158,550844.44,13073.10
3441,112754688,229.601668,train,1.55423939,0.000759762716732,0.24912842,551208.28,13073.10
3442,112787456,229.659385,train,1.57406783,0.000759633310751,0.25490049,551590.80,13073.10
3443,112820224,229.717011,train,1.56740069,0.000759503882627,0.27020746,551975.49,13073.10
3444,112852992,229.774068,train,1.61857462,0.000759374432371,0.26377729,552463.48,13073.10
3445,112885760,229.831935,train,1.53308833,0.000759244959998,0.29086933,552762.90,13073.10
3446,112918528,229.889394,train,1.54197085,0.000759115465522,0.24302816,553132.36,13073.10
3447,112951296,229.947003,train,1.57791162,0.000758985948956,0.24666008,553456.83,13073.10
3448,112984064,230.004067,train,1.57947469,0.000758856410313,0.24975395,553874.27,13073.10
3449,113016832,230.062072,train,1.61453414,0.000758726849608,0.23822992,554095.27,13073.10
3450,113049600,230.119288,train,1.52990615,0.000758597266855,0.24269031,554455.59,13073.10
3451,113082368,230.176691,train,1.55785918,0.000758467662066,0.24579324,554767.97,13073.10
3452,113115136,230.233867,train,1.59139228,0.000758338035256,0.25323468,555109.59,13073.10
3453,113147904,230.290982,train,1.59330535,0.000758208386439,0.24723256,555449.50,13073.10
3454,113180672,230.347920,train,1.55442190,0.000758078715627,0.24432950,555808.18,13073.10
3455,113213440,230.405554,train,1.51371956,0.000757949022835,0.24780759,556034.77,13073.10
3456,113246208,230.462962,train,1.60920382,0.000757819308076,0.24472931,556291.48,13073.10
3457,113278976,230.519588,train,1.61597824,0.000757689571365,0.25228694,556669.35,13073.10
3458,113311744,230.577039,train,1.59002256,0.000757559812714,0.25330710,556899.82,13073.10
3459,113344512,230.634090,train,1.61360979,0.000757430032138,0.24825887,557186.97,13073.10
3460,113377280,230.691417,train,1.55894232,0.000757300229649,0.24304429,557421.17,13073.10
3461,113410048,230.749228,train,1.63706446,0.000757170405263,0.26525465,557572.63,13073.10
3462,113442816,230.806423,train,1.55116725,0.000757040558993,0.24335095,557813.68,13073.10
3463,113475584,230.864215,train,1.60331607,0.000756910690852,0.25031766,557957.09,13073.10
3464,113508352,230.921798,train,1.58351886,0.000756780800854,0.25154820,558127.11,13073.10
3465,113541120,230.979357,train,1.54127526,0.000756650889012,0.25577554,558295.68,13073.10
3466,113573888,231.036250,train,1.56151283,0.000756520955342,0.24162911,558555.22,13073.10
3467,113606656,231.094019,train,1.54236293,0.000756390999855,0.23579755,558682.62,13073.10
3468,113639424,231.151484,train,1.58700919,0.000756261022567,0.24393789,558849.04,13073.10
3469,113672192,231.209327,train,1.55200148,0.00075613102349,0.24768268,558958.39,13073.10
3470,113704960,231.266730,train,1.53928137,0.000756001002638,0.24139230,559124.69,13073.10
3471,113737728,231.323159,train,1.56095016,0.000755870960026,0.24639389,559417.33,13073.10
3472,113770496,231.380173,train,1.55526781,0.000755740895667,0.27516145,559624.48,13073.10
3473,113803264,231.437617,train,1.57953525,0.000755610809574,0.24272171,559769.76,13073.10
3474,113836032,231.495027,train,1.56743360,0.000755480701762,0.25000748,559915.65,13073.10
3475,113868800,231.552398,train,1.54475665,0.000755350572244,0.25170907,560062.74,13073.10
3476,113901568,231.609910,train,1.57635903,0.000755220421033,0.24980272,560188.11,13073.10
3477,113934336,231.667701,train,1.58143473,0.000755090248145,0.24903040,560275.62,13073.10
3478,113967104,231.725246,train,1.50314641,0.000754960053591,0.23935185,560391.12,13073.10
3479,113999872,231.782413,train,1.53570008,0.000754829837387,0.24072748,560549.71,13073.10
3480,114032640,231.840137,train,1.55252278,0.000754699599546,0.24329935,560637.57,13073.10
3481,114065408,231.897781,train,1.53479314,0.000754569340081,0.24708396,560732.70,13073.10
3482,114098176,231.954929,train,1.53934813,0.000754439059007,0.25847468,560883.78,13073.10
3483,114130944,232.012184,train,1.53647685,0.000754308756337,0.24766335,561018.78,13073.10
3484,114163712,232.069149,train,1.64839578,0.000754178432085,0.25813350,561183.80,13073.10
3485,114196480,232.126482,train,1.54844916,0.000754048086264,0.24254516,561303.44,13073.10
3486,114229248,232.184166,train,1.62656879,0.000753917718889,0.24687341,561381.04,13073.10
3487,114262016,232.241995,train,1.55242121,0.000753787329974,0.24857639,561440.96,13073.10
3488,114294784,232.299631,train,1.61858511,0.000753656919531,0.25196722,561520.53,13073.10
3489,114327552,232.357154,train,1.57960761,0.000753526487575,0.23990078,561610.65,13073.10
3490,114360320,232.414294,train,1.63905501,0.00075339603412,0.24526080,561739.63,13073.10
3491,114393088,232.471465,train,1.57119381,0.000753265559179,0.23834652,561862.60,13073.10
3492,114425856,232.530016,train,1.58384097,0.000753135062766,0.24696736,561838.53,13073.10
3493,114458624,232.587297,train,1.56135249,0.000753004544895,0.23829135,561946.51,13073.10
3494,114491392,232.644746,train,1.54073334,0.000752874005579,0.24340084,562034.91,13073.10
3495,114524160,232.702541,train,1.51348948,0.000752743444833,0.24090680,562086.38,13073.10
3496,114556928,232.760046,train,1.56283653,0.000752612862671,0.23439966,562165.95,13073.10
3497,114589696,232.817510,train,1.55327821,0.000752482259105,0.23932405,562247.91,13073.10
3498,114622464,232.874704,train,1.58664322,0.000752351634151,0.24036807,562354.91,13073.10
3499,114655232,232.932468,train,1.57619977,0.000752220987821,0.24523821,562404.21,13073.10
3500,114688000,232.989864,train,1.58350074,0.000752090320129,0.24104717,562487.98,13073.10
3500,114688000,233.326649,valid,1.57048789,0.000752090320129,,562487.98,13073.10
3501,114720768,233.484089,train,1.59578097,0.00075195963109,0.24312182,210045.40,13073.10
3502,114753536,233.542278,train,1.58138311,0.000751828920717,0.24902047,305967.61,13073.10
3503,114786304,233.601375,train,1.57162976,0.000751698189024,0.24817190,359704.75,13073.10
3504,114819072,233.659166,train,1.56394005,0.000751567436024,0.25088549,395891.57,13073.10
3505,114851840,233.716312,train,1.61664724,0.000751436661732,0.23983936,422020.92,13073.10
3506,114884608,233.773412,train,1.56649113,0.000751305866162,0.24913865,441491.09,13073.10
3507,114917376,233.830931,train,1.50269902,0.000751175049326,0.24172941,456155.81,13073.10
3508,114950144,233.888431,train,1.60953450,0.000751044211239,0.25602540,467825.19,13073.10
3509,114982912,233.945419,train,1.59619272,0.000750913351915,0.25490919,477718.74,13073.10
3510,115015680,234.002473,train,1.60422635,0.000750782471368,0.25026885,485893.11,13073.10
3511,115048448,234.059680,train,1.56408477,0.000750651569611,0.24570549,492687.93,13073.10
3512,115081216,234.116682,train,1.59692049,0.000750520646659,0.25691217,498627.38,13073.10
3513,115113984,234.173419,train,1.55767226,0.000750389702524,0.24494720,503923.91,13073.10
3514,115146752,234.230420,train,1.60959268,0.000750258737222,0.24981326,508405.63,13073.10
3515,115179520,234.287761,train,1.52826774,0.000750127750765,0.24585027,512173.02,13073.10
3516,115212288,234.343937,train,1.52847433,0.000749996743168,0.24827585,516106.60,13073.10
3517,115245056,234.401146,train,1.54860520,0.000749865714444,0.24457869,519127.93,13073.10
3518,115277824,234.458518,train,1.55470681,0.000749734664607,0.24186035,521768.36,13073.10
3519,115310592,234.514990,train,1.55828214,0.000749603593672,0.25435767,524550.95,13073.10
3520,115343360,234.572186,train,1.55509400,0.000749472501651,0.24931964,526774.25,13073.10
3521,115376128,234.629395,train,1.60040426,0.00074934138856,0.25405997,528796.36,13073.10
3522,115408896,234.686316,train,1.59903312,0.000749210254411,0.25628865,530760.89,13073.10
3523,115441664,234.743373,train,1.56056738,0.000749079099218,0.25485107,532516.35,13073.10
3524,115474432,234.800636,train,1.59218740,0.000748947922996,0.24909109,534061.07,13073.10
3525,115507200,234.857567,train,1.61905229,0.000748816725758,0.25272647,535606.09,13073.10
3526,115539968,234.914290,train,1.54041886,0.000748685507518,0.24383189,537110.94,13073.10
3527,115572736,234.971558,train,1.58146977,0.00074855426829,0.25239211,538333.29,13073.10
3528,115605504,235.028659,train,1.60349894,0.000748423008088,0.25336757,539526.22,13073.10
3529,115638272,235.085737,train,1.53688681,0.000748291726926,0.25247887,540648.51,13073.10
3530,115671040,235.142307,train,1.53035283,0.000748160424817,0.23935525,541852.11,13073.10
3531,115703808,235.198878,train,1.61604083,0.000748029101775,0.25101960,542982.62,13073.10
3532,115736576,235.256019,train,1.59871864,0.000747897757815,0.25701356,543885.84,13073.10
3533,115769344,235.312658,train,1.54951823,0.00074776639295,0.24652350,544874.99,13073.10
3534,115802112,235.369626,train,1.61626756,0.000747635007194,0.28981686,545721.24,13073.10
3535,115834880,235.426772,train,1.64083123,0.000747503600561,0.25227514,546475.06,13073.10
3536,115867648,235.483832,train,1.56492364,0.000747372173064,0.25953308,547210.78,13073.10
3537,115900416,235.540948,train,1.55781198,0.000747240724719,0.24373531,547894.85,13073.10
3538,115933184,235.597702,train,1.54276955,0.000747109255538,0.26400262,548631.85,13073.10
3539,115965952,235.655612,train,1.58925331,0.000746977765535,0.25679022,549060.17,13073.10
3540,115998720,235.712988,train,1.57081175,0.000746846254724,0.24831754,549590.55,13073.10
3541,116031488,235.769479,train,1.58450305,0.00074671472312,0.25610361,550295.46,13073.10
3542,116064256,235.826592,train,1.54534578,0.000746583170736,0.24856237,550831.41,13073.10
3543,116097024,235.884023,train,1.54187250,0.000746451597586,0.24294643,551274.71,13073.10
3544,116129792,235.940553,train,1.59490120,0.000746320003684,0.26099598,551889.01,13073.10
3545,116162560,235.997613,train,1.56518412,0.000746188389044,0.25436530,552367.39,13073.10
3546,116195328,236.054791,train,1.55393910,0.000746056753679,0.25030005,552801.69,13073.10
3547,116228096,236.112217,train,1.59572601,0.000745925097604,0.25056884,553169.21,13073.10
3548,116260864,236.168798,train,1.51916265,0.000745793420833,0.25037146,553686.40,13073.10
3549,116293632,236.226057,train,1.54759622,0.000745661723379,0.25803852,554053.81,13073.10
3550,116326400,236.283059,train,1.55718350,0.000745530005257,0.25823170,554455.05,13073.10
3551,116359168,236.340409,train,1.55453956,0.000745398266479,0.24907823,554777.11,13073.10
3552,116391936,236.397096,train,1.55444193,0.000745266507061,0.25981504,555206.83,13073.10
3553,116424704,236.453485,train,1.56614101,0.000745134727016,0.24451797,555674.24,13073.10
3554,116457472,236.510300,train,1.52808785,0.000745002926358,0.24120417,556050.60,13073.10
3555,116490240,236.567176,train,1.62892437,0.000744871105101,0.23877953,556403.19,13073.10
3556,116523008,236.623988,train,1.55314612,0.000744739263259,0.24357136,556754.23,13073.10
3557,116555776,236.681850,train,1.54782152,0.000744607400845,0.25157195,556919.28,13073.10
3558,116588544,236.739307,train,1.52714968,0.000744475517875,0.24310797,557144.61,13073.10
3559,116621312,236.796132,train,1.52118540,0.000744343614361,0.24184774,557464.18,13073.10
3560,116654080,236.852429,train,1.53076267,0.000744211690317,0.24231020,557857.15,13073.10
3561,116686848,236.908948,train,1.61683464,0.000744079745758,0.25355166,558202.88,13073.10
3562,116719616,236.966198,train,1.53730726,0.000743947780698,0.24326982,558425.86,13073.10
3563,116752384,237.023258,train,1.57473755,0.00074381579515,0.24390624,558670.59,13073.10
3564,116785152,237.080054,train,1.52463984,0.000743683789128,0.24393547,558947.10,13073.10
3565,116817920,237.136702,train,1.52102184,0.000743551762647,0.24259393,559237.13,13073.10
3566,116850688,237.193691,train,1.55853164,0.00074341971572,0.24588521,559469.45,13073.10
3567,116883456,237.250557,train,1.54584527,0.000743287648361,0.25159696,559712.40,13073.10
3568,116916224,237.306734,train,1.56947303,0.000743155560584,0.25264066,560045.42,13073.10
3569,116948992,237.363513,train,1.64058661,0.000743023452403,0.25058225,560285.54,13073.10
3570,116981760,237.420011,train,1.55358315,0.000742891323832,0.24101582,560557.52,13073.10
3571,117014528,237.477241,train,1.56088281,0.000742759174886,0.25151974,560723.23,13073.10
3572,117047296,237.533733,train,1.57991064,0.000742627005577,0.24804445,560982.80,13073.10
3573,117080064,237.589568,train,1.52486467,0.00074249481592,0.24281245,561322.03,13073.10
3574,117112832,237.646181,train,1.58469582,0.000742362605929,0.24769111,561551.26,13073.10
3575,117145600,237.704241,train,1.52345335,0.000742230375618,0.24252510,561588.83,13073.10
3576,117178368,237.761625,train,1.59714735,0.000742098125001,0.24339229,561711.03,13073.10
3577,117211136,237.818882,train,1.54594040,0.000741965854092,0.24576660,561845.89,13073.10
3578,117243904,237.875771,train,1.56835532,0.000741833562904,0.24648529,562022.97,13073.10
3579,117276672,237.933324,train,1.60165572,0.000741701251452,0.26823583,562114.61,13073.10
3580,117309440,237.990395,train,1.55934584,0.00074156891975,0.24423884,562262.13,13073.10
3581,117342208,238.047528,train,1.58447433,0.000741436567811,0.26931337,562398.69,13073.10
3582,117374976,238.105279,train,1.60630047,0.00074130419565,0.25820485,562459.07,13073.10
3583,117407744,238.163140,train,1.54763293,0.000741171803281,0.25113815,562505.32,13073.10
3584,117440512,238.220488,train,1.55291581,0.000741039390718,0.24666764,562609.44,13073.10
3585,117473280,238.277434,train,1.54596412,0.000740906957974,0.25069153,562756.88,13073.10
3586,117506048,238.334226,train,1.62030017,0.000740774505063,0.25822210,562918.32,13073.10
3587,117538816,238.391222,train,1.53805971,0.000740642032001,0.24305139,563053.31,13073.10
3588,117571584,238.447937,train,1.56602502,0.0007405095388,0.24141459,563216.30,13073.10
3589,117604352,238.505704,train,1.59021914,0.000740377025474,0.24289447,563261.17,13073.10
3590,117637120,238.563186,train,1.60929394,0.000740244492038,0.25872716,563335.87,13073.10
3591,117669888,238.620475,train,1.58355904,0.000740111938506,0.26709735,563429.43,13073.10
3592,117702656,238.676844,train,1.59406853,0.000739979364891,0.24421810,563617.86,13073.10
3593,117735424,238.733991,train,1.57391775,0.000739846771208,0.25645679,563721.26,13073.10
3594,117768192,238.790787,train,1.60064149,0.000739714157471,0.26628366,563858.73,13073.10
3595,117800960,238.847601,train,1.60056233,0.000739581523693,0.24535920,563991.51,13073.10
3596,117833728,238.904768,train,1.58541846,0.000739448869889,0.25301608,564085.83,13073.10
3597,117866496,238.961669,train,1.54192281,0.000739316196072,0.24980053,564204.97,13073.10
3598,117899264,239.018666,train,1.56375086,0.000739183502257,0.25753161,564312.22,13073.10
3599,117932032,239.075422,train,1.57162714,0.000739050788458,0.24632217,564440.93,13073.10
3600,117964800,239.132446,train,1.54679656,0.000738918054689,0.25449628,564541.09,13073.10
3600,117964800,239.470214,valid,1.56571023,0.000738918054689,,564541.09,13073.10
3601,117997568,239.626501,train,1.56426322,0.000738785300963,0.24798612,212037.31,13073.10
3602,118030336,239.684131,train,1.54615259,0.000738652527295,0.24445342,308885.90,13073.10
3603,118063104,239.741733,train,1.55539036,0.000738519733699,0.27700737,364398.05,13073.10
3604,118095872,239.798570,train,1.52968645,0.000738386920188,0.24204767,401312.76,13073.10
3605,118128640,239.856295,train,1.51617908,0.000738254086777,0.25502473,426297.23,13073.10
3606,118161408,239.913254,train,1.59786105,0.000738121233481,0.25163698,445527.96,13073.10
3607,118194176,239.970715,train,1.57731605,0.000737988360312,0.25772840,459899.17,13073.10
3608,118226944,240.028372,train,1.53793299,0.000737855467285,0.25156832,471134.81,13073.10
3609,118259712,240.085234,train,1.58566272,0.000737722554414,0.24716771,480882.65,13073.10
3610,118292480,240.142296,train,1.59671676,0.000737589621713,0.24659145,488830.87,13073.10
3611,118325248,240.199676,train,1.58780932,0.000737456669196,0.24388281,495315.44,13073.10
3612,118358016,240.256584,train,1.52933097,0.000737323696877,0.24849634,501152.36,13073.10
3613,118390784,240.314468,train,1.55488658,0.00073719070477,0.25244910,505615.17,13073.10
3614,118423552,240.372208,train,1.54691684,0.00073705769289,0.23574635,509585.19,13073.10
3615,118456320,240.429581,train,1.56166387,0.000736924661249,0.24035649,513273.20,13073.10
3616,118489088,240.486966,train,1.53952658,0.000736791609863,0.24468829,516537.58,13073.10
3617,118521856,240.544725,train,1.54802871,0.000736658538745,0.24488680,519272.04,13073.10
3618,118554624,240.602811,train,1.63809896,0.00073652544791,0.25786558,521575.83,13073.10
3619,118587392,240.659623,train,1.59802330,0.000736392337371,0.25102192,524217.01,13073.10
3620,118620160,240.717643,train,1.56647217,0.000736259207143,0.25258249,526106.02,13073.10
3621,118652928,240.775100,train,1.57132745,0.000736126057239,0.24580625,528054.30,13073.10
3622,118685696,240.832558,train,1.55309713,0.000735992887674,0.25132489,529838.25,13073.10
3623,118718464,240.888442,train,1.55313253,0.000735859698462,0.25199863,532068.32,13073.10
3624,118751232,240.945258,train,1.58632982,0.000735726489616,0.25162911,533790.79,13073.10
3625,118784000,241.001761,train,1.55884874,0.000735593261152,0.26397860,535495.19,13073.10
3626,118816768,241.058641,train,1.52969098,0.000735460013082,0.23801659,536950.50,13073.10
3627,118849536,241.116436,train,1.54398382,0.000735326745421,0.25191256,538004.79,13073.10
3628,118882304,241.174475,train,1.53502810,0.000735193458183,0.24101776,538911.39,13073.10
3629,118915072,241.232768,train,1.56171536,0.000735060151383,0.24972986,539680.01,13073.10
3630,118947840,241.290051,train,1.57398486,0.000734926825034,0.25178108,540699.48,13073.10
3631,118980608,241.348168,train,1.53863692,0.00073479347915,0.24414188,541415.88,13073.10
3632,119013376,241.405616,train,1.51211607,0.000734660113745,0.25338015,542276.99,13073.10
3633,119046144,241.463367,train,1.55754161,0.000734526728834,0.25595704,543005.31,13073.10
3634,119078912,241.521655,train,1.57645822,0.000734393324431,0.24380936,543550.80,13073.10
3635,119111680,241.579194,train,1.57512140,0.000734259900549,0.24807209,544259.10,13073.10
3636,119144448,241.636658,train,1.59490108,0.000734126457203,0.24804446,544948.47,13073.10
3637,119177216,241.694055,train,1.57449639,0.000733992994407,0.24199086,545618.91,13073.10
3638,119209984,241.751262,train,1.55992627,0.000733859512175,0.25728285,546300.94,13073.10
3639,119242752,241.808339,train,1.52643299,0.000733726010521,0.23871881,546980.19,13073.10
3640,119275520,241.865643,train,1.57405424,0.000733592489459,0.24162398,547575.06,13073.10
3641,119308288,241.922811,train,1.59623277,0.000733458949003,0.27464232,548172.43,13073.10
3642,119341056,241.980438,train,1.58300102,0.000733325389168,0.24843284,548642.13,13073.10
3643,119373824,242.037864,train,1.54450178,0.000733191809968,0.24876888,549133.97,13073.10
3644,119406592,242.095407,train,1.57184696,0.000733058211415,0.25168464,549579.65,13073.10
3645,119439360,242.153059,train,1.57289815,0.000732924593526,0.23864838,549983.86,13073.10
3646,119472128,242.209989,train,1.55936885,0.000732790956314,0.23928456,550516.05,13073.10
3647,119504896,242.267671,train,1.54932785,0.000732657299792,0.24417953,550878.45,13073.10
3648,119537664,242.324916,train,1.58200312,0.000732523623975,0.25214931,551310.57,13073.10
3649,119570432,242.382659,train,1.58326864,0.000732389928878,0.23932418,551631.31,13073.10
3650,119603200,242.439697,train,1.57332337,0.000732256214514,0.27716553,552070.91,13073.10
3651,119635968,242.497026,train,1.54211771,0.000732122480898,0.25791088,552440.54,13073.10
3652,119668736,242.553797,train,1.55617809,0.000731988728043,0.24228653,552896.60,13073.10
3653,119701504,242.611342,train,1.58567619,0.000731854955963,0.25041199,553199.77,13073.10
3654,119734272,242.668487,train,1.53218579,0.000731721164674,0.25740582,553561.00,13073.10
3655,119767040,242.725408,train,1.51215458,0.000731587354188,0.25316742,553948.00,13073.10
3656,119799808,242.782426,train,1.59217334,0.000731453524521,0.24888086,554305.31,13073.10
3657,119832576,242.839804,train,1.59283590,0.000731319675686,0.24113271,554591.30,13073.10
3658,119865344,242.896706,train,1.56087005,0.000731185807697,0.26297784,554944.88,13073.10
3659,119898112,242.953258,train,1.55538201,0.000731051920569,0.25476590,555342.62,13073.10
3660,119930880,243.010290,train,1.55141938,0.000730918014315,0.25381970,555652.36,13073.10
3661,119963648,243.066998,train,1.55505228,0.00073078408895,0.26846310,556002.13,13073.10
3662,119996416,243.124053,train,1.55015326,0.000730650144488,0.25012368,556288.50,13073.10
3663,120029184,243.180965,train,1.60749650,0.000730516180943,0.24942270,556587.42,13073.10
3664,120061952,243.237984,train,1.55358303,0.00073038219833,0.25403652,556861.29,13073.10
3665,120094720,243.296518,train,1.60510111,0.000730248196662,0.24585834,556906.49,13073.10
3666,120127488,243.353401,train,1.56601977,0.000730114175953,0.25536820,557187.15,13073.10
3667,120160256,243.410524,train,1.62026906,0.000729980136218,0.26039788,557425.79,13073.10
3668,120193024,243.467643,train,1.55345881,0.000729846077471,0.26919693,557658.14,13073.10
3669,120225792,243.525288,train,1.55765915,0.000729711999726,0.24887234,557811.56,13073.10
3670,120258560,243.582491,train,1.60124731,0.000729577902997,0.24445750,558020.59,13073.10
3671,120291328,243.639956,train,1.59887648,0.000729443787299,0.25759539,558188.93,13073.10
3672,120324096,243.697106,train,1.62122345,0.000729309652645,0.25173992,558394.14,13073.10
3673,120356864,243.754746,train,1.55653620,0.00072917549905,0.26069489,558530.21,13073.10
3674,120389632,243.811664,train,1.58733273,0.000729041326528,0.25737622,558755.43,13073.10
3675,120422400,243.869304,train,1.59112847,0.000728907135092,0.24307078,558883.07,13073.10
3676,120455168,243.926602,train,1.57554817,0.000728772924758,0.24389966,559050.22,13073.10
3677,120487936,243.983539,train,1.56287670,0.000728638695539,0.25202125,559258.17,13073.10
3678,120520704,244.040275,train,1.56343615,0.00072850444745,0.24025469,559485.36,13073.10
3679,120553472,244.097889,train,1.56600189,0.000728370180505,0.24569631,559600.69,13073.10
3680,120586240,244.155186,train,1.53635228,0.000728235894718,0.24819608,559751.18,13073.10
3681,120619008,244.212317,train,1.55176508,0.000728101590102,0.24400419,559917.43,13073.10
3682,120651776,244.269272,train,1.58398557,0.000727967266673,0.24961478,560100.52,13073.10
3683,120684544,244.326513,train,1.53841305,0.000727832924445,0.24202684,560246.26,13073.10
3684,120717312,244.383922,train,1.54320526,0.000727698563431,0.24614863,560369.41,13073.10
3685,120750080,244.441538,train,1.54318690,0.000727564183646,0.24373704,560466.38,13073.10
3686,120782848,244.498685,train,1.56642520,0.000727429785104,0.25039387,560613.38,13073.10
3687,120815616,244.556047,train,1.55198503,0.00072729536782,0.24888119,560733.35,13073.10
3688,120848384,244.613147,train,1.50248373,0.000727160931807,0.24018174,560879.20,13073.10
3689,120881152,244.670238,train,1.52011800,0.000727026477079,0.25267282,561022.89,13073.10
3690,120913920,244.727445,train,1.57908201,0.000726892003652,0.25153667,561151.05,13073.10
3691,120946688,244.785032,train,1.52971697,0.000726757511538,0.24629937,561236.37,13073.10
3692,120979456,244.843259,train,1.54113460,0.000726623000753,0.25332135,561252.90,13073.10
3693,121012224,244.900122,train,1.57506704,0.000726488471311,0.26214615,561410.10,13073.10
3694,121044992,244.957116,train,1.58416009,0.000726353923225,0.24386616,561550.70,13073.10
3695,121077760,245.014523,train,1.55505562,0.00072621935651,0.27202937,561646.47,13073.10
3696,121110528,245.071600,train,1.61169863,0.00072608477118,0.25098857,561773.47,13073.10
3697,121143296,245.128494,train,1.63305545,0.000725950167249,0.25073379,561916.06,13073.10
3698,121176064,245.186171,train,1.61551392,0.000725815544732,0.25975052,561978.65,13073.10
3699,121208832,245.243701,train,1.55871856,0.000725680903643,0.23952232,562054.48,13073.10
3700,121241600,245.300438,train,1.55343592,0.000725546243996,0.24402611,562205.23,13073.10
3700,121241600,245.638903,valid,1.56250247,0.000725546243996,,562205.23,13073.10
3701,121274368,245.781315,train,1.53536952,0.000725411565805,0.24591583,232488.39,13073.10
3702,121307136,245.839493,train,1.52438664,0.000725276869085,0.24220932,329124.07,13073.10
3703,121339904,245.897375,train,1.59229910,0.000725142153849,0.25109568,382499.55,13073.10
3704,121372672,245.954850,train,1.54100823,0.000725007420113,0.23622428,416790.12,13073.10
3705,121405440,246.012336,train,1.59692192,0.000724872667889,0.24883530,440471.26,13073.10
3706,121438208,246.070138,train,1.57896161,0.000724737897193,0.24723150,457474.89,13073.10
3707,121470976,246.127607,train,1.53692675,0.000724603108038,0.24623539,470769.64,13073.10
3708,121503744,246.185061,train,1.54143882,0.00072446830044,0.24282530,481270.46,13073.10
3709,121536512,246.242129,train,1.48804283,0.000724333474411,0.24935661,490083.00,13073.10
3710,121569280,246.299765,train,1.61065865,0.000724198629967,0.24836218,496940.28,13073.10
3711,121602048,246.357560,train,1.56238818,0.000724063767121,0.24515267,502583.93,13073.10
3712,121634816,246.415289,train,1.57970977,0.000723928885888,0.26655722,507428.81,13073.10
3713,121667584,246.472761,train,1.59647119,0.000723793986283,0.25551137,511759.66,13073.10
3714,121700352,246.530725,train,1.57549131,0.000723659068318,0.24792401,515246.08,13073.10
3715,121733120,246.589149,train,1.50764394,0.000723524132009,0.23971155,518055.56,13073.10
3716,121765888,246.647041,train,1.57200122,0.000723389177371,0.27420250,520813.60,13073.10
3717,121798656,246.704585,train,1.56017399,0.000723254204416,0.24913327,523443.34,13073.10
3718,121831424,246.762038,train,1.52930748,0.000723119213159,0.24802032,525845.51,13073.10
3719,121864192,246.819997,train,1.56062603,0.000722984203616,0.25309211,527787.34,13073.10
3720,121896960,246.877737,train,1.54360056,0.000722849175799,0.24648426,529640.97,13073.10
3721,121929728,246.935118,train,1.52991867,0.000722714129723,0.25941476,531476.82,13073.10
3722,121962496,246.992570,train,1.56924605,0.000722579065402,0.24277526,533128.49,13073.10
3723,121995264,247.049683,train,1.57423723,0.000722443982852,0.25883701,534774.17,13073.10
3724,122028032,247.106646,train,1.62074757,0.000722308882085,0.25334218,536346.73,13073.10
3725,122060800,247.164101,train,1.58954525,0.000722173763117,0.25163025,537627.83,13073.10
3726,122093568,247.221666,train,1.55157053,0.000722038625961,0.27742508,538778.67,13073.10
3727,122126336,247.278847,train,1.56593418,0.000721903470631,0.24978417,539974.90,13073.10
3728,122159104,247.336154,train,1.56263280,0.000721768297143,0.25248083,541050.10,13073.10
3729,122191872,247.393616,train,1.61702466,0.00072163310551,0.27370957,542007.30,13073.10
3730,122224640,247.451264,train,1.55672193,0.000721497895747,0.24308443,542847.99,13073.10
3731,122257408,247.508796,train,1.54451346,0.000721362667868,0.25543824,543670.55,13073.10
3732,122290176,247.565829,train,1.51985335,0.000721227421886,0.23807392,544584.87,13073.10
3733,122322944,247.623386,train,1.58948565,0.000721092157818,0.25094393,545302.55,13073.10
3734,122355712,247.681354,train,1.55687571,0.000720956875676,0.24433656,545869.82,13073.10
3735,122388480,247.739569,train,1.55947518,0.000720821575475,0.25269011,546341.84,13073.10
3736,122421248,247.796595,train,1.60259128,0.000720686257229,0.24660203,547089.60,13073.10
3737,122454016,247.854901,train,1.54032278,0.000720550920953,0.24089013,547481.91,13073.10
3738,122486784,247.912891,train,1.56052279,0.000720415566661,0.24957231,547930.92,13073.10
3739,122519552,247.970004,train,1.57665563,0.000720280194367,0.23943162,548563.57,13073.10
3740,122552320,248.027942,train,1.63492680,0.000720144804086,0.25931567,548976.36,13073.10
3741,122585088,248.085436,train,1.52608669,0.000720009395831,0.24482377,549469.11,13073.10
3742,122617856,248.142934,train,1.54754186,0.000719873969618,0.23458110,549938.61,13073.10
3743,122650624,248.200744,train,1.53921485,0.00071973852546,0.24328779,550319.63,13073.10
3744,122683392,248.258488,train,1.51182830,0.000719603063372,0.25665665,550697.96,13073.10
3745,122716160,248.315816,train,1.55482054,0.000719467583368,0.25680062,551145.66,13073.10
3746,122748928,248.373759,train,1.59557533,0.000719332085462,0.25714687,551450.37,13073.10
3747,122781696,248.431338,train,1.53669631,0.000719196569669,0.24162094,551814.30,13073.10
3748,122814464,248.488541,train,1.49534166,0.000719061036002,0.25334555,552236.51,13073.10
3749,122847232,248.545897,train,1.54243708,0.000718925484478,0.25414509,552613.11,13073.10
3750,122880000,248.602744,train,1.65386868,0.000718789915108,0.25198597,553070.09,13073.10
3751,122912768,248.660505,train,1.51593912,0.000718654327909,0.24752988,553342.21,13073.10
3752,122945536,248.717452,train,1.56733727,0.000718518722894,0.25047556,553750.74,13073.10
3753,122978304,248.774978,train,1.58957720,0.000718383100078,0.24377742,554041.76,13073.10
3754,123011072,248.832442,train,1.52471542,0.000718247459474,0.24509209,554333.40,13073.10
3755,123043840,248.890279,train,1.55205703,0.000718111801098,0.24507739,554550.96,13073.10
3756,123076608,248.947820,train,1.56028497,0.000717976124963,0.24154870,554810.60,13073.10
3757,123109376,249.005328,train,1.54483008,0.000717840431085,0.24220516,555066.65,13073.10
3758,123142144,249.062798,train,1.58443666,0.000717704719476,0.25173229,555320.50,13073.10
3759,123174912,249.120188,train,1.54468119,0.000717568990152,0.25174376,555578.54,13073.10
3760,123207680,249.178280,train,1.55530953,0.000717433243127,0.24354218,555718.04,13073.10
3761,123240448,249.235452,train,1.55894303,0.000717297478416,0.25026184,555995.15,13073.10
3762,123273216,249.292688,train,1.49933720,0.000717161696031,0.25234759,556253.88,13073.10
3763,123305984,249.349852,train,1.55728292,0.000717025895989,0.25630331,556515.48,13073.10
3764,123338752,249.407509,train,1.57540631,0.000716890078303,0.25570545,556696.28,13073.10
3765,123371520,249.465294,train,1.56349123,0.000716754242988,0.25480914,556852.94,13073.10
3766,123404288,249.523065,train,1.54291511,0.000716618390058,0.24447978,557006.99,13073.10
3767,123437056,249.580869,train,1.51465511,0.000716482519527,0.25268847,557151.77,13073.10
3768,123469824,249.638767,train,1.52311182,0.00071634663141,0.24433690,557279.43,13073.10
3769,123502592,249.696012,train,1.51486158,0.00071621072572,0.24441889,557492.91,13073.10
3770,123535360,249.753368,train,1.54719365,0.000716074802473,0.25066537,557685.77,13073.10
3771,123568128,249.811208,train,1.57160807,0.000715938861683,0.24144270,557808.31,13073.10
3772,123600896,249.868964,train,1.54221857,0.000715802903364,0.24518932,557938.72,13073.10
3773,123633664,249.927141,train,1.54882717,0.000715666927531,0.23965067,558010.76,13073.10
3774,123666432,249.984453,train,1.56357944,0.000715530934197,0.25354919,558191.99,13073.10
3775,123699200,250.042069,train,1.53186297,0.000715394923378,0.24098444,558329.97,13073.10
3776,123731968,250.099430,train,1.55356002,0.000715258895087,0.24598595,558496.28,13073.10
3777,123764736,250.157399,train,1.56953239,0.000715122849339,0.26575154,558583.18,13073.10
3778,123797504,250.214289,train,1.57914007,0.000714986786149,0.24122588,558799.64,13073.10
3779,123830272,250.271954,train,1.57965541,0.00071485070553,0.25281763,558917.18,13073.10
3780,123863040,250.329959,train,1.57367516,0.000714714607497,0.27645469,558991.45,13073.10
3781,123895808,250.387341,train,1.54416823,0.000714578492064,0.24624021,559137.20,13073.10
3782,123928576,250.444991,train,1.57293057,0.000714442359247,0.29762286,559248.36,13073.10
3783,123961344,250.502433,train,1.58088970,0.000714306209058,0.24343692,559380.61,13073.10
3784,123994112,250.560080,train,1.53635693,0.000714170041514,0.24604014,559486.70,13073.10
3785,124026880,250.617954,train,1.52799845,0.000714033856627,0.27495289,559564.64,13073.10
3786,124059648,250.675236,train,1.61089706,0.000713897654412,0.24905209,559706.60,13073.10
3787,124092416,250.732784,train,1.58724785,0.000713761434885,0.25715047,559816.19,13073.10
3788,124125184,250.791018,train,1.57452285,0.000713625198058,0.27356026,559848.84,13073.10
3789,124157952,250.848595,train,1.53524995,0.000713488943947,0.25255439,559951.34,13073.10
3790,124190720,250.906037,train,1.56112444,0.000713352672566,0.25498697,560065.73,13073.10
3791,124223488,250.964991,train,1.56692362,0.000713216383929,0.26067787,560018.83,13073.10
3792,124256256,251.022524,train,1.57013965,0.000713080078051,0.24625883,560120.79,13073.10
3793,124289024,251.080061,train,1.51431036,0.000712943754945,0.24805807,560220.17,13073.10
3794,124321792,251.138477,train,1.51620507,0.000712807414628,0.25066230,560227.84,13073.10
3795,124354560,251.196082,train,1.55989122,0.000712671057112,0.23826107,560317.07,13073.10
3796,124387328,251.253488,train,1.53073859,0.000712534682413,0.25977165,560424.41,13073.10
3797,124420096,251.310850,train,1.55987191,0.000712398290544,0.24702223,560533.91,13073.10
3798,124452864,251.368397,train,1.54602993,0.000712261881521,0.24389075,560623.04,13073.10
3799,124485632,251.425666,train,1.54682767,0.000712125455357,0.24831694,560737.50,13073.10
3800,124518400,251.482841,train,1.50491583,0.000711989012067,0.24567674,560858.58,13073.10
3800,124518400,251.819990,valid,1.55378879,0.000711989012067,,560858.58,13073.10
3801,124551168,251.960376,train,1.53164554,0.000711852551665,0.23845285,235458.40,13073.10
3802,124583936,252.017796,train,1.57481670,0.000711716074166,0.24822032,333368.23,13073.10
3803,124616704,252.074944,train,1.56471515,0.000711579579584,0.25325584,387426.48,13073.10
3804,124649472,252.132368,train,1.53549242,0.000711443067934,0.24487485,421237.58,13073.10
3805,124682240,252.189875,train,1.51451528,0.00071130653923,0.25141296,444412.63,13073.10
3806,124715008,252.247393,train,1.59031153,0.000711169993486,0.25756899,461321.21,13073.10
3807,124747776,252.304985,train,1.58738887,0.000711033430718,0.24949990,474136.19,13073.10
3808,124780544,252.362280,train,1.60073078,0.000710896850938,0.25842997,484491.29,13073.10
3809,124813312,252.419866,train,1.54204464,0.000710760254162,0.24913491,492622.72,13073.10
3810,124846080,252.476848,train,1.59875584,0.000710623640405,0.25743675,499787.50,13073.10
3811,124878848,252.534144,train,1.53230333,0.00071048700968,0.27375817,505583.05,13073.10
3812,124911616,252.591758,train,1.57121193,0.000710350362002,0.25555459,510305.92,13073.10
3813,124944384,252.649119,train,1.55233788,0.000710213697385,0.24568936,514528.95,13073.10
3814,124977152,252.706840,train,1.60319281,0.000710077015845,0.25796399,517994.01,13073.10
3815,125009920,252.763921,train,1.55381346,0.000709940317394,0.25196299,521389.51,13073.10
3816,125042688,252.821185,train,1.55027449,0.000709803602049,0.25100446,524300.50,13073.10
3817,125075456,252.879295,train,1.56961846,0.000709666869822,0.24340342,526474.96,13073.10
3818,125108224,252.936568,train,1.59428692,0.00070953012073,0.24606547,528819.81,13073.10
3819,125140992,252.993834,train,1.58446789,0.000709393354785,0.25046754,530938.54,13073.10
3820,125173760,253.051170,train,1.61062133,0.000709256572003,0.25245500,532829.81,13073.10
3821,125206528,253.108617,train,1.57543981,0.000709119772398,0.25660396,534506.58,13073.10
3822,125239296,253.165609,train,1.57036972,0.000708982955984,0.26118541,536221.45,13073.10
3823,125272064,253.222708,train,1.60289621,0.000708846122777,0.24691844,537755.32,13073.10
3824,125304832,253.280855,train,1.57845449,0.000708709272789,0.25744581,538782.62,13073.10
3825,125337600,253.338193,train,1.52788091,0.000708572406037,0.25241718,540018.86,13073.10
3826,125370368,253.395785,train,1.54835725,0.000708435522534,0.25726610,541077.86,13073.10
3827,125403136,253.453754,train,1.52060759,0.000708298622294,0.24985346,541936.77,13073.10
3828,125435904,253.510967,train,1.55386651,0.000708161705333,0.24246649,542979.66,13073.10
3829,125468672,253.568066,train,1.59560251,0.000708024771664,0.25700939,543989.60,13073.10
3830,125501440,253.625400,train,1.49614275,0.000707887821303,0.24704821,544864.85,13073.10
3831,125534208,253.682929,train,1.53664374,0.000707750854263,0.24808159,545628.77,13073.10
3832,125566976,253.740414,train,1.52855814,0.000707613870559,0.24783298,546359.45,13073.10
3833,125599744,253.797817,train,1.57671320,0.000707476870205,0.25718397,547070.50,13073.10
3834,125632512,253.855526,train,1.52774215,0.000707339853217,0.26820612,547658.87,13073.10
3835,125665280,253.912787,train,1.51624835,0.000707202819608,0.23740287,548332.30,13073.10
3836,125698048,253.970199,train,1.52961183,0.000707065769393,0.27132940,548931.15,13073.10
3837,125730816,254.027666,train,1.55052269,0.000706928702586,0.25361049,549485.35,13073.10
3838,125763584,254.085330,train,1.55272698,0.000706791619203,0.25351489,549963.57,13073.10
3839,125796352,254.142532,train,1.56754994,0.000706654519256,0.26038137,550527.41,13073.10
3840,125829120,254.200123,train,1.56877160,0.000706517402762,0.24110764,550974.21,13073.10
3841,125861888,254.257690,train,1.54791546,0.000706380269734,0.27899256,551405.24,13073.10
3842,125894656,254.315289,train,1.54934931,0.000706243120187,0.24310151,551809.17,13073.10
3843,125927424,254.372599,train,1.53631306,0.000706105954135,0.25457099,552257.47,13073.10
3844,125960192,254.429711,train,1.56165528,0.000705968771593,0.24865530,552728.01,13073.10
3845,125992960,254.487316,train,1.51777101,0.000705831572575,0.24868047,553076.11,13073.10
3846,126025728,254.544802,train,1.54809046,0.000705694357096,0.25317419,553433.72,13073.10
3847,126058496,254.602483,train,1.54010725,0.00070555712517,0.24930714,553737.54,13073.10
3848,126091264,254.659892,train,1.50546467,0.000705419876812,0.24158983,554082.21,13073.10
3849,126124032,254.717486,train,1.52622247,0.000705282612037,0.23980010,554377.79,13073.10
3850,126156800,254.774871,train,1.56579316,0.000705145330858,0.24361634,554701.33,13073.10
3851,126189568,254.832356,train,1.56006444,0.00070500803329,0.23777065,554993.76,13073.10
3852,126222336,254.889873,train,1.50710654,0.000704870719348,0.24879827,555269.64,13073.10
3853,126255104,254.946599,train,1.60866427,0.000704733389047,0.23958141,555675.91,13073.10
3854,126287872,255.003944,train,1.56583583,0.0007045960424,0.24721500,555959.52,13073.10
3855,126320640,255.061149,train,1.51378202,0.000704458679423,0.24798203,556257.25,13073.10
3856,126353408,255.118633,train,1.53372478,0.000704321300129,0.24834222,556497.44,13073.10
3857,126386176,255.176137,train,1.55959284,0.000704183904534,0.25383770,556726.03,13073.10
3858,126418944,255.233606,train,1.55084586,0.000704046492652,0.24079970,556952.78,13073.10
3859,126451712,255.291329,train,1.53254056,0.000703909064497,0.24145636,557131.13,13073.10
3860,126484480,255.348666,train,1.51945627,0.000703771620083,0.23827861,557364.74,13073.10
3861,126517248,255.406477,train,1.54742980,0.000703634159427,0.24313478,557516.93,13073.10
3862,126550016,255.464194,train,1.60683465,0.000703496682541,0.25259233,557678.82,13073.10
3863,126582784,255.521774,train,1.57111287,0.00070335918944,0.24596789,557856.39,13073.10
3864,126615552,255.579130,train,1.59139943,0.00070322168014,0.25667673,558061.65,13073.10
3865,126648320,255.636969,train,1.56108141,0.000703084154654,0.24534677,558190.10,13073.10
3866,126681088,255.694237,train,1.58146501,0.000702946612997,0.25053912,558397.27,13073.10
3867,126713856,255.751762,train,1.51888084,0.000702809055184,0.24795800,558561.58,13073.10
3868,126746624,255.809011,train,1.58087909,0.000702671481229,0.24327530,558759.82,13073.10
3869,126779392,255.866229,train,1.59001303,0.000702533891146,0.24798797,558956.85,13073.10
3870,126812160,255.923715,train,1.54046702,0.00070239628495,0.23786585,559111.88,13073.10
3871,126844928,255.981053,train,1.55405307,0.000702258662656,0.25152108,559282.58,13073.10
3872,126877696,256.038448,train,1.55601490,0.000702121024279,0.24665266,559440.80,13073.10
3873,126910464,256.095614,train,1.50883126,0.000701983369832,0.23498166,559624.95,13073.10
3874,126943232,256.153647,train,1.57178342,0.00070184569933,0.24064341,559692.31,13073.10
3875,126976000,256.211355,train,1.49447417,0.000701708012789,0.23717684,559799.21,13073.10
3876,127008768,256.269277,train,1.53680110,0.000701570310221,0.24981530,559876.31,13073.10
3877,127041536,256.326881,train,1.51136458,0.000701432591643,0.23999037,559991.09,13073.10
3878,127074304,256.384286,train,1.52829504,0.000701294857068,0.24128942,560127.27,13073.10
3879,127107072,256.441315,train,1.58611524,0.000701157106511,0.26061842,560305.76,13073.10
3880,127139840,256.498926,train,1.49650073,0.000701019339987,0.25315559,560410.15,13073.10
3881,127172608,256.557386,train,1.54290819,0.000700881557509,0.24638416,560411.44,13073.10
3882,127205376,256.615226,train,1.50503635,0.000700743759094,0.24737409,560485.33,13073.10
3883,127238144,256.673258,train,1.51404858,0.000700605944755,0.25311381,560535.14,13073.10
3884,127270912,256.731185,train,1.52166235,0.000700468114506,0.24164049,560595.82,13073.10
3885,127303680,256.788253,train,1.51656055,0.000700330268363,0.24485019,560751.91,13073.10
3886,127336448,256.845730,train,1.55368328,0.00070019240634,0.24540707,560859.07,13073.10
3887,127369216,256.903465,train,1.59066856,0.000700054528451,0.26710033,560935.09,13073.10
3888,127401984,256.961144,train,1.53780770,0.000699916634712,0.24940464,561015.68,13073.10
3889,127434752,257.018427,train,1.52817345,0.000699778725136,0.24276559,561137.17,13073.10
3890,127467520,257.075748,train,1.57882130,0.000699640799738,0.24833015,561251.85,13073.10
3891,127500288,257.133084,train,1.54431796,0.000699502858533,0.25033775,561362.62,13073.10
3892,127533056,257.190228,train,1.61537313,0.000699364901535,0.24942484,561490.94,13073.10
3893,127565824,257.247711,train,1.53467596,0.000699226928759,0.25014403,561581.68,13073.10
3894,127598592,257.304851,train,1.57408023,0.00069908894022,0.24269940,561705.53,13073.10
3895,127631360,257.362072,train,1.56990242,0.000698950935931,0.25280237,561818.64,13073.10
3896,127664128,257.419513,train,1.54699826,0.000698812915909,0.26364675,561907.32,13073.10
3897,127696896,257.477050,train,1.50671971,0.000698674880166,0.24575742,561984.70,13073.10
3898,127729664,257.534492,train,1.55821872,0.000698536828718,0.25807109,562069.83,13073.10
3899,127762432,257.592306,train,1.56630397,0.00069839876158,0.24415363,562117.05,13073.10
3900,127795200,257.649560,train,1.52765203,0.000698260678766,0.24545102,562217.29,13073.10
3900,127795200,257.987050,valid,1.55135040,0.000698260678766,,562217.29,13073.10
3901,127827968,258.139174,train,1.49186349,0.00069812258029,0.25501332,217366.30,13073.10
3902,127860736,258.197658,train,1.62473643,0.000697984466167,0.25569841,313218.47,13073.10
3903,127893504,258.255879,train,1.60168433,0.000697846336412,0.24848281,367552.81,13073.10
3904,127926272,258.313458,train,1.52542007,0.00069770819104,0.25075164,403256.61,13073.10
3905,127959040,258.371744,train,1.59705710,0.000697570030064,0.24085692,427424.14,13073.10
3906,127991808,258.429332,train,1.51744318,0.0006974318535,0.24800807,445916.60,13073.10
3907,128024576,258.487169,train,1.56234419,0.000697293661361,0.25544468,459906.21,13073.10
3908,128057344,258.544647,train,1.56949592,0.000697155453664,0.24653594,471293.10,13073.10
3909,128090112,258.601992,train,1.52050686,0.000697017230422,0.24606884,480650.77,13073.10
3910,128122880,258.659194,train,1.60067344,0.000696878991649,0.25593081,488513.00,13073.10
3911,128155648,258.716821,train,1.49199152,0.000696740737362,0.24644442,494850.90,13073.10
3912,128188416,258.773986,train,1.56665194,0.000696602467573,0.25853336,500553.23,13073.10
3913,128221184,258.831684,train,1.56381178,0.000696464182298,0.25587353,505163.29,13073.10
3914,128253952,258.889374,train,1.61872005,0.000696325881551,0.25679561,509187.26,13073.10
3915,128286720,258.946781,train,1.54842150,0.000696187565348,0.24855131,512877.74,13073.10
3916,128319488,259.004177,train,1.54647124,0.000696049233701,0.24918440,516157.32,13073.10
3917,128352256,259.062375,train,1.52814591,0.000695910886627,0.25374180,518697.66,13073.10
3918,128385024,259.119629,train,1.53723252,0.00069577252414,0.24368346,521412.35,13073.10
3919,128417792,259.176748,train,1.55040789,0.000695634146254,0.24847689,523924.37,13073.10
3920,128450560,259.234278,train,1.53546476,0.000695495752984,0.24910820,526032.86,13073.10
3921,128483328,259.291766,train,1.58219719,0.000695357344345,0.24422124,527971.89,13073.10
3922,128516096,259.349948,train,1.52505755,0.000695218920351,0.24005337,529477.07,13073.10
3923,128548864,259.407871,train,1.56998312,0.000695080481017,0.26333669,530955.89,13073.10
3924,128581632,259.465626,train,1.52885580,0.000694942026357,0.24200828,532379.51,13073.10
3925,128614400,259.523078,train,1.57881367,0.000694803556386,0.25338346,533801.13,13073.10
3926,128647168,259.580845,train,1.58048379,0.00069466507112,0.25423744,535014.37,13073.10
3927,128679936,259.637768,train,1.56635761,0.000694526570571,0.24824959,536416.82,13073.10
3928,128712704,259.694885,train,1.53264666,0.000694388054756,0.24451409,537664.68,13073.10
3929,128745472,259.752501,train,1.55495787,0.000694249523688,0.24267370,538679.54,13073.10
3930,128778240,259.809563,train,1.53103483,0.000694110977382,0.24709465,539794.11,13073.10
3931,128811008,259.866858,train,1.56570053,0.000693972415853,0.24386835,540773.94,13073.10
3932,128843776,259.925083,train,1.52297568,0.000693833839116,0.25218570,541435.54,13073.10
3933,128876544,259.982816,train,1.53512788,0.000693695247185,0.24210246,542192.04,13073.10
3934,128909312,260.040107,train,1.58222127,0.000693556640075,0.24936360,543023.39,13073.10
3935,128942080,260.098493,train,1.58112025,0.0006934180178,0.24249986,543527.26,13073.10
3936,128974848,260.156065,train,1.56314135,0.000693279380375,0.24725069,544208.31,13073.10
3937,129007616,260.213641,train,1.55470228,0.000693140727816,0.24851076,544852.82,13073.10
3938,129040384,260.271107,train,1.49211061,0.000693002060135,0.24239956,545491.40,13073.10
3939,129073152,260.328388,train,1.50090802,0.000692863377348,0.24406153,546141.88,13073.10
3940,129105920,260.385454,train,1.58032763,0.000692724679471,0.24527296,546810.04,13073.10
3941,129138688,260.442958,train,1.48803926,0.000692585966516,0.24425182,547349.41,13073.10
3942,129171456,260.500129,train,1.61211860,0.0006924472385,0.25559521,547937.10,13073.10
3943,129204224,260.557459,train,1.53995895,0.000692308495436,0.23679256,548464.35,13073.10
3944,129236992,260.615028,train,1.58208895,0.000692169737339,0.24870184,548918.70,13073.10
3945,129269760,260.672476,train,1.57468677,0.000692030964225,0.24649468,549378.27,13073.10
3946,129302528,260.729726,train,1.53517056,0.000691892176107,0.24720973,549858.45,13073.10
3947,129335296,260.787625,train,1.52817416,0.000691753373,0.24484198,550191.26,13073.10
3948,129368064,260.844959,train,1.57914519,0.000691614554919,0.24473917,550619.62,13073.10
3949,129400832,260.902198,train,1.53669214,0.000691475721879,0.24393286,551048.90,13073.10
3950,129433600,260.959568,train,1.54903185,0.000691336873894,0.25233147,551437.44,13073.10
3951,129466368,261.017022,train,1.51333594,0.000691198010979,0.24213889,551795.84,13073.10
3952,129499136,261.074237,train,1.56373680,0.000691059133149,0.24692889,552183.83,13073.10
3953,129531904,261.132200,train,1.55942512,0.000690920240418,0.25454900,552426.24,13073.10
3954,129564672,261.189493,train,1.55639112,0.000690781332801,0.26740769,552775.44,13073.10
3955,129597440,261.246857,train,1.54844749,0.000690642410312,0.25115991,553100.18,13073.10
3956,129630208,261.303749,train,1.58561504,0.000690503472967,0.24927621,553492.70,13073.10
3957,129662976,261.361055,train,1.51174223,0.00069036452078,0.25264186,553803.89,13073.10
3958,129695744,261.418952,train,1.50219488,0.000690225553765,0.24871019,554009.19,13073.10
3959,129728512,261.476153,train,1.59099174,0.000690086571938,0.24888629,554318.42,13073.10
3960,129761280,261.533365,train,1.57516956,0.000689947575313,0.24906468,554615.71,13073.10
3961,129794048,261.589880,train,1.49343014,0.000689808563904,0.24121754,555011.11,13073.10
3962,129826816,261.647013,train,1.54486036,0.000689669537727,0.24768138,555300.48,13073.10
3963,129859584,261.704078,train,1.58505845,0.000689530496796,0.24996637,555590.96,13073.10
3964,129892352,261.760999,train,1.56566691,0.000689391441126,0.25411421,555894.04,13073.10
3965,129925120,261.818394,train,1.60407150,0.000689252370731,0.24275790,556119.21,13073.10
3966,129957888,261.875715,train,1.55152917,0.000689113285626,0.25584888,556348.35,13073.10
3967,129990656,261.933307,train,1.55382764,0.000688974185826,0.23750971,556532.54,13073.10
3968,130023424,261.990951,train,1.53563166,0.000688835071346,0.24486756,556704.27,13073.10
3969,130056192,262.048684,train,1.49768281,0.0006886959422,0.25228459,556858.98,13073.10
3970,130088960,262.105316,train,1.51330304,0.000688556798402,0.23781013,557158.20,13073.10
3971,130121728,262.163099,train,1.59074879,0.000688417639969,0.25137910,557295.66,13073.10
3972,130154496,262.220372,train,1.56013560,0.000688278466913,0.23459479,557496.45,13073.10
3973,130187264,262.277942,train,1.50756240,0.000688139279251,0.26327214,557653.31,13073.10
3974,130220032,262.335351,train,1.54026198,0.000688000076996,0.24121180,557826.80,13073.10
3975,130252800,262.392839,train,1.53388166,0.000687860860164,0.25313920,557985.59,13073.10
3976,130285568,262.450331,train,1.53727698,0.000687721628769,0.25605071,558139.85,13073.10
3977,130318336,262.507532,train,1.53526568,0.000687582382826,0.24059859,558326.12,13073.10
3978,130351104,262.565387,train,1.50740266,0.000687443122349,0.28170598,558427.91,13073.10
3979,130383872,262.622818,train,1.52432477,0.000687303847353,0.24203633,558578.32,13073.10
3980,130416640,262.679308,train,1.50254297,0.000687164557854,0.25885245,558837.13,13073.10
3981,130449408,262.737521,train,1.57707500,0.000687025253865,0.25852534,558886.79,13073.10
3982,130482176,262.794983,train,1.53271532,0.000686885935402,0.24787456,559022.81,13073.10
3983,130514944,262.851854,train,1.53181684,0.000686746602478,0.25209382,559223.41,13073.10
3984,130547712,262.909294,train,1.53470731,0.00068660725511,0.27719545,559354.77,13073.10
3985,130580480,262.966991,train,1.56462955,0.000686467893311,0.23856838,559454.12,13073.10
3986,130613248,263.024498,train,1.51297617,0.000686328517096,0.24698606,559572.38,13073.10
3987,130646016,263.082867,train,1.51505256,0.00068618912648,0.25911513,559593.23,13073.10
3988,130678784,263.141044,train,1.57088709,0.000686049721478,0.25594392,559634.40,13073.10
3989,130711552,263.199143,train,1.58700323,0.000685910302105,0.26146427,559683.18,13073.10
3990,130744320,263.256353,train,1.52875328,0.000685770868374,0.28052050,559825.37,13073.10
3991,130777088,263.316408,train,1.53727555,0.000685631420302,0.25484508,559665.39,13073.10
3992,130809856,263.373260,train,1.55859518,0.000685491957902,0.24112542,559841.82,13073.10
3993,130842624,263.430705,train,1.52809417,0.00068535248119,0.31308442,559953.30,13073.10
3994,130875392,263.488361,train,1.50843763,0.000685212990179,0.26287484,560041.41,13073.10
3995,130908160,263.546223,train,1.54091084,0.000685073484886,0.24253051,560106.60,13073.10
3996,130940928,263.604417,train,1.51966548,0.000684933965324,0.27928701,560137.33,13073.10
3997,130973696,263.662091,train,1.53788292,0.000684794431508,0.24638185,560219.05,13073.10
3998,131006464,263.719707,train,1.57859039,0.000684654883453,0.26237446,560304.57,13073.10
3999,131039232,263.776929,train,1.50934207,0.000684515321175,0.26297203,560426.60,13073.10
4000,131072000,263.835352,train,1.53959489,0.000684375744686,0.24068332,560431.05,13073.10
4000,131072000,264.172611,valid,1.54681539,0.000684375744686,,560431.05,13073.10
4001,131104768,272.719051,train,1.54943347,0.000684236154003,0.25550753,3834.67,13073.10
4002,131137536,272.776638,train,1.52724290,0.00068409654914,0.26559815,7618.01,13073.10
4003,131170304,272.836348,train,1.57124817,0.000683956930112,0.24751891,11348.24,13073.10
4004,131203072,272.894236,train,1.51446700,0.000683817296933,0.24244171,15030.55,13073.10
4005,131235840,272.951808,train,1.55265856,0.000683677649619,0.25662443,18664.96,13073.10
4006,131268608,273.009004,train,1.51106262,0.000683537988183,0.24502237,22252.95,13073.10
4007,131301376,273.067259,train,1.55547214,0.000683398312642,0.24463932,25791.72,13073.10
4008,131334144,273.124913,train,1.53883767,0.000683258623008,0.24606928,29286.39,13073.10
4009,131366912,273.181879,train,1.58848095,0.000683118919299,0.25155336,32738.84,13073.10
4010,131399680,273.238812,train,1.51935482,0.000682979201527,0.24043773,36148.02,13073.10
4011,131432448,273.296237,train,1.57070136,0.000682839469708,0.24357407,39512.51,13073.10
4012,131465216,273.353589,train,1.55653715,0.000682699723856,0.24940614,42835.26,13073.10
4013,131497984,273.411214,train,1.54891539,0.000682559963987,0.24250378,46115.38,13073.10
4014,131530752,273.468983,train,1.58001471,0.000682420190115,0.24555704,49354.06,13073.10
4015,131563520,273.526768,train,1.57570326,0.000682280402255,0.24764402,52552.65,13073.10
4016,131596288,273.583979,train,1.54591227,0.000682140600421,0.23863810,55715.35,13073.10
4017,131629056,273.641318,train,1.52018058,0.000682000784629,0.25021270,58839.03,13073.10
4018,131661824,273.698019,train,1.56337583,0.000681860954893,0.25012860,61929.26,13073.10
4019,131694592,273.755639,train,1.56220114,0.000681721111227,0.24858515,64976.67,13073.10
4020,131727360,273.813099,train,1.52697587,0.000681581253648,0.25080076,67988.78,13073.10
4021,131760128,273.870769,train,1.52138746,0.000681441382169,0.24778888,70963.65,13073.10
4022,131792896,273.927741,train,1.56462288,0.000681301496805,0.25012282,73908.65,13073.10
4023,131825664,273.984863,train,1.51105404,0.000681161597571,0.24442174,76818.25,13073.10
4024,131858432,274.042197,train,1.54167771,0.000681021684482,0.25171572,79692.47,13073.10
4025,131891200,274.099783,train,1.57241273,0.000680881757553,0.25107834,82531.38,13073.10
4026,131923968,274.156991,train,1.55872560,0.000680741816798,0.24959475,85340.77,13073.10
4027,131956736,274.214397,train,1.55305672,0.000680601862232,0.25047153,88116.41,13073.10
4028,131989504,274.272231,train,1.50577748,0.00068046189387,0.24249980,90856.65,13073.10
4029,132022272,274.329436,train,1.53920829,0.000680321911727,0.25061566,93571.47,13073.10
4030,132055040,274.386983,train,1.57177758,0.000680181915817,0.24826089,96252.65,13073.10
4031,132087808,274.444532,train,1.56603336,0.000680041906156,0.24359275,98903.77,13073.10
4032,132120576,274.502031,train,1.51058555,0.000679901882757,0.24794532,101525.83,13073.10
4033,132153344,274.559010,train,1.56942225,0.000679761845637,0.24050686,104124.07,13073.10
4034,132186112,274.616210,train,1.54114723,0.000679621794809,0.24863225,106691.71,13073.10
4035,132218880,274.673895,train,1.54565954,0.000679481730289,0.24817523,109226.32,13073.10
4036,132251648,274.731295,train,1.54286003,0.00067934165209,0.23971248,111736.25,13073.10
4037,132284416,274.789418,train,1.56877685,0.000679201560229,0.25251412,114211.25,13073.10
4038,132317184,274.846710,train,1.54618979,0.00067906145472,0.24226865,116668.39,13073.10
4039,132349952,274.902727,train,1.54899311,0.000678921335577,0.24516004,119113.43,13073.10
4040,132382720,274.959754,train,1.58720541,0.000678781202816,0.25137207,121521.70,13073.10
4041,132415488,275.016682,train,1.54040813,0.000678641056451,0.25666609,123905.77,13073.10
4042,132448256,275.073913,train,1.50457001,0.000678500896497,0.23680770,126261.42,13073.10
4043,132481024,275.131528,train,1.53351879,0.000678360722969,0.24272670,128587.97,13073.10
4044,132513792,275.188791,train,1.58330858,0.000678220535882,0.25570932,130894.35,13073.10
4045,132546560,275.246645,train,1.56370068,0.00067808033525,0.23918305,133169.77,13073.10
4046,132579328,275.304755,train,1.52170110,0.000677940121089,0.24471292,135418.41,13073.10
4047,132612096,275.362189,train,1.56818128,0.000677799893412,0.24816872,137652.03,13073.10
4048,132644864,275.420394,train,1.57612681,0.000677659652236,0.23964226,139853.24,13073.10
4049,132677632,275.477394,train,1.56456137,0.000677519397574,0.25181577,142046.92,13073.10
4050,132710400,275.534884,train,1.52383018,0.000677379129441,0.25175071,144212.37,13073.10
4051,132743168,275.591968,train,1.58852243,0.000677238847854,0.25301427,146361.22,13073.10
4052,132775936,275.649615,train,1.54047275,0.000677098552825,0.24573392,148481.41,13073.10
4053,132808704,275.706779,train,1.56155670,0.00067695824437,0.24882124,150586.71,13073.10
4054,132841472,275.763833,train,1.49698126,0.000676817922504,0.24510758,152672.69,13073.10
4055,132874240,275.820931,train,1.55184197,0.000676677587242,0.24346404,154737.64,13073.10
4056,132907008,275.877995,train,1.49443483,0.000676537238598,0.24875788,156782.91,13073.10
4057,132939776,275.935358,train,1.56057048,0.000676396876587,0.25278968,158804.28,13073.10
4058,132972544,275.992971,train,1.56423306,0.000676256501225,0.24350540,160802.65,13073.10
4059,133005312,276.049547,train,1.50037384,0.000676116112525,0.24805276,162795.83,13073.10
4060,133038080,276.107114,train,1.55824852,0.000675975710504,0.25376469,164756.44,13073.10
4061,133070848,276.165047,train,1.55208659,0.000675835295175,0.24833202,166693.11,13073.10
4062,133103616,276.222315,train,1.57752609,0.000675694866553,0.26014492,168620.48,13073.10
4063,133136384,276.279889,train,1.58359385,0.000675554424654,0.25786191,170525.31,13073.10
4064,133169152,276.338361,train,1.56595254,0.000675413969491,0.24115862,172399.37,13073.10
4065,133201920,276.395470,train,1.50524700,0.000675273501081,0.25079033,174274.93,13073.10
4066,133234688,276.453228,train,1.55940771,0.000675133019437,0.24865371,176123.74,13073.10
4067,133267456,276.510165,train,1.55180264,0.000674992524575,0.24689446,177967.09,13073.10
4068,133300224,276.567669,train,1.58124900,0.00067485201651,0.25803664,179785.28,13073.10
4069,133332992,276.624926,train,1.51962781,0.000674711495256,0.24282567,181590.26,13073.10
4070,133365760,276.682228,train,1.56697273,0.000674570960828,0.24537492,183378.07,13073.10
4071,133398528,276.739133,train,1.54845989,0.000674430413241,0.23667699,185155.42,13073.10
4072,133431296,276.796756,train,1.54088426,0.00067428985251,0.24439633,186906.10,13073.10
4073,133464064,276.854258,train,1.51703143,0.000674149278649,0.24838600,188642.69,13073.10
4074,133496832,276.911414,train,1.53301585,0.000674008691674,0.24606879,190368.76,13073.10
4075,133529600,276.968436,train,1.52252793,0.0006738680916,0.23792858,192081.43,13073.10
4076,133562368,277.025449,train,1.53284359,0.00067372747844,0.25729209,193779.02,13073.10
4077,133595136,277.082538,train,1.49851072,0.000673586852211,0.23962481,195460.47,13073.10
4078,133627904,277.139743,train,1.57511592,0.000673446212927,0.26387426,197125.36,13073.10
4079,133660672,277.198014,train,1.55907631,0.000673305560603,0.24805905,198759.35,13073.10
4080,133693440,277.255455,train,1.57114935,0.000673164895253,0.24588242,200391.49,13073.10
4081,133726208,277.312297,train,1.54712009,0.000673024216893,0.26749411,202018.58,13073.10
4082,133758976,277.368859,train,1.50834560,0.000672883525537,0.24081136,203635.97,13073.10
4083,133791744,277.426118,train,1.56756544,0.0006727428212,0.23787411,205228.76,13073.10
4084,133824512,277.483152,train,1.54816341,0.000672602103898,0.25375891,206811.33,13073.10
4085,133857280,277.540208,train,1.58040142,0.000672461373644,0.24904613,208380.06,13073.10
4086,133890048,277.597396,train,1.57969737,0.000672320630454,0.24656266,209933.38,13073.10
4087,133922816,277.654992,train,1.57784367,0.000672179874343,0.25636587,211467.14,13073.10
4088,133955584,277.711999,train,1.52684021,0.000672039105326,0.25072402,212997.10,13073.10
4089,133988352,277.769174,train,1.50528896,0.000671898323417,0.26250994,214511.59,13073.10
4090,134021120,277.826362,train,1.55118990,0.000671757528632,0.24368139,216013.19,13073.10
4091,134053888,277.884089,train,1.49512267,0.000671616720984,0.24536180,217493.69,13073.10
4092,134086656,277.941531,train,1.52294064,0.00067147590049,0.24893457,218966.32,13073.10
4093,134119424,277.998514,train,1.54941463,0.000671335067163,0.24109350,220434.04,13073.10
4094,134152192,278.055614,train,1.52234483,0.00067119422102,0.23874883,221887.83,13073.10
4095,134184960,278.112649,train,1.53540945,0.000671053362074,0.24772094,223330.76,13073.10
4096,134217728,278.169552,train,1.53512740,0.000670912490341,0.24175523,224764.05,13073.10
4097,134250496,278.227698,train,1.54606247,0.000670771605835,0.24612516,226165.72,13073.10
4098,134283264,278.284931,train,1.55478835,0.000670630708571,0.24023865,227570.56,13073.10
4099,134316032,278.342804,train,1.53072596,0.000670489798565,0.23924832,228953.70,13073.10
4100,134348800,278.400395,train,1.54511678,0.000670348875831,0.23759040,230330.18,13073.10
4100,134348800,278.739364,valid,1.54096292,0.000670348875831,,230330.18,13073.10
4101,134381568,278.901115,train,1.51346231,0.000670207940384,0.23704815,204349.34,13073.10
4102,134414336,278.958830,train,1.55007350,0.000670066992238,0.24113907,300531.36,13073.10
4103,134447104,279.016469,train,1.51712644,0.00066992603141,0.24095194,356554.09,13073.10
4104,134479872,279.074227,train,1.52827168,0.000669785057913,0.23650663,393061.24,13073.10
4105,134512640,279.131465,train,1.59308290,0.000669644071763,0.23877242,419347.50,13073.10
4106,134545408,279.188713,train,1.55629134,0.000669503072974,0.24472140,438905.53,13073.10
4107,134578176,279.246127,train,1.54132235,0.000669362061561,0.25371036,453882.14,13073.10
4108,134610944,279.303111,train,1.55651104,0.00066922103754,0.24645334,466159.40,13073.10
4109,134643712,279.360258,train,1.54094374,0.000669080000925,0.23555845,476052.54,13073.10
4110,134676480,279.417677,train,1.58547425,0.000668938951731,0.24952871,484079.19,13073.10
4111,134709248,279.475161,train,1.52503490,0.000668797889972,0.24521638,490807.04,13073.10
4112,134742016,279.532603,train,1.52580595,0.000668656815665,0.25097653,496585.28,13073.10
4113,134774784,279.590403,train,1.62388611,0.000668515728823,0.24715678,501369.52,13073.10
4114,134807552,279.647454,train,1.57004046,0.000668374629462,0.24103375,505962.62,13073.10
4115,134840320,279.705480,train,1.52261412,0.000668233517597,0.24480735,509496.48,13073.10
4116,134873088,279.763294,train,1.52688074,0.000668092393242,0.24777828,512735.27,13073.10
4117,134905856,279.820198,train,1.53055191,0.000667951256412,0.24134274,516062.40,13073.10
4118,134938624,279.877022,train,1.53376079,0.000667810107123,0.23436205,519092.72,13073.10
4119,134971392,279.934237,train,1.60565078,0.000667668945389,0.25767717,521663.49,13073.10
4120,135004160,279.991618,train,1.58076513,0.000667527771225,0.25747502,523929.41,13073.10
4121,135036928,280.048788,train,1.54188633,0.000667386584646,0.24849978,526081.31,13073.10
4122,135069696,280.106546,train,1.52545595,0.000667245385666,0.24662735,527825.98,13073.10
4123,135102464,280.163493,train,1.51981878,0.000667104174302,0.24746107,529730.79,13073.10
4124,135135232,280.220918,train,1.50804830,0.000666962950568,0.24761955,531317.16,13073.10
4125,135168000,280.278371,train,1.56626701,0.000666821714478,0.24660757,532775.66,13073.10
4126,135200768,280.336131,train,1.58177507,0.000666680466047,0.24135195,534025.81,13073.10
4127,135233536,280.393567,train,1.55437553,0.000666539205291,0.24278441,535294.04,13073.10
4128,135266304,280.451012,train,1.49843764,0.000666397932225,0.24287541,536473.99,13073.10
4129,135299072,280.508370,train,1.53446972,0.000666256646863,0.25455940,537603.50,13073.10
4130,135331840,280.565339,train,1.55465174,0.00066611534922,0.24249694,538777.27,13073.10
4131,135364608,280.622477,train,1.52908587,0.000665974039312,0.26489919,539831.20,13073.10
4132,135397376,280.680282,train,1.51994228,0.000665832717152,0.25098205,540637.22,13073.10
4133,135430144,280.738236,train,1.61123180,0.000665691382757,0.24627794,541355.92,13073.10
4134,135462912,280.794721,train,1.61185312,0.00066555003614,0.25724670,542421.87,13073.10
4135,135495680,280.852358,train,1.58902121,0.000665408677318,0.24279529,543134.27,13073.10
4136,135528448,280.909634,train,1.54808366,0.000665267306304,0.24673243,543899.47,13073.10
4137,135561216,280.966739,train,1.56997919,0.000665125923114,0.26122606,544667.13,13073.10
4138,135593984,281.024166,train,1.54474437,0.000664984527763,0.24173672,545319.28,13073.10
4139,135626752,281.081068,train,1.51459181,0.000664843120266,0.23891847,546062.15,13073.10
4140,135659520,281.138593,train,1.60129237,0.000664701700637,0.25422069,546627.33,13073.10
4141,135692288,281.196158,train,1.57276344,0.000664560268892,0.25244424,547157.42,13073.10
4142,135725056,281.253532,train,1.52640009,0.000664418825045,0.23357339,547704.99,13073.10
4143,135757824,281.310819,train,1.53290498,0.000664277369111,0.26317364,548246.18,13073.10
4144,135790592,281.368115,train,1.55421138,0.000664135901106,0.24123511,548762.24,13073.10
4145,135823360,281.424902,train,1.55421805,0.000663994421044,0.25106609,549360.35,13073.10
4146,135856128,281.482329,train,1.55239487,0.000663852928941,0.24100788,549805.30,13073.10
4147,135888896,281.540128,train,1.51101661,0.00066371142481,0.24169548,550158.81,13073.10
4148,135921664,281.597186,train,1.53248048,0.000663569908668,0.24133272,550641.01,13073.10
4149,135954432,281.654852,train,1.57161164,0.000663428380529,0.24877377,550989.33,13073.10
4150,135987200,281.711657,train,1.50710249,0.000663286840408,0.24134083,551483.68,13073.10
4151,136019968,281.768908,train,1.51140237,0.00066314528832,0.24894610,551878.49,13073.10
4152,136052736,281.825981,train,1.53303254,0.00066300372428,0.25143051,552290.18,13073.10
4153,136085504,281.883066,train,1.51997101,0.000662862148303,0.24379556,552685.08,13073.10
4154,136118272,281.940220,train,1.52986765,0.000662720560403,0.24031407,553053.91,13073.10
4155,136151040,281.997386,train,1.50825250,0.000662578960597,0.25351036,553407.57,13073.10
4156,136183808,282.054744,train,1.50057328,0.000662437348898,0.24261796,553717.04,13073.10
4157,136216576,282.111486,train,1.53493333,0.000662295725322,0.25550684,554117.36,13073.10
4158,136249344,282.167662,train,1.51251173,0.000662154089883,0.24042918,554595.77,13073.10
4159,136282112,282.224556,train,1.47663808,0.000662012442597,0.23844399,554944.41,13073.10
4160,136314880,282.281507,train,1.48191965,0.000661870783479,0.23680015,555273.10,13073.10
4161,136347648,282.338558,train,1.55931544,0.000661729112544,0.24117255,555575.73,13073.10
4162,136380416,282.395475,train,1.53896677,0.000661587429806,0.24480984,555889.40,13073.10
4163,136413184,282.452453,train,1.50716436,0.00066144573528,0.23503654,556184.28,13073.10
4164,136445952,282.509116,train,1.53745198,0.000661304028982,0.24463144,556516.83,13073.10
4165,136478720,282.565990,train,1.54949725,0.000661162310926,0.24209578,556808.76,13073.10
4166,136511488,282.622526,train,1.53555572,0.000661020581128,0.24307421,557140.72,13073.10
4167,136544256,282.679032,train,1.53431296,0.000660878839602,0.24153996,557467.15,13073.10
4168,136577024,282.736019,train,1.47612834,0.000660737086364,0.24130811,557717.43,13073.10
4169,136609792,282.793753,train,1.58986771,0.000660595321428,0.24830413,557857.68,13073.10
4170,136642560,282.850759,train,1.49216413,0.000660453544809,0.25210196,558092.87,13073.10
4171,136675328,282.908171,train,1.53566718,0.000660311756523,0.24371955,558267.37,13073.10
4172,136708096,282.964844,train,1.52448630,0.000660169956583,0.23656194,558534.70,13073.10
4173,136740864,283.021784,train,1.51604605,0.000660028145006,0.23709832,558760.13,13073.10
4174,136773632,283.078014,train,1.51113856,0.000659886321806,0.24531668,559071.20,13073.10
4175,136806400,283.134705,train,1.53706551,0.000659744486999,0.24014188,559315.47,13073.10
4176,136839168,283.191382,train,1.51569283,0.000659602640598,0.24358644,559555.38,13073.10
4177,136871936,283.248437,train,1.56044257,0.00065946078262,0.23438846,559742.30,13073.10
4178,136904704,283.304767,train,1.57937479,0.000659318913079,0.24241628,560013.48,13073.10
4179,136937472,283.361818,train,1.53733277,0.00065917703199,0.24598798,560190.58,13073.10
4180,136970240,283.419066,train,1.61840296,0.000659035139368,0.24955934,560339.88,13073.10
4181,137003008,283.475893,train,1.59451306,0.000658893235229,0.25272143,560535.34,13073.10
4182,137035776,283.532277,train,1.53796005,0.000658751319586,0.24402331,560778.01,13073.10
4183,137068544,283.589120,train,1.53797483,0.000658609392456,0.24590141,560961.98,13073.10
4184,137101312,283.645494,train,1.53454280,0.000658467453852,0.24662404,561195.23,13073.10
4185,137134080,283.701610,train,1.57042992,0.000658325503791,0.25271639,561452.47,13073.10
4186,137166848,283.758316,train,1.51227236,0.000658183542287,0.24192823,561637.83,13073.10
4187,137199616,283.815778,train,1.53591108,0.000658041569354,0.25126371,561735.50,13073.10
4188,137232384,283.871963,train,1.53624582,0.000657899585009,0.24275707,561970.67,13073.10
4189,137265152,283.928822,train,1.52849531,0.000657757589266,0.24534756,562127.65,13073.10
4190,137297920,283.985379,train,1.49417877,0.00065761558214,0.24111803,562313.79,13073.10
4191,137330688,284.043134,train,1.52141511,0.000657473563646,0.24599043,562368.75,13073.10
4192,137363456,284.099944,train,1.56618857,0.0006573315338,0.24317238,562521.72,13073.10
4193,137396224,284.157380,train,1.48179293,0.000657189492615,0.23748438,562606.47,13073.10
4194,137428992,284.214156,train,1.56519127,0.000657047440107,0.24071057,562757.23,13073.10
4195,137461760,284.271118,train,1.52085161,0.000656905376292,0.24319966,562886.07,13073.10
4196,137494528,284.328579,train,1.48713946,0.000656763301183,0.23444791,562961.90,13073.10
4197,137527296,284.385496,train,1.47760201,0.000656621214797,0.23565859,563090.52,13073.10
4198,137560064,284.442676,train,1.56563926,0.000656479117148,0.24573280,563190.62,13073.10
4199,137592832,284.499379,train,1.58904076,0.000656337008251,0.24848625,563335.26,13073.10
4200,137625600,284.556782,train,1.51549852,0.000656194888121,0.25345573,563409.39,13073.10
4200,137625600,284.893990,valid,1.53762031,0.000656194888121,,563409.39,13073.10
4201,137658368,285.059862,train,1.59583879,0.000656052756773,0.24072476,198888.09,13073.10
4202,137691136,285.116672,train,1.57805252,0.000655910614222,0.24714999,295787.34,13073.10
4203,137723904,285.174353,train,1.58924460,0.000655768460484,0.25116676,352033.96,13073.10
4204,137756672,285.231688,train,1.54037333,0.000655626295572,0.24459800,389421.87,13073.10
4205,137789440,285.289158,train,1.52091551,0.000655484119503,0.24092889,415784.64,13073.10
4206,137822208,285.346438,train,1.56715631,0.000655341932291,0.24027865,435618.28,13073.10
4207,137854976,285.403356,train,1.57615161,0.000655199733952,0.24431826,451306.10,13073.10
4208,137887744,285.460422,train,1.57834339,0.000655057524499,0.25464624,463713.60,13073.10
4209,137920512,285.517178,train,1.53271639,0.000654915303949,0.24288382,474080.93,13073.10
4210,137953280,285.574506,train,1.56340766,0.000654773072316,0.23610924,482308.34,13073.10
4211,137986048,285.631524,train,1.53804088,0.000654630829616,0.24573851,489461.94,13073.10
4212,138018816,285.688154,train,1.55724180,0.000654488575863,0.25168550,495829.31,13073.10
4213,138051584,285.745114,train,1.55621803,0.000654346311072,0.23821615,501153.46,13073.10
4214,138084352,285.803087,train,1.59733319,0.000654204035259,0.25001216,505244.82,13073.10
4215,138117120,285.860571,train,1.57158542,0.000654061748438,0.24247213,509102.48,13073.10
4216,138149888,285.917497,train,1.52595317,0.000653919450625,0.25124583,512806.31,13073.10
4217,138182656,285.974728,train,1.54078841,0.000653777141834,0.24331966,515973.52,13073.10
4218,138215424,286.031463,train,1.58548474,0.000653634822081,0.23833652,519048.80,13073.10
4219,138248192,286.088345,train,1.53393316,0.00065349249138,0.24133338,521766.92,13073.10
4220,138280960,286.145107,train,1.54579639,0.000653350149747,0.25129953,524288.02,13073.10
4221,138313728,286.201791,train,1.53204799,0.000653207797197,0.25528190,526621.49,13073.10
4222,138346496,286.259122,train,1.50596595,0.000653065433744,0.24255712,528510.51,13073.10
4223,138379264,286.316479,train,1.55210853,0.000652923059404,0.26368061,530236.89,13073.10
4224,138412032,286.373351,train,1.51412523,0.000652780674192,0.24210446,532004.09,13073.10
4225,138444800,286.430005,train,1.55342352,0.000652638278122,0.24413799,533716.25,13073.10
4226,138477568,286.486818,train,1.58033395,0.000652495871211,0.27158412,535252.90,13073.10
4227,138510336,286.543552,train,1.49968815,0.000652353453472,0.24510159,536709.20,13073.10
4228,138543104,286.600295,train,1.55008423,0.000652211024921,0.24910490,538066.20,13073.10
4229,138575872,286.657703,train,1.57892966,0.000652068585573,0.26437381,539131.83,13073.10
4230,138608640,286.714573,train,1.56520689,0.000651926135444,0.24308494,540290.34,13073.10
4231,138641408,286.771573,train,1.55076361,0.000651783674547,0.24509284,541341.04,13073.10
4232,138674176,286.828354,train,1.55075395,0.000651641202898,0.24725860,542391.05,13073.10
4233,138706944,286.885218,train,1.52218378,0.000651498720513,0.25518498,543358.64,13073.10
4234,138739712,286.942268,train,1.54261518,0.000651356227406,0.23922573,544223.11,13073.10
4235,138772480,286.999676,train,1.53969431,0.000651213723592,0.24897450,544947.70,13073.10
4236,138805248,287.056602,train,1.57886362,0.000651071209086,0.25708646,545755.61,13073.10
4237,138838016,287.113280,train,1.56135058,0.000650928683904,0.25454915,546583.12,13073.10
4238,138870784,287.170102,train,1.55961013,0.000650786148061,0.24154319,547334.85,13073.10
4239,138903552,287.226598,train,1.52104938,0.00065064360157,0.25322524,548126.64,13073.10
4240,138936320,287.283307,train,1.56691360,0.000650501044449,0.27118650,548831.76,13073.10
4241,138969088,287.340374,train,1.59267783,0.000650358476711,0.25488204,549423.88,13073.10
4242,139001856,287.397884,train,1.51819849,0.000650215898371,0.24780852,549891.54,13073.10
4243,139034624,287.455194,train,1.51670718,0.000650073309445,0.24785811,550381.28,13073.10
4244,139067392,287.512127,train,1.54861999,0.000649930709949,0.24079795,550928.91,13073.10
4245,139100160,287.568939,train,1.54244184,0.000649788099896,0.24495211,551478.16,13073.10
4246,139132928,287.626221,train,1.52489614,0.000649645479302,0.24059641,551909.61,13073.10
4247,139165696,287.683846,train,1.53420758,0.000649502848181,0.24501617,552255.37,13073.10
4248,139198464,287.740599,train,1.55285454,0.00064936020655,0.24710636,552756.33,13073.10
4249,139231232,287.797263,train,1.55622208,0.000649217554423,0.25060308,553254.85,13073.10
4250,139264000,287.854539,train,1.49184394,0.000649074891816,0.25558615,553619.72,13073.10
4251,139296768,287.911427,train,1.52996337,0.000648932218742,0.24309793,554041.99,13073.10
4252,139329536,287.968404,train,1.48573828,0.000648789535218,0.24962033,554432.52,13073.10
4253,139362304,288.024962,train,1.56753576,0.000648646841258,0.24631731,554883.25,13073.10
4254,139395072,288.081679,train,1.52995086,0.000648504136878,0.25859722,555290.20,13073.10
4255,139427840,288.139167,train,1.50232792,0.000648361422093,0.25759786,555550.71,13073.10
4256,139460608,288.195671,train,1.54259944,0.000648218696917,0.24002616,555968.05,13073.10
4257,139493376,288.252016,train,1.53315437,0.000648075961365,0.24476583,556397.62,13073.10
4258,139526144,288.308475,train,1.53876853,0.000647933215454,0.25462797,556794.41,13073.10
4259,139558912,288.365234,train,1.52587557,0.000647790459197,0.25471503,557129.95,13073.10
4260,139591680,288.422266,train,1.51788044,0.00064764769261,0.24261783,557411.82,13073.10
4261,139624448,288.478750,train,1.49977660,0.000647504915709,0.23752499,557769.89,13073.10
4262,139657216,288.535656,train,1.57311940,0.000647362128507,0.25070888,558052.11,13073.10
4263,139689984,288.592288,train,1.53632450,0.000647219331021,0.24666367,558367.04,13073.10
4264,139722752,288.648584,train,1.53951979,0.000647076523264,0.24485841,558722.47,13073.10
4265,139755520,288.705718,train,1.52867174,0.000646933705254,0.23909242,558944.54,13073.10
4266,139788288,288.762804,train,1.53492951,0.000646790877003,0.23836233,559166.88,13073.10
4267,139821056,288.819139,train,1.52278519,0.000646648038529,0.24278264,559489.88,13073.10
4268,139853824,288.875547,train,1.58972061,0.000646505189844,0.25379628,559793.34,13073.10
4269,139886592,288.931875,train,1.56887221,0.000646362330966,0.24282205,560099.55,13073.10
4270,139919360,288.988514,train,1.55109489,0.000646219461908,0.24275763,560354.78,13073.10
4271,139952128,289.045610,train,1.52940142,0.000646076582686,0.24592312,560541.17,13073.10
4272,139984896,289.101934,train,1.49075961,0.000645933693316,0.24154186,560825.54,13073.10
4273,140017664,289.158681,train,1.53892231,0.000645790793811,0.24215460,561046.68,13073.10
4274,140050432,289.215667,train,1.55257845,0.000645647884188,0.24640901,561230.94,13073.10
4275,140083200,289.272837,train,1.47401679,0.00064550496446,0.24094462,561386.78,13073.10
4276,140115968,289.329534,train,1.55910027,0.000645362034644,0.24381542,561598.61,13073.10
4277,140148736,289.387715,train,1.52863777,0.000645219094755,0.24271785,561619.39,13073.10
4278,140181504,289.444624,train,1.54087877,0.000645076144807,0.23935138,561796.81,13073.10
4279,140214272,289.501754,train,1.49096704,0.000644933184816,0.23531093,561942.79,13073.10
4280,140247040,289.558771,train,1.53499532,0.000644790214797,0.24965882,562098.84,13073.10
4281,140279808,289.616035,train,1.52057409,0.000644647234764,0.24321036,562221.66,13073.10
4282,140312576,289.673502,train,1.59652281,0.000644504244734,0.24385290,562317.66,13073.10
4283,140345344,289.730223,train,1.52685022,0.00064436124472,0.24393831,562498.26,13073.10
4284,140378112,289.787682,train,1.52176273,0.000644218234739,0.24300790,562589.62,13073.10
4285,140410880,289.845502,train,1.59319878,0.000644075214805,0.25194800,562637.90,13073.10
4286,140443648,289.903021,train,1.52978206,0.000643932184934,0.24093527,562718.94,13073.10
4287,140476416,289.959894,train,1.50634730,0.00064378914514,0.24098162,562869.83,13073.10
4288,140509184,290.017235,train,1.53351760,0.000643646095438,0.25226834,562965.99,13073.10
4289,140541952,290.075023,train,1.57014167,0.000643503035844,0.25200409,563011.35,13073.10
4290,140574720,290.132371,train,1.52672815,0.000643359966374,0.24458878,563103.19,13073.10
4291,140607488,290.189876,train,1.53094101,0.000643216887041,0.23320457,563176.26,13073.10
4292,140640256,290.247191,train,1.54154205,0.000643073797861,0.25248107,563267.67,13073.10
4293,140673024,290.303926,train,1.55926085,0.000642930698849,0.25168630,563417.71,13073.10
4294,140705792,290.360628,train,1.54562533,0.000642787590021,0.24711299,563567.82,13073.10
4295,140738560,290.418389,train,1.55303335,0.000642644471391,0.25727481,563606.91,13073.10
4296,140771328,290.474640,train,1.49690223,0.000642501342975,0.24673645,563797.75,13073.10
4297,140804096,290.531538,train,1.52172971,0.000642358204787,0.24483842,563920.00,13073.10
4298,140836864,290.588569,train,1.51591885,0.000642215056843,0.24290210,564026.60,13073.10
4299,140869632,290.645510,train,1.53641856,0.000642071899158,0.25086108,564139.88,13073.10
4300,140902400,290.702814,train,1.51447868,0.000641928731747,0.24118732,564215.79,13073.10
4300,140902400,291.039351,valid,1.53372104,0.000641928731747,,564215.79,13073.10
4301,140935168,291.212078,train,1.52051783,0.000641785554625,0.23982695,191077.51,13073.10
4302,140967936,291.269919,train,1.54533410,0.000641642367808,0.25118807,285770.61,13073.10
4303,141000704,291.327772,train,1.56988120,0.000641499171309,0.24878512,342303.17,13073.10
4304,141033472,291.384188,train,1.50512064,0.000641355965146,0.24209799,381466.75,13073.10
4305,141066240,291.441244,train,1.49164402,0.000641212749332,0.24883352,408929.73,13073.10
4306,141099008,291.498476,train,1.55456960,0.000641069523883,0.25490236,429380.22,13073.10
4307,141131776,291.555667,train,1.50366187,0.000640926288813,0.24573103,445322.77,13073.10
4308,141164544,291.612693,train,1.54154146,0.000640783044139,0.26464722,458209.71,13073.10
4309,141197312,291.669915,train,1.56353450,0.000640639789875,0.25321400,468615.23,13073.10
4310,141230080,291.726895,train,1.49411917,0.000640496526036,0.24878348,477454.32,13073.10
4311,141262848,291.783700,train,1.47328269,0.000640353252638,0.23429282,485052.23,13073.10
4312,141295616,291.840208,train,1.54399049,0.000640209969695,0.24610661,491753.89,13073.10
4313,141328384,291.897387,train,1.52927351,0.000640066677223,0.24424684,497181.34,13073.10
4314,141361152,291.954310,train,1.44202495,0.000639923375236,0.24614051,502069.78,13073.10
4315,141393920,292.011255,train,1.49606299,0.000639780063751,0.23794508,506373.43,13073.10
4316,141426688,292.067985,train,1.54984713,0.000639636742782,0.24478675,510307.25,13073.10
4317,141459456,292.125122,train,1.46005869,0.000639493412344,0.23889525,513636.44,13073.10
4318,141492224,292.182166,train,1.50677633,0.000639350072453,0.24475053,516674.43,13073.10
4319,141524992,292.238931,train,1.56292343,0.000639206723123,0.24589695,519544.00,13073.10
4320,141557760,292.295886,train,1.53638601,0.000639063364369,0.25234932,522075.08,13073.10
4321,141590528,292.352705,train,1.54941440,0.000638919996208,0.24669124,524441.03,13073.10
4322,141623296,292.409945,train,1.55130625,0.000638776618653,0.24927306,526448.53,13073.10
4323,141656064,292.466579,train,1.52511144,0.000638633231721,0.24204881,528519.61,13073.10
4324,141688832,292.523427,train,1.59590423,0.000638489835426,0.25260520,530355.67,13073.10
4325,141721600,292.580724,train,1.54441881,0.000638346429783,0.25110576,531901.22,13073.10
4326,141754368,292.637423,train,1.53213394,0.000638203014808,0.24907115,533535.57,13073.10
4327,141787136,292.694599,train,1.51692235,0.000638059590516,0.24472006,534903.59,13073.10
4328,141819904,292.751445,train,1.55608177,0.000637916156921,0.25906491,536283.32,13073.10
4329,141852672,292.808873,train,1.55890000,0.00063777271404,0.25297877,537397.53,13073.10
4330,141885440,292.865847,train,1.58999026,0.000637629261886,0.24756610,538575.76,13073.10
4331,141918208,292.923326,train,1.50053394,0.000637485800476,0.25424984,539537.74,13073.10
4332,141950976,292.980416,train,1.56055689,0.000637342329825,0.24587728,540550.76,13073.10
4333,141983744,293.037935,train,1.56866693,0.000637198849947,0.25145388,541390.03,13073.10
4334,142016512,293.095558,train,1.55509710,0.000637055360858,0.25413784,542154.79,13073.10
4335,142049280,293.153219,train,1.48188472,0.000636911862572,0.24991348,542868.09,13073.10
4336,142082048,293.210714,train,1.62318873,0.000636768355106,0.26265943,543585.06,13073.10
4337,142114816,293.267691,train,1.57959449,0.000636624838474,0.25216740,544391.47,13073.10
4338,142147584,293.324532,train,1.56822574,0.000636481312692,0.25246269,545190.31,13073.10
4339,142180352,293.381525,train,1.52871799,0.000636337777774,0.24974024,545914.80,13073.10
4340,142213120,293.438239,train,1.51364136,0.000636194233736,0.24342415,546668.48,13073.10
4341,142245888,293.494762,train,1.47984600,0.000636050680593,0.25257370,547429.83,13073.10
4342,142278656,293.551846,train,1.53503716,0.00063590711836,0.24376565,548034.62,13073.10
4343,142311424,293.609405,train,1.56644034,0.000635763547052,0.25569859,548510.82,13073.10
4344,142344192,293.666405,train,1.53309464,0.000635619966684,0.24224310,549083.19,13073.10
4345,142376960,293.723388,train,1.53993702,0.000635476377272,0.25049224,549634.73,13073.10
4346,142409728,293.780367,train,1.53658390,0.000635332778831,0.24731314,550164.08,13073.10
4347,142442496,293.837296,train,1.54595530,0.000635189171376,0.24010824,550681.63,13073.10
4348,142475264,293.893828,train,1.54065251,0.000635045554922,0.24717282,551255.53,13073.10
4349,142508032,293.951502,train,1.49518418,0.000634901929484,0.25014892,551590.43,13073.10
4350,142540800,294.008491,train,1.54273129,0.000634758295077,0.25599477,552039.72,13073.10
4351,142573568,294.065415,train,1.53439331,0.000634614651717,0.24686383,552483.94,13073.10
4352,142606336,294.122769,train,1.52320600,0.000634470999419,0.24435680,552834.60,13073.10
4353,142639104,294.179821,train,1.57441592,0.000634327338198,0.25389093,553225.72,13073.10
4354,142671872,294.236966,train,1.56002665,0.000634183668069,0.24674712,553586.70,13073.10
4355,142704640,294.293567,train,1.48764324,0.000634039989047,0.24152903,554027.69,13073.10
4356,142737408,294.350163,train,1.52203643,0.000633896301147,0.23929708,554454.20,13073.10
4357,142770176,294.407424,train,1.50292063,0.000633752604386,0.24322359,554757.09,13073.10
4358,142802944,294.464338,train,1.52171302,0.000633608898777,0.23961054,555106.03,13073.10
4359,142835712,294.521642,train,1.55500162,0.000633465184336,0.23967931,555381.21,13073.10
4360,142868480,294.579027,train,1.57303667,0.000633321461078,0.24634723,555634.84,13073.10
4361,142901248,294.636050,train,1.49081540,0.000633177729019,0.24224241,555936.32,13073.10
4362,142934016,294.693625,train,1.53732240,0.000633033988173,0.23806043,556144.39,13073.10
4363,142966784,294.751257,train,1.54827452,0.000632890238556,0.24221480,556337.45,13073.10
4364,142999552,294.808466,train,1.55070901,0.000632746480183,0.24431351,556587.17,13073.10
4365,143032320,294.865814,train,1.50804114,0.000632602713069,0.24741787,556808.87,13073.10
4366,143065088,294.923104,train,1.51245511,0.000632458937229,0.23887104,557032.63,13073.10
4367,143097856,294.980802,train,1.56537342,0.000632315152679,0.25251946,557192.16,13073.10
4368,143130624,295.037819,train,1.53999782,0.000632171359434,0.24693690,557441.95,13073.10
4369,143163392,295.094737,train,1.54660642,0.000632027557508,0.24990202,557698.38,13073.10
4370,143196160,295.151980,train,1.52500165,0.000631883746917,0.24738903,557903.45,13073.10
4371,143228928,295.209228,train,1.54729843,0.000631739927677,0.24208304,558102.36,13073.10
4372,143261696,295.266857,train,1.49078250,0.000631596099802,0.25224909,558245.63,13073.10
4373,143294464,295.324235,train,1.55771255,0.000631452263308,0.24262154,558417.68,13073.10
4374,143327232,295.381331,train,1.54688787,0.000631308418209,0.25590748,558621.43,13073.10
4375,143360000,295.438609,train,1.52694893,0.000631164564522,0.24941595,558796.85,13073.10
4376,143392768,295.495726,train,1.59843588,0.000631020702261,0.24327111,558987.91,13073.10
4377,143425536,295.552476,train,1.54084134,0.000630876831441,0.24357332,559219.61,13073.10
4378,143458304,295.609339,train,1.57571673,0.000630732952077,0.24855770,559431.72,13073.10
4379,143491072,295.666604,train,1.52365565,0.000630589064186,0.23878601,559589.97,13073.10
4380,143523840,295.724124,train,1.53223479,0.000630445167782,0.24231730,559713.96,13073.10
4381,143556608,295.780910,train,1.51736808,0.000630301262879,0.24274562,559921.46,13073.10
4382,143589376,295.837388,train,1.50574374,0.000630157349495,0.24695227,560160.13,13073.10
4383,143622144,295.893805,train,1.53343797,0.000630013427642,0.24680932,560400.26,13073.10
4384,143654912,295.950412,train,1.50902784,0.000629869497338,0.24807794,560613.23,13073.10
4385,143687680,296.007128,train,1.49782896,0.000629725558597,0.24248488,560809.01,13073.10
4386,143720448,296.063909,train,1.55636311,0.000629581611434,0.24525958,560993.01,13073.10
4387,143753216,296.121093,train,1.55666256,0.000629437655864,0.24154639,561128.49,13073.10
4388,143785984,296.177838,train,1.51666987,0.000629293691903,0.24200380,561308.92,13073.10
4389,143818752,296.235164,train,1.53829336,0.000629149719566,0.24274638,561422.51,13073.10
4390,143851520,296.292348,train,1.53202033,0.000629005738867,0.24490774,561548.84,13073.10
4391,143884288,296.349564,train,1.57069457,0.000628861749823,0.24485727,561669.18,13073.10
4392,143917056,296.407253,train,1.56455708,0.000628717752449,0.25073102,561737.30,13073.10
4393,143949824,296.464539,train,1.54807043,0.000628573746759,0.24212977,561845.83,13073.10
4394,143982592,296.522036,train,1.49978280,0.000628429732769,0.24149191,561930.36,13073.10
4395,144015360,296.579350,train,1.54731119,0.000628285710495,0.25096971,562031.77,13073.10
4396,144048128,296.636019,train,1.55531943,0.00062814167995,0.25051326,562195.84,13073.10
4397,144080896,296.692541,train,1.55963659,0.000627997641151,0.24983564,562371.33,13073.10
4398,144113664,296.749146,train,1.51976490,0.000627853594113,0.26117626,562535.11,13073.10
4399,144146432,296.805706,train,1.56231797,0.000627709538851,0.24364783,562700.03,13073.10
4400,144179200,296.862640,train,1.52578473,0.00062756547538,0.25734687,562825.65,13073.10
4400,144179200,297.199737,valid,1.53034013,0.00062756547538,,562825.65,13073.10
4401,144211968,297.353881,train,1.51522088,0.000627421403715,0.26178679,214239.45,13073.10
4402,144244736,297.410820,train,1.57611609,0.000627277323872,0.25300029,312241.64,13073.10
4403,144277504,297.468863,train,1.53597403,0.000627133235866,0.24060817,366898.06,13073.10
4404,144310272,297.525623,train,1.53675902,0.000626989139712,0.24934146,403681.60,13073.10
4405,144343040,297.582823,train,1.49321640,0.000626845035425,0.24562791,429021.76,13073.10
4406,144375808,297.639659,train,1.52860546,0.000626700923021,0.24815910,448130.92,13073.10
4407,144408576,297.696684,train,1.56112039,0.000626556802514,0.25922206,462681.99,13073.10
4408,144441344,297.753796,train,1.54279399,0.000626412673921,0.24937326,474155.79,13073.10
4409,144474112,297.810675,train,1.53344941,0.000626268537255,0.24363734,483665.34,13073.10
4410,144506880,297.867725,train,1.58697867,0.000626124392533,0.25632474,491425.80,13073.10
4411,144539648,297.924443,train,1.57747960,0.00062598023977,0.25750419,498191.77,13073.10
4412,144572416,297.981334,train,1.50693250,0.00062583607898,0.25183353,503862.61,13073.10
4413,144605184,298.038691,train,1.50803685,0.00062569191018,0.24753991,508479.52,13073.10
4414,144637952,298.095620,train,1.53470278,0.000625547733384,0.24812016,512749.62,13073.10
4415,144670720,298.153142,train,1.52696061,0.000625403548607,0.25328845,516188.11,13073.10
4416,144703488,298.210448,train,1.47857440,0.000625259355865,0.25218028,519345.57,13073.10
4417,144736256,298.267461,train,1.53489769,0.000625115155174,0.24761038,522306.82,13073.10
4418,144769024,298.324754,train,1.49486554,0.000624970946547,0.25245222,524836.81,13073.10
4419,144801792,298.381558,train,1.54436040,0.000624826730001,0.24630561,527339.83,13073.10
4420,144834560,298.438800,train,1.51110125,0.000624682505551,0.26994795,529425.95,13073.10
4421,144867328,298.496629,train,1.50060058,0.000624538273211,0.24675693,531086.73,13073.10
4422,144900096,298.553359,train,1.55457342,0.000624394032998,0.24086174,533038.22,13073.10
4423,144932864,298.609849,train,1.52508998,0.000624249784926,0.24972692,534923.74,13073.10
4424,144965632,298.666635,train,1.56379199,0.000624105529011,0.25423646,536555.60,13073.10
4425,144998400,298.724124,train,1.50815821,0.000623961265268,0.24539849,537817.46,13073.10
4426,145031168,298.781275,train,1.51460540,0.000623816993712,0.23993985,539102.64,13073.10
4427,145063936,298.838350,train,1.54709697,0.000623672714358,0.25315386,540323.38,13073.10
4428,145096704,298.895050,train,1.49407697,0.000623528427222,0.24221377,541581.67,13073.10
4429,145129472,298.952133,train,1.51658511,0.000623384132318,0.25162241,542639.78,13073.10
4430,145162240,299.008943,train,1.55262971,0.000623239829663,0.24981315,543713.20,13073.10
4431,145195008,299.065483,train,1.55933833,0.000623095519271,0.25467870,544799.79,13073.10
4432,145227776,299.122417,train,1.51628053,0.000622951201158,0.24298947,545710.85,13073.10
4433,145260544,299.179241,train,1.49839318,0.000622806875338,0.24103114,546599.67,13073.10
4434,145293312,299.236072,train,1.55650592,0.000622662541828,0.24821652,547437.28,13073.10
4435,145326080,299.293123,train,1.51196694,0.000622518200642,0.24696569,548171.46,13073.10
4436,145358848,299.350285,train,1.58668542,0.000622373851795,0.25782439,548838.35,13073.10
4437,145391616,299.407814,train,1.56885719,0.000622229495304,0.24526359,549379.08,13073.10
4438,145424384,299.465282,train,1.57168007,0.000622085131182,0.25173497,549907.64,13073.10
4439,145457152,299.522623,train,1.54270935,0.000621940759446,0.25943434,550439.70,13073.10
4440,145489920,299.579697,train,1.54904819,0.00062179638011,0.25722665,551008.27,13073.10
4441,145522688,299.637807,train,1.51642513,0.00062165199319,0.24960554,551315.57,13073.10
4442,145555456,299.694695,train,1.51289570,0.000621507598701,0.26147008,551878.83,13073.10
4443,145588224,299.753089,train,1.51907730,0.000621363196659,0.24056074,552091.23,13073.10
4444,145620992,299.809998,train,1.57402217,0.000621218787078,0.23827769,552608.31,13073.10
4445,145653760,299.867460,train,1.50697780,0.000621074369974,0.25407147,552988.58,13073.10
4446,145686528,299.923152,train,1.55396199,0.000620929945362,0.24107756,553712.42,13073.10
4447,145719296,299.979895,train,1.49855840,0.000620785513257,0.23551096,554197.92,13073.10
4448,145752064,300.037279,train,1.47673154,0.000620641073675,0.24852687,554538.48,13073.10
4449,145784832,300.094123,train,1.50606966,0.000620496626631,0.23459384,554968.97,13073.10
4450,145817600,300.151178,train,1.51239586,0.00062035217214,0.25344133,555343.30,13073.10
4451,145850368,300.207886,train,1.60147393,0.000620207710217,0.24614701,555767.46,13073.10
4452,145883136,300.265304,train,1.55508971,0.000620063240878,0.25453061,556047.14,13073.10
4453,145915904,300.322875,train,1.54947519,0.000619918764138,0.24471013,556289.18,13073.10
4454,145948672,300.380287,train,1.49462533,0.000619774280012,0.23911068,556550.43,13073.10
4455,145981440,300.437558,train,1.53415155,0.000619629788515,0.23886052,556826.45,13073.10
4456,146014208,300.494808,train,1.57252312,0.000619485289663,0.25325093,557096.65,13073.10
4457,146046976,300.552320,train,1.52668643,0.000619340783471,0.25336674,557313.99,13073.10
4458,146079744,300.609484,train,1.53935599,0.000619196269955,0.24647452,557580.75,13073.10
4459,146112512,300.666164,train,1.52874804,0.000619051749128,0.23613511,557916.90,13073.10
4460,146145280,300.722654,train,1.52518356,0.000618907221008,0.23776206,558272.11,13073.10
4461,146178048,300.779438,train,1.51263297,0.000618762685608,0.24204373,558570.27,13073.10
4462,146210816,300.836670,train,1.52416027,0.000618618142945,0.24967353,558790.34,13073.10
4463,146243584,300.893640,train,1.54428327,0.000618473593033,0.23636095,559043.23,13073.10
4464,146276352,300.950804,train,1.53570962,0.000618329035888,0.24892193,559259.47,13073.10
4465,146309120,301.007962,train,1.50662863,0.000618184471526,0.24796137,559470.07,13073.10
4466,146341888,301.065160,train,1.54189086,0.00061803989996,0.23872197,559668.65,13073.10
4467,146374656,301.122083,train,1.49750268,0.000617895321208,0.26049694,559900.75,13073.10
4468,146407424,301.179252,train,1.51150382,0.000617750735283,0.24664342,560091.44,13073.10
4469,146440192,301.236619,train,1.52464962,0.000617606142201,0.24070945,560249.26,13073.10
4470,146472960,301.293693,train,1.50718153,0.000617461541978,0.24004093,560443.08,13073.10
4471,146505728,301.350957,train,1.57367063,0.000617316934628,0.23997575,560605.59,13073.10
4472,146538496,301.408656,train,1.51300001,0.000617172320168,0.24455637,560705.76,13073.10
4473,146571264,301.465634,train,1.50910115,0.000617027698611,0.24369968,560898.14,13073.10
4474,146604032,301.521850,train,1.53575087,0.000616883069975,0.23771565,561184.31,13073.10
4475,146636800,301.579708,train,1.48251724,0.000616738434273,0.24257232,561252.59,13073.10
4476,146669568,301.637210,train,1.51432538,0.000616593791521,0.24085027,561364.08,13073.10
4477,146702336,301.694587,train,1.56001163,0.000616449141735,0.24562410,561488.46,13073.10
4478,146735104,301.751380,train,1.52443552,0.000616304484929,0.24100822,561681.67,13073.10
4479,146767872,301.808194,train,1.57808912,0.00061615982112,0.24407843,561867.57,13073.10
4480,146800640,301.865471,train,1.51789844,0.000616015150321,0.23495163,561993.19,13073.10
4481,146833408,301.922770,train,1.49923515,0.000615870472549,0.24099542,562113.18,13073.10
4482,146866176,301.979597,train,1.51631331,0.000615725787819,0.24660321,562285.76,13073.10
4483,146898944,302.037108,train,1.53133333,0.000615581096146,0.24468976,562374.78,13073.10
4484,146931712,302.094208,train,1.55261314,0.000615436397545,0.24957649,562508.88,13073.10
4485,146964480,302.151396,train,1.51444840,0.000615291692032,0.24473454,562630.02,13073.10
4486,146997248,302.208217,train,1.47041297,0.000615146979622,0.24029616,562789.51,13073.10
4487,147030016,302.265231,train,1.55033040,0.00061500226033,0.25057414,562923.99,13073.10
4488,147062784,302.322596,train,1.49580395,0.000614857534172,0.24274163,563016.84,13073.10
4489,147095552,302.379012,train,1.51776838,0.000614712801162,0.24253285,563210.86,13073.10
4490,147128320,302.436600,train,1.56418109,0.000614568061317,0.25058490,563274.70,13073.10
4491,147161088,302.493646,train,1.57083726,0.000614423314651,0.24360609,563394.76,13073.10
4492,147193856,302.550403,train,1.52772951,0.000614278561179,0.25126141,563542.70,13073.10
4493,147226624,302.608349,train,1.50830352,0.000614133800918,0.24097250,563563.57,13073.10
4494,147259392,302.664989,train,1.49032831,0.000613989033881,0.24551025,563718.77,13073.10
4495,147292160,302.721391,train,1.56729698,0.000613844260086,0.25066501,563895.01,13073.10
4496,147324928,302.778856,train,1.52207375,0.000613699479546,0.24810077,563960.23,13073.10
4497,147357696,302.835874,train,1.53998780,0.000613554692277,0.23978832,564068.86,13073.10
4498,147390464,302.893022,train,1.57063293,0.000613409898295,0.23873571,564162.42,13073.10
4499,147423232,302.949551,train,1.50094676,0.000613265097614,0.24542615,564314.91,13073.10
4500,147456000,303.006967,train,1.55104280,0.000613120290251,0.24241619,564378.14,13073.10
4500,147456000,303.344583,valid,1.52708868,0.000613120290251,,564378.14,13073.10
4501,147488768,303.514452,train,1.57059133,0.00061297547622,0.25330770,194518.12,13073.10
4502,147521536,303.572536,train,1.49341655,0.000612830655536,0.23375961,289290.06,13073.10
4503,147554304,303.629392,train,1.52691090,0.000612685828215,0.24408425,346878.49,13073.10
4504,147587072,303.687056,train,1.53320861,0.000612540994273,0.25251022,384307.42,13073.10
4505,147619840,303.743943,train,1.52066302,0.000612396153724,0.24597384,411712.66,13073.10
4506,147652608,303.801458,train,1.53466570,0.000612251306584,0.24516536,431666.80,13073.10
4507,147685376,303.858394,train,1.51286268,0.000612106452868,0.24864352,447651.85,13073.10
4508,147718144,303.915872,train,1.53158998,0.000611961592591,0.25202581,460001.30,13073.10
4509,147750912,303.973556,train,1.54696727,0.000611816725769,0.24405083,469934.51,13073.10
4510,147783680,304.030422,train,1.53530729,0.000611671852417,0.24168850,478766.29,13073.10
4511,147816448,304.087872,train,1.51719177,0.00061152697255,0.24195988,485859.96,13073.10
4512,147849216,304.144656,train,1.53370929,0.000611382086184,0.24913217,492344.72,13073.10
4513,147881984,304.202245,train,1.56121886,0.000611237193334,0.25779766,497499.71,13073.10
4514,147914752,304.259274,train,1.51386714,0.000611092294015,0.24436182,502313.42,13073.10
4515,147947520,304.316214,train,1.50658798,0.000610947388243,0.23618947,506607.85,13073.10
4516,147980288,304.373593,train,1.55665565,0.000610802476033,0.24703190,510207.55,13073.10
4517,148013056,304.431156,train,1.50644279,0.000610657557399,0.23553185,513339.70,13073.10
4518,148045824,304.488510,train,1.50623441,0.000610512632359,0.23592280,516250.69,13073.10
4519,148078592,304.545052,train,1.52878499,0.000610367700925,0.24008913,519235.08,13073.10
4520,148111360,304.602174,train,1.50536740,0.000610222763116,0.24505019,521709.60,13073.10
4521,148144128,304.658988,train,1.52133203,0.000610077818944,0.24868886,524091.52,13073.10
4522,148176896,304.715800,train,1.55928373,0.000609932868426,0.26146600,526276.73,13073.10
4523,148209664,304.772949,train,1.50466549,0.000609787911577,0.24509454,528163.19,13073.10
4524,148242432,304.829988,train,1.51827073,0.000609642948413,0.25162539,529943.59,13073.10
4525,148275200,304.887205,train,1.51711559,0.000609497978948,0.24809469,531530.76,13073.10
4526,148307968,304.944505,train,1.53370893,0.000609353003198,0.26235530,532976.48,13073.10
4527,148340736,305.002336,train,1.52344477,0.000609208021178,0.23768993,534150.95,13073.10
4528,148373504,305.058906,train,1.53219390,0.000609063032904,0.25714743,535640.48,13073.10
4529,148406272,305.116590,train,1.51707482,0.000608918038391,0.24471049,536696.75,13073.10
4530,148439040,305.173433,train,1.56080842,0.000608773037654,0.24484393,537933.58,13073.10
4531,148471808,305.230345,train,1.47178125,0.000608628030709,0.25731799,539076.50,13073.10
4532,148504576,305.287770,train,1.51405287,0.00060848301757,0.24856266,540009.25,13073.10
4533,148537344,305.344537,train,1.54752779,0.000608337998254,0.24421857,541066.56,13073.10
4534,148570112,305.402144,train,1.47949100,0.000608192972775,0.23803483,541844.35,13073.10
4535,148602880,305.459608,train,1.51897097,0.000608047941148,0.26287648,542616.07,13073.10
4536,148635648,305.517046,train,1.49890971,0.000607902903391,0.23601627,543353.59,13073.10
4537,148668416,305.573999,train,1.47808647,0.000607757859516,0.23506762,544171.42,13073.10
4538,148701184,305.631558,train,1.56094515,0.00060761280954,0.24588631,544804.13,13073.10
4539,148733952,305.688904,train,1.50752127,0.000607467753479,0.24207476,545455.54,13073.10
4540,148766720,305.746067,train,1.53233242,0.000607322691346,0.24649249,546117.06,13073.10
4541,148799488,305.804098,train,1.52886164,0.000607177623159,0.24947315,546554.85,13073.10
4542,148832256,305.860641,train,1.53465092,0.000607032548931,0.24706350,547296.18,13073.10
4543,148865024,305.918375,train,1.54721951,0.000606887468679,0.25164968,547751.36,13073.10
4544,148897792,305.975566,train,1.54681575,0.000606742382418,0.24715106,548299.48,13073.10
4545,148930560,306.032477,train,1.54672623,0.000606597290163,0.24647599,548881.61,13073.10
4546,148963328,306.089483,train,1.56474471,0.000606452191929,0.24015634,549420.49,13073.10
4547,148996096,306.147149,train,1.59160948,0.000606307087732,0.24516565,549807.89,13073.10
4548,149028864,306.204163,train,1.55684566,0.000606161977586,0.24978830,550305.02,13073.10
4549,149061632,306.261589,train,1.47708678,0.000606016861508,0.23356584,550705.18,13073.10
4550,149094400,306.319153,train,1.49924064,0.000605871739513,0.24685349,551064.00,13073.10
4551,149127168,306.376028,train,1.54260933,0.000605726611616,0.24916458,551534.63,13073.10
4552,149159936,306.432856,train,1.57077241,0.000605581477832,0.24222413,551996.54,13073.10
4553,149192704,306.489750,train,1.57675624,0.000605436338177,0.25326991,552430.03,13073.10
4554,149225472,306.546027,train,1.56590950,0.000605291192666,0.24283472,552954.67,13073.10
4555,149258240,306.602348,train,1.56847942,0.000605146041314,0.24120760,553453.56,13073.10
4556,149291008,306.659229,train,1.51822221,0.000605000884137,0.26912555,553842.02,13073.10
4557,149323776,306.716046,train,1.51518440,0.00060485572115,0.23625495,554227.95,13073.10
4558,149356544,306.773033,train,1.51797795,0.000604710552368,0.24325773,554573.46,13073.10
4559,149389312,306.829678,train,1.51416111,0.000604565377807,0.23609819,554962.15,13073.10
4560,149422080,306.887086,train,1.51003242,0.000604420197482,0.24621488,555218.81,13073.10
4561,149454848,306.943625,train,1.53891563,0.000604275011408,0.23768105,555601.42,13073.10
4562,149487616,307.001472,train,1.50643122,0.000604129819601,0.23849690,555773.24,13073.10
4563,149520384,307.058845,train,1.55514693,0.000603984622076,0.25074908,556010.59,13073.10
4564,149553152,307.116213,train,1.55163896,0.000603839418848,0.24946088,556241.74,13073.10
4565,149585920,307.173473,train,1.57194948,0.000603694209933,0.24304838,556481.43,13073.10
4566,149618688,307.230923,train,1.54502451,0.000603548995346,0.25664631,556686.87,13073.10
4567,149651456,307.288140,train,1.53501248,0.000603403775103,0.24633636,556919.25,13073.10
4568,149684224,307.345267,train,1.54764771,0.000603258549218,0.24898113,557157.54,13073.10
4569,149716992,307.402572,train,1.54849005,0.000603113317707,0.24122863,557364.53,13073.10
4570,149749760,307.459793,train,1.55958557,0.000602968080586,0.25888836,557577.38,13073.10
4571,149782528,307.516701,train,1.53235674,0.000602822837869,0.23647764,557825.99,13073.10
4572,149815296,307.573784,train,1.53195941,0.000602677589572,0.24793397,558044.87,13073.10
4573,149848064,307.631126,train,1.59593606,0.000602532335711,0.25007749,558224.35,13073.10
4574,149880832,307.688437,train,1.54171431,0.000602387076301,0.24634169,558402.90,13073.10
4575,149913600,307.746042,train,1.50712633,0.000602241811356,0.26238891,558539.56,13073.10
4576,149946368,307.803589,train,1.57394290,0.000602096540893,0.24673764,558679.87,13073.10
4577,149979136,307.861285,train,1.57333958,0.000601951264927,0.24290583,558798.29,13073.10
4578,150011904,307.918376,train,1.56149864,0.000601805983474,0.27683029,558987.70,13073.10
4579,150044672,307.976147,train,1.51793718,0.000601660696547,0.25350121,559089.98,13073.10
4580,150077440,308.033646,train,1.52025914,0.000601515404164,0.23878959,559222.58,13073.10
4581,150110208,308.091222,train,1.51162589,0.000601370106338,0.25626886,559342.74,13073.10
4582,150142976,308.149222,train,1.58835566,0.000601224803086,0.25248399,559410.63,13073.10
4583,150175744,308.207788,train,1.52651858,0.000601079494423,0.24482264,559411.78,13073.10
4584,150208512,308.264821,train,1.51200211,0.000600934180365,0.25563490,559587.17,13073.10
4585,150241280,308.322759,train,1.51168585,0.000600788860926,0.25078228,559656.87,13073.10
4586,150274048,308.379919,train,1.56330192,0.000600643536121,0.25049114,559811.44,13073.10
4587,150306816,308.437865,train,1.52623880,0.000600498205968,0.25597680,559876.12,13073.10
4588,150339584,308.495205,train,1.52249897,0.000600352870479,0.25316080,560005.20,13073.10
4589,150372352,308.552351,train,1.50417900,0.000600207529672,0.25065657,560152.34,13073.10
4590,150405120,308.610107,train,1.51194549,0.000600062183561,0.23719390,560231.12,13073.10
4591,150437888,308.668393,train,1.51431239,0.000599916832162,0.25674284,560252.66,13073.10
4592,150470656,308.725547,train,1.46977103,0.00059977147549,0.23891364,560391.78,13073.10
4593,150503424,308.782741,train,1.58177388,0.00059962611356,0.24399106,560523.60,13073.10
4594,150536192,308.839961,train,1.56673980,0.000599480746388,0.25651711,560649.99,13073.10
4595,150568960,308.897120,train,1.58692920,0.000599335373989,0.24144755,560780.07,13073.10
4596,150601728,308.954662,train,1.50160837,0.000599189996379,0.23973748,560869.18,13073.10
4597,150634496,309.012135,train,1.54303980,0.000599044613572,0.24944058,560963.29,13073.10
4598,150667264,309.069774,train,1.55411184,0.000598899225585,0.25899097,561039.20,13073.10
4599,150700032,309.127867,train,1.48144293,0.000598753832432,0.25134689,561069.62,13073.10
4600,150732800,309.184960,train,1.51921988,0.000598608434129,0.24139507,561195.48,13073.10
4600,150732800,309.523060,valid,1.52113942,0.000598608434129,,561195.48,13073.10
4601,150765568,309.696132,train,1.52505410,0.000598463030692,0.23990123,190940.75,13073.10
4602,150798336,309.754312,train,1.50884497,0.000598317622135,0.25093475,285194.81,13073.10
4603,150831104,309.813459,train,1.49581337,0.000598172208474,0.24858926,340221.96,13073.10
4604,150863872,309.871242,train,1.52335441,0.000598026789724,0.23960586,378030.17,13073.10
4605,150896640,309.928780,train,1.51827693,0.000597881365901,0.25076219,405282.41,13073.10
4606,150929408,309.986124,train,1.55036187,0.00059773593702,0.23780337,425922.61,13073.10
4607,150962176,310.043863,train,1.50899756,0.000597590503097,0.24927124,441664.18,13073.10
4608,150994944,310.101427,train,1.53168750,0.000597445064146,0.24647908,454394.05,13073.10
4609,151027712,310.158589,train,1.48706520,0.000597299620184,0.24355061,465108.82,13073.10
4610,151060480,310.216160,train,1.51247120,0.000597154171225,0.23549543,473771.75,13073.10
4611,151093248,310.270513,train,1.52260518,0.000597008717285,0.24052550,483177.88,13073.10
4612,151126016,310.327922,train,1.52179420,0.000596863258379,0.24008125,489437.17,13073.10
4613,151158784,310.386849,train,1.48891962,0.000596717794523,0.23856132,493991.66,13073.10
4614,151191552,310.444231,train,1.50412059,0.000596572325731,0.23852228,498799.23,13073.10
4615,151224320,310.502207,train,1.50019717,0.000596426852021,0.23642103,502736.90,13073.10
4616,151257088,310.560171,train,1.53526282,0.000596281373405,0.24076021,506239.31,13073.10
4617,151289856,310.617742,train,1.48703539,0.000596135889901,0.24697047,509553.37,13073.10
4618,151322624,310.675063,train,1.52186406,0.000595990401524,0.24156487,512647.38,13073.10
4619,151355392,310.733603,train,1.52120852,0.000595844908288,0.24968123,514928.41,13073.10
4620,151388160,310.790963,train,1.52057004,0.000595699410209,0.25230816,517479.86,13073.10
4621,151420928,310.848584,train,1.57402015,0.000595553907303,0.24899663,519708.27,13073.10
4622,151453696,310.905396,train,1.51966572,0.000595408399585,0.23878206,522056.62,13073.10
4623,151486464,310.962640,train,1.52409911,0.000595262887071,0.25309414,524061.21,13073.10
4624,151519232,311.020754,train,1.56680083,0.000595117369774,0.24692197,525607.20,13073.10
4625,151552000,311.077843,train,1.52121937,0.000594971847712,0.25068638,527384.89,13073.10
4626,151584768,311.135394,train,1.43300486,0.0005948263209,0.24611230,528885.00,13073.10
4627,151617536,311.193541,train,1.56878030,0.000594680789352,0.24644895,530092.07,13073.10
4628,151650304,311.251153,train,1.53635216,0.000594535253084,0.24720234,531382.77,13073.10
4629,151683072,311.308695,train,1.47194993,0.000594389712112,0.24589929,532611.06,13073.10
4630,151715840,311.365516,train,1.53611672,0.000594244166451,0.25274172,533971.34,13073.10
4631,151748608,311.422808,train,1.52980983,0.000594098616116,0.23720211,535117.48,13073.10
4632,151781376,311.480267,train,1.56525731,0.000593953061122,0.23698549,536150.64,13073.10
4633,151814144,311.538235,train,1.50072134,0.000593807501486,0.24294044,536989.13,13073.10
4634,151846912,311.595419,train,1.50890636,0.000593661937222,0.23930597,537984.25,13073.10
4635,151879680,311.652835,train,1.46189988,0.000593516368346,0.23485668,538867.23,13073.10
4636,151912448,311.709529,train,1.45626664,0.000593370794873,0.23546433,539882.16,13073.10
4637,151945216,311.767080,train,1.55863941,0.000593225216819,0.24059637,540638.90,13073.10
4638,151977984,311.824305,train,1.49430323,0.000593079634199,0.24493356,541434.57,13073.10
4639,152010752,311.881498,train,1.51221251,0.000592934047027,0.24195178,542199.02,13073.10
4640,152043520,311.939093,train,1.53165746,0.000592788455321,0.23623519,542836.72,13073.10
4641,152076288,311.996502,train,1.48540711,0.000592642859095,0.23172756,543485.77,13073.10
4642,152109056,312.053874,train,1.51546955,0.000592497258364,0.23414937,544113.37,13073.10
4643,152141824,312.111369,train,1.54194236,0.000592351653143,0.24653961,544686.93,13073.10
4644,152174592,312.168729,train,1.51850486,0.000592206043449,0.24838886,545263.58,13073.10
4645,152207360,312.226405,train,1.55174792,0.000592060429297,0.24521562,545751.95,13073.10
4646,152240128,312.283726,train,1.47356844,0.000591914810702,0.25211179,546290.13,13073.10
4647,152272896,312.341154,train,1.54427803,0.000591769187679,0.23564826,546785.68,13073.10
4648,152305664,312.399326,train,1.52677441,0.000591623560243,0.25019366,547119.70,13073.10
4649,152338432,312.456763,train,1.55196452,0.000591477928411,0.24982496,547577.82,13073.10
4650,152371200,312.513913,train,1.52707720,0.000591332292197,0.24331856,548070.88,13073.10
4651,152403968,312.571146,train,1.48859620,0.000591186651618,0.24287872,548530.33,13073.10
4652,152436736,312.627890,train,1.56745481,0.000591041006687,0.26433176,549059.59,13073.10
4653,152469504,312.685326,train,1.53129864,0.000590895357421,0.24175239,549449.52,13073.10
4654,152502272,312.743107,train,1.52530444,0.000590749703835,0.25051871,549766.49,13073.10
4655,152535040,312.801155,train,1.49547720,0.000590604045945,0.24599767,550027.45,13073.10
4656,152567808,312.858367,train,1.47653949,0.000590458383765,0.25358897,550417.26,13073.10
4657,152600576,312.915814,train,1.48713446,0.000590312717312,0.23728397,550755.84,13073.10
4658,152633344,312.972883,train,1.49114120,0.0005901670466,0.24217185,551143.61,13073.10
4659,152666112,313.030523,train,1.52243972,0.000590021371645,0.25157112,551428.79,13073.10
4660,152698880,313.088038,train,1.54703808,0.000589875692462,0.24771184,551724.27,13073.10
4661,152731648,313.145404,train,1.54800916,0.000589730009068,0.26315928,552032.86,13073.10
4662,152764416,313.203001,train,1.48881972,0.000589584321476,0.25680742,552297.19,13073.10
4663,152797184,313.260929,train,1.54993033,0.000589438629703,0.24897537,552504.57,13073.10
4664,152829952,313.318366,train,1.51682162,0.000589292933764,0.24862112,552777.04,13073.10
4665,152862720,313.375741,train,1.48968875,0.000589147233674,0.24467976,553050.38,13073.10
4666,152895488,313.433881,train,1.55967331,0.000589001529448,0.24172111,553207.32,13073.10
4667,152928256,313.491551,train,1.49132740,0.000588855821103,0.23873532,553425.20,13073.10
4668,152961024,313.548625,train,1.52521574,0.000588710108654,0.24722588,553718.89,13073.10
4669,152993792,313.606656,train,1.55756354,0.000588564392115,0.24901684,553874.59,13073.10
4670,153026560,313.664576,train,1.51523852,0.000588418671502,0.25110614,554040.61,13073.10
4671,153059328,313.721525,train,1.48213935,0.000588272946832,0.23657347,554330.19,13073.10
4672,153092096,313.779062,train,1.47545516,0.000588127218118,0.23542315,554535.68,13073.10
4673,153124864,313.837150,train,1.47641921,0.000587981485376,0.24584365,554664.61,13073.10
4674,153157632,313.893988,train,1.48584914,0.000587835748623,0.24234675,554948.87,13073.10
4675,153190400,313.951182,train,1.50544667,0.000587690007873,0.23998342,555181.06,13073.10
4676,153223168,314.008677,train,1.55449653,0.000587544263141,0.25360698,555370.24,13073.10
4677,153255936,314.065866,train,1.50720263,0.000587398514443,0.24183998,555591.91,13073.10
4678,153288704,314.123651,train,1.54538810,0.000587252761795,0.24361424,555736.04,13073.10
4679,153321472,314.181255,train,1.53348053,0.000587107005212,0.24985623,555898.26,13073.10
4680,153354240,314.238830,train,1.51992273,0.000586961244709,0.25038403,556059.95,13073.10
4681,153387008,314.296471,train,1.51215625,0.000586815480301,0.24614596,556210.07,13073.10
4682,153419776,314.354781,train,1.51686966,0.000586669712005,0.24892135,556279.42,13073.10
4683,153452544,314.411586,train,1.48591590,0.000586523939834,0.24246354,556518.56,13073.10
4684,153485312,314.469392,train,1.55781043,0.000586378163806,0.25806624,556639.35,13073.10
4685,153518080,314.527278,train,1.51766968,0.000586232383935,0.24895757,556748.67,13073.10
4686,153550848,314.584196,train,1.51478946,0.000586086600237,0.24874574,556961.90,13073.10
4687,153583616,314.642014,train,1.54836237,0.000585940812726,0.24110907,557072.47,13073.10
4688,153616384,314.699966,train,1.55337715,0.000585795021419,0.24306718,557166.06,13073.10
4689,153649152,314.758141,train,1.52485371,0.000585649226331,0.24586676,557233.80,13073.10
4690,153681920,314.816047,train,1.50101268,0.000585503427477,0.24477848,557328.51,13073.10
4691,153714688,314.875359,train,1.53325975,0.000585357624872,0.24664803,557274.69,13073.10
4692,153747456,314.933329,train,1.53827047,0.000585211818533,0.25663832,557360.14,13073.10
4693,153780224,314.990673,train,1.52364445,0.000585066008474,0.24670377,557507.76,13073.10
4694,153812992,315.048133,train,1.52195096,0.000584920194711,0.24039051,557640.60,13073.10
4695,153845760,315.105219,train,1.53376794,0.000584774377259,0.23771912,557808.07,13073.10
4696,153878528,315.163592,train,1.54124510,0.000584628556133,0.24322285,557844.81,13073.10
4697,153911296,315.221303,train,1.53891003,0.00058448273135,0.24421625,557945.50,13073.10
4698,153944064,315.278656,train,1.51801205,0.000584336902924,0.24823539,558079.08,13073.10
4699,153976832,315.336666,train,1.54543352,0.000584191070871,0.24734367,558146.85,13073.10
4700,154009600,315.393588,train,1.53565431,0.000584045235206,0.24705867,558316.81,13073.10
4700,154009600,315.731809,valid,1.51684904,0.000584045235206,,558316.81,13073.10
4701,154042368,315.892988,train,1.51626563,0.000583899395945,0.24017310,205417.87,13073.10
4702,154075136,315.950508,train,1.56307268,0.000583753553103,0.24553503,301954.85,13073.10
4703,154107904,316.009443,train,1.47861075,0.000583607706695,0.26270905,356207.77,13073.10
4704,154140672,316.067169,train,1.49183202,0.000583461856737,0.24550192,392784.83,13073.10
4705,154173440,316.124661,train,1.51352262,0.000583316003245,0.23800187,418822.80,13073.10
4706,154206208,316.181100,train,1.52878129,0.000583170146233,0.23598002,439219.19,13073.10
4707,154238976,316.238470,train,1.50445724,0.000583024285717,0.24275020,454209.54,13073.10
4708,154271744,316.295654,train,1.53174615,0.000582878421713,0.24694033,466294.74,13073.10
4709,154304512,316.353847,train,1.49458528,0.000582732554235,0.24251792,475375.24,13073.10
4710,154337280,316.411633,train,1.54156542,0.0005825866833,0.24206664,483187.19,13073.10
4711,154370048,316.469557,train,1.49708629,0.000582440808923,0.24592634,489681.34,13073.10
4712,154402816,316.526672,train,1.50011206,0.000582294931119,0.24469718,495732.42,13073.10
4713,154435584,316.583777,train,1.53792119,0.000582149049903,0.23983279,500976.38,13073.10
4714,154468352,316.641633,train,1.47107244,0.000582003165291,0.24027470,505142.92,13073.10
4715,154501120,316.699160,train,1.50416470,0.000581857277299,0.23846869,508982.90,13073.10
4716,154533888,316.756426,train,1.50522041,0.000581711385941,0.24291873,512521.85,13073.10
4717,154566656,316.813850,train,1.48835361,0.000581565491234,0.24111004,515611.01,13073.10
4718,154599424,316.871076,train,1.52579713,0.000581419593192,0.23321126,518477.99,13073.10
4719,154632192,316.928943,train,1.49959660,0.000581273691831,0.24421823,520791.15,13073.10
4720,154664960,316.986956,train,1.53252387,0.000581127787167,0.24411985,522829.20,13073.10
4721,154697728,317.044214,train,1.50827301,0.000580981879214,0.23859039,524990.04,13073.10
4722,154730496,317.102576,train,1.52278149,0.000580835967989,0.24452502,526544.95,13073.10
4723,154763264,317.159942,train,1.49516726,0.000580690053506,0.24235097,528341.15,13073.10
4724,154796032,317.217241,train,1.51655686,0.000580544135781,0.24127710,530022.43,13073.10
4725,154828800,317.274698,train,1.54012930,0.00058039821483,0.24430388,531524.12,13073.10
4726,154861568,317.332272,train,1.46971369,0.000580252290668,0.24332052,532878.84,13073.10
4727,154894336,317.390561,train,1.46842599,0.00058010636331,0.24367175,533908.92,13073.10
4728,154927104,317.448195,train,1.48551178,0.000579960432772,0.24647206,535073.64,13073.10
4729,154959872,317.505932,train,1.51732206,0.000579814499069,0.24700977,536130.97,13073.10
4730,154992640,317.563961,train,1.49729657,0.000579668562216,0.24164256,537036.34,13073.10
4731,155025408,317.621730,train,1.45700550,0.00057952262223,0.24334022,537959.53,13073.10
4732,155058176,317.680050,train,1.52604222,0.000579376679125,0.24856313,538676.10,13073.10
4733,155090944,317.737485,train,1.50208569,0.000579230732916,0.24041829,539588.71,13073.10
4734,155123712,317.794258,train,1.49823213,0.00057908478362,0.23564459,540624.21,13073.10
4735,155156480,317.851724,train,1.45462775,0.000578938831252,0.24299338,541426.73,13073.10
4736,155189248,317.909042,train,1.51569915,0.000578792875826,0.24480072,542224.28,13073.10
4737,155222016,317.966336,train,1.52132797,0.000578646917359,0.24107923,542986.28,13073.10
4738,155254784,318.024355,train,1.50307000,0.000578500955866,0.23233861,543538.41,13073.10
4739,155287552,318.081448,train,1.52060509,0.000578354991363,0.24176186,544277.61,13073.10
4740,155320320,318.139616,train,1.49769545,0.000578209023864,0.24133626,544738.33,13073.10
4741,155353088,318.197310,train,1.47783828,0.000578063053385,0.23731425,545282.10,13073.10
4742,155385856,318.255303,train,1.53584409,0.000577917079941,0.23901714,545736.14,13073.10
4743,155418624,318.312949,train,1.55638039,0.000577771103549,0.24692488,546243.50,13073.10
4744,155451392,318.370406,train,1.48048234,0.000577625124223,0.25346541,546767.76,13073.10
4745,155484160,318.428327,train,1.45062256,0.000577479141979,0.23959781,547175.60,13073.10
4746,155516928,318.485665,train,1.56613684,0.000577333156832,0.24934921,547681.98,13073.10
4747,155549696,318.543035,train,1.49691987,0.000577187168798,0.24520889,548161.67,13073.10
4748,155582464,318.600581,train,1.48371840,0.000577041177892,0.25058839,548588.34,13073.10
4749,155615232,318.657994,train,1.52776599,0.00057689518413,0.25422502,549023.27,13073.10
4750,155648000,318.715200,train,1.53457451,0.000576749187526,0.25254533,549479.67,13073.10
4751,155680768,318.772383,train,1.52957213,0.000576603188097,0.25231233,549922.92,13073.10
4752,155713536,318.829950,train,1.51371884,0.000576457185858,0.24988073,550281.60,13073.10
4753,155746304,318.887312,train,1.52224183,0.000576311180823,0.24637425,550662.90,13073.10
4754,155779072,318.944909,train,1.46901059,0.00057616517301,0.27017456,550990.33,13073.10
4755,155811840,319.002035,train,1.51916409,0.000576019162432,0.25696352,551385.63,13073.10
4756,155844608,319.059865,train,1.54134583,0.000575873149106,0.25134528,551650.55,13073.10
4757,155877376,319.117062,train,1.53452444,0.000575727133047,0.26432234,552009.68,13073.10
4758,155910144,319.173959,train,1.49326873,0.00057558111427,0.24754289,552405.16,13073.10
4759,155942912,319.231477,train,1.52597666,0.000575435092791,0.24629374,552689.56,13073.10
4760,155975680,319.288506,train,1.56775689,0.000575289068625,0.25041765,553040.76,13073.10
4761,156008448,319.345335,train,1.52621138,0.000575143041788,0.24644504,553411.48,13073.10
4762,156041216,319.402261,train,1.52322817,0.000574997012294,0.25186154,553756.22,13073.10
4763,156073984,319.460358,train,1.49308145,0.000574850980161,0.24599215,553916.22,13073.10
4764,156106752,319.517350,train,1.52024853,0.000574704945402,0.25189188,554233.27,13073.10
4765,156139520,319.574499,train,1.53856838,0.000574558908033,0.24537654,554518.00,13073.10
4766,156172288,319.631632,train,1.57198954,0.00057441286807,0.24547362,554796.80,13073.10
4767,156205056,319.688742,train,1.51048374,0.000574266825528,0.24348791,555070.66,13073.10
4768,156237824,319.746769,train,1.46393275,0.000574120780423,0.24100110,555210.07,13073.10
4769,156270592,319.803818,train,1.54044604,0.00057397473277,0.24476665,555478.75,13073.10
4770,156303360,319.861076,train,1.51793575,0.000573828682584,0.24608675,555711.96,13073.10
4771,156336128,319.918367,train,1.49896145,0.000573682629881,0.24100466,555934.33,13073.10
4772,156368896,319.975721,train,1.54636979,0.000573536574677,0.24059770,556142.47,13073.10
4773,156401664,320.032932,train,1.50625491,0.000573390516986,0.24866198,556363.42,13073.10
4774,156434432,320.089813,train,1.48473501,0.000573244456824,0.24290387,556620.94,13073.10
4775,156467200,320.146578,train,1.54261208,0.000573098394207,0.24456154,556886.34,13073.10
4776,156499968,320.203550,train,1.50759578,0.00057295232915,0.24352203,557119.23,13073.10
4777,156532736,320.260761,train,1.52429366,0.000572806261668,0.24081925,557316.82,13073.10
4778,156565504,320.317672,train,1.50559497,0.000572660191777,0.24833919,557546.12,13073.10
4779,156598272,320.374372,train,1.54252005,0.000572514119493,0.24630471,557794.97,13073.10
4780,156631040,320.431601,train,1.45942831,0.00057236804483,0.24318129,557975.11,13073.10
4781,156663808,320.490005,train,1.51810312,0.000572221967805,0.24411668,558012.92,13073.10
4782,156696576,320.547338,train,1.50100350,0.000572075888432,0.25032339,558173.91,13073.10
4783,156729344,320.604574,train,1.52140903,0.000571929806727,0.24395747,558342.37,13073.10
4784,156762112,320.661422,train,1.48421156,0.000571783722705,0.24130180,558550.85,13073.10
4785,156794880,320.718848,train,1.51309502,0.000571637636382,0.25167477,558689.75,13073.10
4786,156827648,320.775825,train,1.53227305,0.000571491547774,0.24383976,558875.30,13073.10
4787,156860416,320.832480,train,1.49905515,0.000571345456895,0.23809829,559092.04,13073.10
4788,156893184,320.889518,train,1.49299312,0.000571199363762,0.24386330,559262.47,13073.10
4789,156925952,320.946852,train,1.52359700,0.000571053268389,0.24588093,559397.28,13073.10
4790,156958720,321.004155,train,1.49803221,0.000570907170792,0.24307342,559532.50,13073.10
4791,156991488,321.061564,train,1.49091649,0.000570761070987,0.24094047,559653.78,13073.10
4792,157024256,321.117895,train,1.48565483,0.000570614968989,0.24119699,559884.44,13073.10
4793,157057024,321.174616,train,1.53161430,0.000570468864813,0.25130826,560070.19,13073.10
4794,157089792,321.231679,train,1.54609716,0.000570322758475,0.25162107,560217.31,13073.10
4795,157122560,321.288884,train,1.48434770,0.00057017664999,0.23741654,560347.00,13073.10
4796,157155328,321.346202,train,1.46088791,0.000570030539373,0.24101193,560462.87,13073.10
4797,157188096,321.403223,train,1.54718840,0.000569884426641,0.24242544,560605.75,13073.10
4798,157220864,321.460522,train,1.48358035,0.000569738311808,0.24566892,560718.47,13073.10
4799,157253632,321.518614,train,1.49444222,0.00056959219489,0.24573585,560752.11,13073.10
4800,157286400,321.575705,train,1.57601786,0.000569446075903,0.25877267,560881.20,13073.10
4800,157286400,321.913157,valid,1.51236604,0.000569446075903,,560881.20,13073.10
4801,157319168,322.072669,train,1.52347183,0.000569299954861,0.25096580,207040.96,13073.10
4802,157351936,322.130444,train,1.53309834,0.000569153831781,0.23800631,303345.83,13073.10
4803,157384704,322.187383,train,1.46637440,0.000569007706677,0.24997750,360110.58,13073.10
4804,157417472,322.244710,train,1.48985219,0.000568861579566,0.24867259,396815.63,13073.10
4805,157450240,322.302057,train,1.53483975,0.000568715450462,0.23956090,422642.31,13073.10
4806,157483008,322.359018,train,1.50236535,0.000568569319381,0.24576271,442195.37,13073.10
4807,157515776,322.416491,train,1.44393635,0.000568423186338,0.23917277,456841.45,13073.10
4808,157548544,322.473829,train,1.47348309,0.00056827705135,0.23490307,468592.07,13073.10
4809,157581312,322.531434,train,1.52454960,0.00056813091443,0.25297758,477951.12,13073.10
4810,157614080,322.588308,train,1.51134634,0.000567984775596,0.24402940,486238.38,13073.10
4811,157646848,322.645706,train,1.51346517,0.000567838634861,0.23654306,492882.42,13073.10
4812,157679616,322.702834,train,1.50207472,0.000567692492242,0.24175665,498730.64,13073.10
4813,157712384,322.760585,train,1.48607326,0.000567546347755,0.23100239,503417.11,13073.10
4814,157745152,322.817684,train,1.42932987,0.000567400201413,0.23135898,507871.38,13073.10
4815,157777920,322.874665,train,1.48781633,0.000567254053234,0.23980305,511858.84,13073.10
4816,157810688,322.931644,train,1.54817486,0.000567107903232,0.24614331,515400.58,13073.10
4817,157843456,322.988892,train,1.51703000,0.000566961751423,0.24809524,518437.01,13073.10
4818,157876224,323.045051,train,1.48152888,0.000566815597822,0.24140842,521667.81,13073.10
4819,157908992,323.101932,train,1.52999651,0.000566669442445,0.25529405,524273.90,13073.10
4820,157941760,323.159148,train,1.53563428,0.000566523285307,0.24430138,526500.31,13073.10
4821,157974528,323.216451,train,1.53250206,0.000566377126424,0.26448190,528495.31,13073.10
4822,158007296,323.273345,train,1.53458560,0.00056623096581,0.24084985,530482.05,13073.10
4823,158040064,323.330007,train,1.47884095,0.000566084803482,0.25771651,532396.63,13073.10
4824,158072832,323.387311,train,1.50743210,0.000565938639455,0.26324487,533930.35,13073.10
4825,158105600,323.444356,train,1.53631926,0.000565792473744,0.24605703,535440.08,13073.10
4826,158138368,323.501647,train,1.50053561,0.000565646306365,0.25181267,536758.34,13073.10
4827,158171136,323.558892,train,1.51437056,0.000565500137334,0.24226911,537999.38,13073.10
4828,158203904,323.615802,train,1.51882195,0.000565353966664,0.25044227,539263.61,13073.10
4829,158236672,323.672271,train,1.51732147,0.000565207794373,0.24324961,540581.10,13073.10
4830,158269440,323.729030,train,1.55031979,0.000565061620476,0.25726619,541730.32,13073.10
4831,158302208,323.785540,train,1.48818946,0.000564915444987,0.25376946,542882.04,13073.10
4832,158334976,323.842611,train,1.49974203,0.000564769267923,0.25885522,543807.86,13073.10
4833,158367744,323.899899,train,1.54412603,0.000564623089299,0.24897754,544620.78,13073.10
4834,158400512,323.956756,train,1.47873139,0.00056447690913,0.24085703,545503.39,13073.10
4835,158433280,324.014612,train,1.48711932,0.000564330727431,0.25236723,546078.30,13073.10
4836,158466048,324.071570,train,1.55158269,0.000564184544219,0.24483915,546849.89,13073.10
4837,158498816,324.128692,train,1.49040461,0.000564038359509,0.25015858,547541.27,13073.10
4838,158531584,324.185384,train,1.49691248,0.000563892173316,0.24141489,548301.58,13073.10
4839,158564352,324.242488,train,1.53341365,0.000563745985655,0.24837261,548927.73,13073.10
4840,158597120,324.299576,train,1.53367531,0.000563599796542,0.24892843,549527.55,13073.10
4841,158629888,324.356453,train,1.46074843,0.000563453605992,0.24166326,550147.02,13073.10
4842,158662656,324.413276,train,1.51497555,0.000563307414021,0.24015971,550750.11,13073.10
4843,158695424,324.470539,train,1.55155599,0.000563161220645,0.24518505,551231.49,13073.10
4844,158728192,324.527145,train,1.51047730,0.000563015025878,0.24326468,551830.48,13073.10
4845,158760960,324.584424,train,1.51512623,0.000562868829737,0.24508224,552264.64,13073.10
4846,158793728,324.641409,train,1.46952748,0.000562722632236,0.24009417,552740.43,13073.10
4847,158826496,324.698630,train,1.47181916,0.000562576433391,0.23416966,553149.72,13073.10
4848,158859264,324.755260,train,1.53484035,0.000562430233217,0.25000173,553657.73,13073.10
4849,158892032,324.811659,train,1.50230575,0.000562284031731,0.25062758,554189.99,13073.10
4850,158924800,324.868612,train,1.49028087,0.000562137828947,0.24203697,554598.08,13073.10
4851,158957568,324.925624,train,1.49834764,0.000561991624881,0.23989344,554979.65,13073.10
4852,158990336,324.982677,train,1.52839375,0.000561845419548,0.24480160,555339.78,13073.10
4853,159023104,325.040525,train,1.49229181,0.000561699212963,0.24029011,555545.40,13073.10
4854,159055872,325.097601,train,1.45484436,0.000561553005143,0.23830773,555878.17,13073.10
4855,159088640,325.154643,train,1.48731375,0.000561406796103,0.25050718,556205.25,13073.10
4856,159121408,325.211745,train,1.50444007,0.000561260585857,0.24563955,556510.85,13073.10
4857,159154176,325.268990,train,1.50170124,0.000561114374422,0.25094298,556782.26,13073.10
4858,159186944,325.326125,train,1.51310515,0.000560968161813,0.24517651,557062.46,13073.10
4859,159219712,325.383113,train,1.50227129,0.000560821948045,0.26085109,557357.26,13073.10
4860,159252480,325.440493,train,1.55298674,0.000560675733135,0.24687758,557580.35,13073.10
4861,159285248,325.497860,train,1.50260174,0.000560529517096,0.24861041,557798.40,13073.10
4862,159318016,325.554411,train,1.49150765,0.000560383299945,0.25189337,558134.57,13073.10
4863,159350784,325.611346,train,1.52349508,0.000560237081698,0.25451204,558402.51,13073.10
4864,159383552,325.667754,train,1.49805617,0.000560090862368,0.24524292,558740.78,13073.10
4865,159416320,325.725241,train,1.53367853,0.000559944641973,0.25378141,558910.81,13073.10
4866,159449088,325.782558,train,1.50696242,0.000559798420528,0.23897338,559100.26,13073.10
4867,159481856,325.839666,train,1.50525236,0.000559652198047,0.23799744,559313.94,13073.10
4868,159514624,325.896399,train,1.49979234,0.000559505974547,0.24148054,559574.16,13073.10
4869,159547392,325.953602,train,1.54179668,0.000559359750043,0.24202558,559762.17,13073.10
4870,159580160,326.010696,train,1.48758972,0.00055921352455,0.24174140,559959.59,13073.10
4871,159612928,326.067835,train,1.52042246,0.000559067298084,0.24941610,560145.54,13073.10
4872,159645696,326.124692,train,1.47193360,0.000558921070659,0.24303122,560363.94,13073.10
4873,159678464,326.180952,train,1.46089196,0.000558774842293,0.24890517,560655.05,13073.10
4874,159711232,326.237878,train,1.54397964,0.000558628612999,0.24127030,560852.22,13073.10
4875,159744000,326.295084,train,1.53178990,0.000558482382795,0.24285565,561008.34,13073.10
4876,159776768,326.351869,train,1.57164168,0.000558336151694,0.24979134,561213.64,13073.10
4877,159809536,326.408715,train,1.52804255,0.000558189919712,0.24140193,561406.10,13073.10
4878,159842304,326.465757,train,1.53607869,0.000558043686865,0.25245136,561569.72,13073.10
4879,159875072,326.522745,train,1.50050354,0.000557897453169,0.24632628,561735.80,13073.10
4880,159907840,326.579462,train,1.50517511,0.000557751218638,0.23992527,561930.38,13073.10
4881,159940608,326.636506,train,1.52688193,0.000557604983289,0.25084093,562081.49,13073.10
4882,159973376,326.693787,train,1.47631431,0.000557458747136,0.25759402,562200.98,13073.10
4883,160006144,326.751086,train,1.55830038,0.000557312510196,0.24833928,562315.70,13073.10
4884,160038912,326.808365,train,1.51131225,0.000557166272483,0.23425299,562429.87,13073.10
4885,160071680,326.865263,train,1.55371284,0.000557020034012,0.25147450,562584.77,13073.10
4886,160104448,326.922438,train,1.48724937,0.000556873794801,0.24424557,562705.08,13073.10
4887,160137216,326.979185,train,1.48678708,0.000556727554863,0.24704826,562870.14,13073.10
4888,160169984,327.035852,train,1.50938654,0.000556581314215,0.24645601,563040.36,13073.10
4889,160202752,327.093830,train,1.58396614,0.000556435072871,0.24820173,563064.30,13073.10
4890,160235520,327.150910,train,1.52214706,0.000556288830847,0.24972352,563184.35,13073.10
4891,160268288,327.208296,train,1.51539087,0.00055614258816,0.24607593,563269.14,13073.10
4892,160301056,327.265245,train,1.50234962,0.000555996344823,0.24512811,563398.11,13073.10
4893,160333824,327.321637,train,1.49210584,0.000555850100853,0.24192066,563582.44,13073.10
4894,160366592,327.379398,train,1.50523806,0.000555703856265,0.24375923,563621.78,13073.10
4895,160399360,327.435923,train,1.49164987,0.000555557611075,0.24191107,563786.51,13073.10
4896,160432128,327.493125,train,1.44869065,0.000555411365297,0.23342003,563879.38,13073.10
4897,160464896,327.550525,train,1.51511431,0.000555265118948,0.24685234,563950.54,13073.10
4898,160497664,327.607377,train,1.52032614,0.000555118872042,0.24262777,564074.69,13073.10
4899,160530432,327.664509,train,1.54609859,0.000554972624596,0.24621516,564168.79,13073.10
4900,160563200,327.721453,train,1.45578551,0.000554826376625,0.23693034,564279.38,13073.10
4900,160563200,328.060163,valid,1.50964223,0.000554826376625,,564279.38,13073.10
4901,160595968,328.229609,train,1.49332356,0.000554680128143,0.23730792,195096.27,13073.10
4902,160628736,328.287367,train,1.49597287,0.000554533879168,0.25256419,290347.10,13073.10
4903,160661504,328.345101,train,1.50285375,0.000554387629713,0.23975019,346812.80,13073.10
4904,160694272,328.402167,train,1.50014091,0.000554241379795,0.24797523,384922.23,13073.10
4905,160727040,328.459112,train,1.52283776,0.000554095129429,0.23998226,412216.75,13073.10
4906,160759808,328.516069,train,1.50028288,0.00055394887863,0.24007426,432659.35,13073.10
4907,160792576,328.573859,train,1.46707070,0.000553802627415,0.24287125,447817.54,13073.10
4908,160825344,328.631419,train,1.44473433,0.000553656375797,0.24304256,460088.75,13073.10
4909,160858112,328.688725,train,1.53282356,0.000553510123793,0.25070038,470298.98,13073.10
4910,160890880,328.746234,train,1.48960614,0.000553363871419,0.24798404,478656.33,13073.10
4911,160923648,328.803022,train,1.47927308,0.000553217618689,0.24301356,486191.19,13073.10
4912,160956416,328.860609,train,1.52311563,0.000553071365619,0.26059142,492161.35,13073.10
4913,160989184,328.918522,train,1.55736613,0.000552925112225,0.25707185,497139.08,13073.10
4914,161021952,328.975623,train,1.54453075,0.000552778858522,0.25380024,501932.16,13073.10
4915,161054720,329.032519,train,1.54991627,0.000552632604525,0.26099753,506268.78,13073.10
4916,161087488,329.089707,train,1.46746063,0.00055248635025,0.23335926,509979.66,13073.10
4917,161120256,329.147255,train,1.51043808,0.000552340095713,0.24324973,513130.21,13073.10
4918,161153024,329.204129,train,1.49553919,0.000552193840928,0.24919926,516267.43,13073.10
4919,161185792,329.260898,train,1.50026727,0.000552047585912,0.25291091,519152.24,13073.10
4920,161218560,329.317638,train,1.53434873,0.000551901330679,0.24422906,521788.88,13073.10
4921,161251328,329.374509,train,1.48831677,0.000551755075245,0.24487229,524145.12,13073.10
4922,161284096,329.431302,train,1.46425605,0.000551608819626,0.23491812,526335.67,13073.10
4923,161316864,329.487881,train,1.51566052,0.000551462563837,0.23958981,528430.89,13073.10
4924,161349632,329.545393,train,1.50445890,0.000551316307894,0.24135397,530032.89,13073.10
4925,161382400,329.602986,train,1.52218497,0.000551170051811,0.24095142,531487.18,13073.10
4926,161415168,329.660126,train,1.47916174,0.000551023795605,0.24509637,532988.06,13073.10
4927,161447936,329.715948,train,1.49412429,0.000550877539291,0.23631939,534811.02,13073.10
4928,161480704,329.772550,train,1.50579834,0.000550731282884,0.24476509,536270.05,13073.10
4929,161513472,329.829442,train,1.52852786,0.0005505850264,0.23826639,537547.73,13073.10
4930,161546240,329.886609,train,1.58134079,0.000550438769854,0.24804348,538664.47,13073.10
4931,161579008,329.943921,train,1.51758027,0.000550292513262,0.24471678,539671.78,13073.10
4932,161611776,330.000837,train,1.53050077,0.000550146256639,0.23690073,540730.07,13073.10
4933,161644544,330.057730,train,1.49954808,0.00055,0.23573948,541734.17,13073.10
4934,161677312,330.114519,train,1.51446676,0.000549853743361,0.23753111,542710.09,13073.10
4935,161710080,330.171142,train,1.50559092,0.000549707486738,0.24363518,543676.19,13073.10
4936,161742848,330.228418,train,1.51849437,0.000549561230146,0.24201204,544427.78,13073.10
4937,161775616,330.285503,train,1.50833452,0.0005494149736,0.23882660,545187.38,13073.10
4938,161808384,330.342606,train,1.58480525,0.000549268717116,0.24618828,545904.70,13073.10
4939,161841152,330.400167,train,1.49057841,0.000549122460709,0.23723662,546479.87,13073.10
4940,161873920,330.457287,train,1.48619556,0.000548976204395,0.24057719,547128.20,13073.10
4941,161906688,330.514361,train,1.46570611,0.000548829948189,0.23334131,547756.57,13073.10
4942,161939456,330.571790,train,1.54309785,0.000548683692106,0.23736231,548278.82,13073.10
4943,161972224,330.629577,train,1.51737380,0.000548537436163,0.23694076,548701.18,13073.10
4944,162004992,330.686702,train,1.52240443,0.000548391180374,0.24183129,549243.47,13073.10
4945,162037760,330.743768,train,1.48475718,0.000548244924755,0.23702770,549774.81,13073.10
4946,162070528,330.800506,train,1.49170899,0.000548098669321,0.24674621,550349.71,13073.10
4947,162103296,330.857905,train,1.58574629,0.000547952414088,0.23793909,550771.10,13073.10
4948,162136064,330.915308,train,1.48273361,0.000547806159072,0.23637095,551174.88,13073.10
4949,162168832,330.972989,train,1.49184346,0.000547659904287,0.27067786,551509.94,13073.10
4950,162201600,331.030246,train,1.51538587,0.00054751364975,0.24034184,551910.89,13073.10
4951,162234368,331.087477,train,1.59150982,0.000547367395475,0.26212472,552301.36,13073.10
4952,162267136,331.144612,train,1.50894117,0.000547221141478,0.24101876,552694.52,13073.10
4953,162299904,331.201468,train,1.52370977,0.000547074887775,0.25015867,553122.63,13073.10
4954,162332672,331.258412,train,1.52498615,0.000546928634381,0.23223369,553520.33,13073.10
4955,162365440,331.314944,train,1.58147025,0.000546782381311,0.24230397,553974.15,13073.10
4956,162398208,331.372553,train,1.53014910,0.000546636128581,0.24291630,554232.05,13073.10
4957,162430976,331.429952,train,1.49007583,0.000546489876207,0.25165007,554515.65,13073.10
4958,162463744,331.487132,train,1.45004165,0.000546343624203,0.23534642,554825.41,13073.10
4959,162496512,331.544401,train,1.53606415,0.000546197372585,0.24202152,555110.70,13073.10
4960,162529280,331.601694,train,1.54109097,0.00054605112137,0.24930905,555383.09,13073.10
4961,162562048,331.659325,train,1.49909079,0.000545904870571,0.24911352,555594.56,13073.10
4962,162594816,331.716365,train,1.50906694,0.000545758620205,0.26114529,555889.30,13073.10
4963,162627584,331.773712,train,1.46943784,0.000545612370287,0.25856873,556128.83,13073.10
4964,162660352,331.830356,train,1.54247987,0.000545466120832,0.24616483,556464.86,13073.10
4965,162693120,331.887086,train,1.51935673,0.000545319871857,0.25903502,556778.44,13073.10
4966,162725888,331.943346,train,1.49532449,0.000545173623375,0.24488920,557150.50,13073.10
4967,162758656,331.999885,train,1.48129725,0.000545027375404,0.24496552,557472.26,13073.10
4968,162791424,332.056583,train,1.48927021,0.000544881127958,0.24735862,557762.72,13073.10
4969,162824192,332.113756,train,1.49048340,0.000544734881052,0.25982353,557979.65,13073.10
4970,162856960,332.170942,train,1.49013269,0.000544588634703,0.24159452,558188.73,13073.10
4971,162889728,332.228250,train,1.54943132,0.000544442388925,0.24834006,558375.86,13073.10
4972,162922496,332.285790,train,1.46365333,0.000544296143735,0.24580655,558527.08,13073.10
4973,162955264,332.342975,train,1.50737500,0.000544149899147,0.24146512,558720.56,13073.10
4974,162988032,332.400580,train,1.44783247,0.000544003655177,0.24403121,558854.89,13073.10
4975,163020800,332.457750,train,1.50675857,0.00054385741184,0.24620961,559041.10,13073.10
4976,163053568,332.515072,train,1.57201600,0.000543711169153,0.24285389,559203.32,13073.10
4977,163086336,332.572245,train,1.57713389,0.000543564927129,0.24696791,559380.00,13073.10
4978,163119104,332.629712,train,1.51865005,0.000543418685785,0.24334034,559516.18,13073.10
4979,163151872,332.687378,train,1.53020298,0.000543272445137,0.24217719,559624.94,13073.10
4980,163184640,332.744463,train,1.52502608,0.000543126205199,0.23927473,559800.32,13073.10
4981,163217408,332.801930,train,1.49586487,0.000542979965988,0.24813707,559926.61,13073.10
4982,163250176,332.858801,train,1.51951337,0.000542833727517,0.24752960,560119.21,13073.10
4983,163282944,332.916864,train,1.48295021,0.000542687489804,0.25657067,560169.93,13073.10
4984,163315712,332.974882,train,1.49831414,0.000542541252864,0.25500888,560224.38,13073.10
4985,163348480,333.032104,train,1.54021990,0.000542395016711,0.25034833,560367.48,13073.10
4986,163381248,333.089463,train,1.48219872,0.000542248781362,0.24715592,560491.96,13073.10
4987,163414016,333.147102,train,1.55338311,0.000542102546831,0.24432695,560582.74,13073.10
4988,163446784,333.204987,train,1.45883834,0.000541956313135,0.24613604,560644.61,13073.10
4989,163479552,333.262326,train,1.49989820,0.000541810080288,0.24366313,560764.17,13073.10
4990,163512320,333.319468,train,1.49373078,0.000541663848306,0.24724187,560902.03,13073.10
4991,163545088,333.377227,train,1.45304263,0.000541517617205,0.23748736,560971.75,13073.10
4992,163577856,333.435198,train,1.53609848,0.000541371387001,0.24777375,561017.94,13073.10
4993,163610624,333.491856,train,1.50576043,0.000541225157707,0.24580944,561198.71,13073.10
4994,163643392,333.548801,train,1.48786783,0.000541078929341,0.26168600,561346.39,13073.10
4995,163676160,333.605750,train,1.57330787,0.000540932701916,0.25795555,561490.69,13073.10
4996,163708928,333.662693,train,1.51064622,0.00054078647545,0.25324056,561632.69,13073.10
4997,163741696,333.721209,train,1.48713338,0.000540640249957,0.24870393,561615.55,13073.10
4998,163774464,333.778544,train,1.55670369,0.000540494025453,0.24956699,561714.91,13073.10
4999,163807232,333.835953,train,1.48912549,0.000540347801953,0.24819811,561805.09,13073.10
5000,163840000,333.892817,train,1.50922108,0.000540201579472,0.24618794,561945.99,13073.10
5000,163840000,334.229494,valid,1.50792407,0.000540201579472,,561945.99,13073.10
5001,163872768,338.697824,train,1.51367152,0.000540055358027,0.25992832,7335.42,13073.10
5002,163905536,338.755154,train,1.57105839,0.000539909137632,0.25283751,14484.94,13073.10
5003,163938304,338.814792,train,1.52746654,0.000539762918302,0.24890742,21444.74,13073.10
5004,163971072,338.872185,train,1.51240969,0.000539616700055,0.24401014,28239.43,13073.10
5005,164003840,338.929869,train,1.51194310,0.000539470482904,0.24855913,34865.97,13073.10
5006,164036608,338.987858,train,1.53803408,0.000539324266865,0.25275758,41329.15,13073.10
5007,164069376,339.045222,train,1.53480220,0.000539178051955,0.25095010,47642.84,13073.10
5008,164102144,339.101944,train,1.48260951,0.000539031838187,0.26321992,53814.94,13073.10
5009,164134912,339.159397,train,1.49330175,0.000538885625578,0.25058573,59836.07,13073.10
5010,164167680,339.217038,train,1.49318600,0.000538739414143,0.26251268,65715.98,13073.10
5011,164200448,339.274163,train,1.54863930,0.000538593203897,0.25114349,71468.80,13073.10
5012,164233216,339.331820,train,1.47231090,0.000538446994857,0.23941894,77084.72,13073.10
5013,164265984,339.389379,train,1.49663973,0.000538300787037,0.24324626,82576.68,13073.10
5014,164298752,339.446153,train,1.53031385,0.000538154580452,0.24877204,87960.67,13073.10
5015,164331520,339.504387,train,1.47265005,0.000538008375119,0.24874327,93202.90,13073.10
5016,164364288,339.561405,train,1.52647603,0.000537862171053,0.24816556,98353.05,13073.10
5017,164397056,339.618656,train,1.44738388,0.000537715968269,0.25797492,103389.73,13073.10
5018,164429824,339.674916,train,1.48084962,0.000537569766783,0.23929554,108340.19,13073.10
5019,164462592,339.732320,train,1.49110889,0.000537423566609,0.26082888,113165.85,13073.10
5020,164495360,339.789342,train,1.51012373,0.000537277367764,0.24128355,117899.96,13073.10
5021,164528128,339.846563,train,1.50674224,0.000537131170263,0.23782533,122533.60,13073.10
5022,164560896,339.904041,train,1.53973389,0.000536984974122,0.24942508,127067.98,13073.10
5023,164593664,339.960956,train,1.49536431,0.000536838779355,0.24737842,131524.35,13073.10
5024,164626432,340.018196,train,1.51760256,0.000536692585979,0.23433733,135885.42,13073.10
5025,164659200,340.075404,train,1.43755805,0.000536546394008,0.25155848,140161.84,13073.10
5026,164691968,340.132915,train,1.49498451,0.000536400203458,0.24204721,144347.93,13073.10
5027,164724736,340.190074,train,1.55080986,0.000536254014345,0.24559164,148462.01,13073.10
5028,164757504,340.247842,train,1.48388076,0.000536107826684,0.24607179,152482.50,13073.10
5029,164790272,340.305139,train,1.51134181,0.000535961640491,0.25544021,156438.62,13073.10
5030,164823040,340.362169,train,1.47066545,0.000535815455781,0.24604127,160327.82,13073.10
5031,164855808,340.419310,train,1.51885366,0.000535669272569,0.24922639,164142.37,13073.10
5032,164888576,340.477287,train,1.49896336,0.00053552309087,0.25683874,167864.68,13073.10
5033,164921344,340.535282,train,1.49549341,0.000535376910701,0.24236359,171518.01,13073.10
5034,164954112,340.592385,train,1.49032760,0.000535230732077,0.23891301,175129.30,13073.10
5035,164986880,340.649812,train,1.51448262,0.000535084555013,0.24815595,178667.33,13073.10
5036,165019648,340.707711,train,1.51509404,0.000534938379524,0.24506336,182129.34,13073.10
5037,165052416,340.765193,train,1.50705647,0.000534792205627,0.25031316,185541.83,13073.10
5038,165085184,340.822194,train,1.48003054,0.000534646033336,0.23617612,188908.61,13073.10
5039,165117952,340.879267,train,1.49219608,0.000534499862666,0.24471708,192215.58,13073.10
5040,165150720,340.936425,train,1.49399304,0.000534353693635,0.25371906,195463.74,13073.10
5041,165183488,340.993950,train,1.51543164,0.000534207526256,0.25258145,198646.26,13073.10
5042,165216256,341.051123,train,1.49475121,0.000534061360545,0.23791803,201785.49,13073.10
5043,165249024,341.108217,train,1.52174139,0.000533915196518,0.25801167,204874.86,13073.10
5044,165281792,341.166075,train,1.53551888,0.00053376903419,0.24529901,207890.51,13073.10
5045,165314560,341.223661,train,1.54229689,0.000533622873576,0.24261202,210864.42,13073.10
5046,165347328,341.280851,train,1.54090452,0.000533476714693,0.25195751,213801.76,13073.10
5047,165380096,341.338234,train,1.53827024,0.000533330557555,0.24473740,216685.95,13073.10
5048,165412864,341.395821,train,1.46716380,0.000533184402178,0.23270659,219517.70,13073.10
5049,165445632,341.452824,train,1.50684237,0.000533038248577,0.26225629,222322.28,13073.10
5050,165478400,341.509880,train,1.51280332,0.000532892096768,0.24698405,225081.28,13073.10
5051,165511168,341.568065,train,1.51496840,0.000532745946766,0.23730128,227762.30,13073.10
5052,165543936,341.625160,train,1.47176194,0.000532599798587,0.25846121,230435.12,13073.10
5053,165576704,341.682597,train,1.50040030,0.000532453652245,0.23401050,233056.27,13073.10
5054,165609472,341.739656,train,1.51098120,0.000532307507758,0.24149479,235649.16,13073.10
5055,165642240,341.797228,train,1.52303910,0.000532161365139,0.24322848,238186.86,13073.10
5056,165675008,341.854579,train,1.51028085,0.000532015224404,0.25287649,240693.16,13073.10
5057,165707776,341.911819,train,1.53266728,0.00053186908557,0.24836278,243165.57,13073.10
5058,165740544,341.968860,train,1.51859200,0.00053172294865,0.24563816,245607.69,13073.10
5059,165773312,342.025870,train,1.48406076,0.000531576813662,0.23365308,248015.08,13073.10
5060,165806080,342.082712,train,1.48305178,0.000531430680619,0.24648109,250392.87,13073.10
5061,165838848,342.139502,train,1.55616713,0.000531284549538,0.24157397,252738.15,13073.10
5062,165871616,342.196629,train,1.49070835,0.000531138420434,0.24335855,255039.16,13073.10
5063,165904384,342.254246,train,1.50452185,0.000530992293323,0.24231079,257291.71,13073.10
5064,165937152,342.311489,train,1.48229527,0.000530846168219,0.24572621,259524.17,13073.10
5065,165969920,342.368970,train,1.53182065,0.000530700045139,0.25152254,261717.57,13073.10
5066,166002688,342.425962,train,1.55773473,0.000530553924097,0.24983691,263895.95,13073.10
5067,166035456,342.483320,train,1.52255344,0.00053040780511,0.25444448,266032.40,13073.10
5068,166068224,342.540941,train,1.49946702,0.000530261688192,0.24215375,268130.92,13073.10
5069,166100992,342.598884,train,1.50601339,0.000530115573359,0.22994082,270190.11,13073.10
5070,166133760,342.656149,train,1.52456892,0.000529969460627,0.24368696,272242.89,13073.10
5071,166166528,342.713539,train,1.55843639,0.00052982335001,0.25017786,274263.92,13073.10
5072,166199296,342.771475,train,1.47032738,0.000529677241525,0.24409311,276240.10,13073.10
5073,166232064,342.829097,train,1.49533403,0.000529531135187,0.23823670,278199.83,13073.10
5074,166264832,342.886355,train,1.49033201,0.000529385031011,0.24216186,280145.28,13073.10
5075,166297600,342.943405,train,1.48807883,0.000529238929013,0.23896034,282071.86,13073.10
5076,166330368,343.000562,train,1.54908848,0.000529092829208,0.24810976,283969.91,13073.10
5077,166363136,343.057067,train,1.51563859,0.000528946731611,0.24120092,285864.51,13073.10
5078,166395904,343.114479,train,1.50852501,0.000528800636238,0.24117991,287705.60,13073.10
5079,166428672,343.172371,train,1.46096253,0.000528654543105,0.24078010,289507.53,13073.10
5080,166461440,343.229967,train,1.49744940,0.000528508452226,0.25600544,291295.85,13073.10
5081,166494208,343.287228,train,1.54057050,0.000528362363618,0.25074613,293072.28,13073.10
5082,166526976,343.344721,train,1.49232221,0.000528216277295,0.23845339,294818.86,13073.10
5083,166559744,343.402207,train,1.51555145,0.000528070193273,0.24612899,296543.79,13073.10
5084,166592512,343.459582,train,1.50210047,0.000527924111568,0.24456504,298250.82,13073.10
5085,166625280,343.517037,train,1.49903822,0.000527778032195,0.24227861,299934.13,13073.10
5086,166658048,343.574246,train,1.52057815,0.00052763195517,0.24314682,301604.71,13073.10
5087,166690816,343.631939,train,1.55379343,0.000527485880507,0.25469840,303239.33,13073.10
5088,166723584,343.689042,train,1.48895729,0.000527339808223,0.24353340,304873.05,13073.10
5089,166756352,343.745727,train,1.50410497,0.000527193738332,0.24520166,306500.63,13073.10
5090,166789120,343.802710,train,1.48479462,0.00052704767085,0.24462476,308099.32,13073.10
5091,166821888,343.859977,train,1.50176263,0.000526901605793,0.23642658,309669.97,13073.10
5092,166854656,343.917276,train,1.50472379,0.000526755543176,0.24340127,311220.99,13073.10
5093,166887424,343.974515,train,1.49984241,0.000526609483014,0.24555254,312755.73,13073.10
5094,166920192,344.032064,train,1.48786354,0.000526463425323,0.24604687,314262.59,13073.10
5095,166952960,344.087502,train,1.50171745,0.000526317370119,0.26130360,315819.47,13073.10
5096,166985728,344.144567,train,1.51228011,0.000526171317416,0.24351177,317306.83,13073.10
5097,167018496,344.201688,train,1.46920836,0.00052602526723,0.24146023,318775.42,13073.10
5098,167051264,344.258665,train,1.50686121,0.000525879219577,0.25044164,320231.88,13073.10
5099,167084032,344.315438,train,1.52523923,0.000525733174472,0.23938720,321678.37,13073.10
5100,167116800,344.372360,train,1.48693752,0.00052558713193,0.25166172,323103.94,13073.10
5100,167116800,344.709353,valid,1.50269364,0.00052558713193,,323103.94,13073.10
5101,167149568,344.857558,train,1.50504708,0.000525441091967,0.25123912,223020.56,13073.10
5102,167182336,344.915497,train,1.52940762,0.000525295054598,0.24080223,319896.02,13073.10
5103,167215104,344.973150,train,1.49740243,0.000525149019839,0.25586534,374462.79,13073.10
5104,167247872,345.030521,train,1.52616978,0.000525002987706,0.25593445,409740.27,13073.10
5105,167280640,345.088292,train,1.50231242,0.000524856958212,0.23879619,433827.37,13073.10
5106,167313408,345.145231,train,1.55639756,0.000524710931375,0.25634408,452388.00,13073.10
5107,167346176,345.201784,train,1.47418857,0.000524564907209,0.25483188,467014.82,13073.10
5108,167378944,345.258782,train,1.45839190,0.00052441888573,0.24508466,478232.69,13073.10
5109,167411712,345.315554,train,1.48644114,0.000524272866953,0.25650910,487519.92,13073.10
5110,167444480,345.372787,train,1.49378467,0.000524126850894,0.24415390,494868.19,13073.10
5111,167477248,345.429798,train,1.48053885,0.000523980837568,0.25600469,501201.78,13073.10
5112,167510016,345.486722,train,1.48575461,0.00052383482699,0.25023904,506661.89,13073.10
5113,167542784,345.543482,train,1.53745198,0.000523688819177,0.24704345,511476.71,13073.10
5114,167575552,345.600724,train,1.54130268,0.000523542814142,0.24840599,515397.64,13073.10
5115,167608320,345.657102,train,1.52117717,0.000523396811903,0.23947290,519318.60,13073.10
5116,167641088,345.713965,train,1.55322635,0.000523250812474,0.24708465,522545.88,13073.10
5117,167673856,345.770602,train,1.49272203,0.00052310481587,0.24188684,525538.82,13073.10
5118,167706624,345.827527,train,1.40999460,0.000522958822108,0.25485501,528091.99,13073.10
5119,167739392,345.885052,train,1.52261472,0.000522812831202,0.24006218,530126.83,13073.10
5120,167772160,345.942434,train,1.46519721,0.000522666843168,0.23994946,532033.15,13073.10
5121,167804928,345.999418,train,1.53510618,0.000522520858021,0.25384560,533934.58,13073.10
5122,167837696,346.056393,train,1.53040314,0.000522374875777,0.24212879,535678.43,13073.10
5123,167870464,346.114183,train,1.49139285,0.000522228896451,0.24384637,536968.87,13073.10
5124,167903232,346.171496,train,1.45505488,0.000522082920059,0.24600178,538332.96,13073.10
5125,167936000,346.228873,train,1.51332033,0.000521936946615,0.25102153,539571.26,13073.10
5126,167968768,346.286496,train,1.52839470,0.000521790976136,0.24558935,540635.28,13073.10
5127,168001536,346.343476,train,1.46230984,0.000521645008637,0.24705781,541837.15,13073.10
5128,168034304,346.400767,train,1.50442779,0.000521499044134,0.24290445,542857.97,13073.10
5129,168067072,346.458054,train,1.56638122,0.000521353082641,0.25962391,543813.36,13073.10
5130,168099840,346.515292,train,1.46888459,0.000521207124174,0.23616113,544722.59,13073.10
5131,168132608,346.572235,train,1.45656490,0.000521061168748,0.23928481,545662.78,13073.10
5132,168165376,346.628889,train,1.55843687,0.00052091521638,0.25123799,546629.18,13073.10
5133,168198144,346.686163,train,1.52220023,0.000520769267084,0.24081048,547368.37,13073.10
5134,168230912,346.742786,train,1.49015415,0.000520623320875,0.25741607,548241.68,13073.10
5135,168263680,346.799757,train,1.45755541,0.00052047737777,0.24133825,548975.89,13073.10
5136,168296448,346.856760,train,1.48026776,0.000520331437784,0.24420898,549663.05,13073.10
5137,168329216,346.914193,train,1.52596498,0.000520185500931,0.24828881,550207.42,13073.10
5138,168361984,346.971482,train,1.50084186,0.000520039567228,0.24817209,550759.07,13073.10
5139,168394752,347.028813,train,1.51446772,0.00051989363669,0.24713899,551273.18,13073.10
5140,168427520,347.085589,train,1.45395160,0.000519747709332,0.24035865,551891.87,13073.10
5141,168460288,347.143574,train,1.50095844,0.00051960178517,0.24767777,552206.92,13073.10
5142,168493056,347.200938,train,1.49230301,0.000519455864219,0.24019234,552645.04,13073.10
5143,168525824,347.257631,train,1.46879590,0.000519309946494,0.24556023,553209.15,13073.10
5144,168558592,347.315293,train,1.43390799,0.000519164032011,0.24535587,553542.75,13073.10
5145,168591360,347.372021,train,1.46532035,0.000519018120786,0.25129798,554056.19,13073.10
5146,168624128,347.428778,train,1.48536181,0.000518872212833,0.24830316,554542.43,13073.10
5147,168656896,347.485841,train,1.50811863,0.000518726308169,0.24717961,554947.40,13073.10
5148,168689664,347.543238,train,1.47215426,0.000518580406808,0.24223790,555270.77,13073.10
5149,168722432,347.599640,train,1.48868799,0.000518434508766,0.25503150,555772.53,13073.10
5150,168755200,347.657116,train,1.46157777,0.000518288614059,0.23272707,556052.39,13073.10
5151,168787968,347.714279,train,1.48071575,0.000518142722701,0.25079700,556379.40,13073.10
5152,168820736,347.771013,train,1.55413628,0.000517996834709,0.26565376,556772.18,13073.10
5153,168853504,347.827987,train,1.50867939,0.000517850950097,0.24838263,557107.89,13073.10
5154,168886272,347.885403,train,1.47514081,0.000517705068881,0.24465699,557353.83,13073.10
5155,168919040,347.941997,train,1.46002388,0.000517559191077,0.25964573,557733.17,13073.10
5156,168951808,347.999121,train,1.50946069,0.0005174133167,0.26557410,558009.35,13073.10
5157,168984576,348.055672,train,1.53357124,0.000517267445765,0.24207135,558371.60,13073.10
5158,169017344,348.112421,train,1.46427822,0.000517121578287,0.27705455,558689.33,13073.10
5159,169050112,348.170506,train,1.47911620,0.000516975714283,0.25175524,558780.74,13073.10
5160,169082880,348.227091,train,1.54020250,0.000516829853767,0.24430229,559107.69,13073.10
5161,169115648,348.284319,train,1.51512432,0.000516683996755,0.24638294,559323.54,13073.10
5162,169148416,348.341623,train,1.51688683,0.000516538143263,0.25969839,559520.81,13073.10
5163,169181184,348.398591,train,1.52095270,0.000516392293305,0.24604999,559763.03,13073.10
5164,169213952,348.455384,train,1.50116563,0.000516246446897,0.24897046,560024.14,13073.10
5165,169246720,348.512482,train,1.50614333,0.000516100604055,0.25205517,560232.30,13073.10
5166,169279488,348.569926,train,1.48973894,0.000515954764794,0.23788644,560384.08,13073.10
5167,169312256,348.627574,train,1.44342434,0.000515808929129,0.23764165,560502.36,13073.10
5168,169345024,348.685518,train,1.46868396,0.000515663097076,0.24137269,560575.30,13073.10
5169,169377792,348.742490,train,1.47294819,0.00051551726865,0.23577026,560781.51,13073.10
5170,169410560,348.799587,train,1.47789764,0.000515371443867,0.23918948,560964.63,13073.10
5171,169443328,348.856690,train,1.52473450,0.000515225622741,0.25574788,561141.94,13073.10
5172,169476096,348.913536,train,1.54618931,0.000515079805289,0.25122851,561348.80,13073.10
5173,169508864,348.970869,train,1.46025729,0.000514933991526,0.24970464,561486.00,13073.10
5174,169541632,349.027850,train,1.50595772,0.000514788181467,0.24991268,561665.19,13073.10
5175,169574400,349.084430,train,1.51718521,0.000514642375128,0.25672948,561891.37,13073.10
5176,169607168,349.141461,train,1.47298074,0.000514496572523,0.23628309,562054.45,13073.10
5177,169639936,349.199192,train,1.48240101,0.000514350773669,0.24135277,562125.80,13073.10
5178,169672704,349.256242,train,1.51415896,0.000514204978581,0.25322729,562279.49,13073.10
5179,169705472,349.313097,train,1.50259852,0.000514059187274,0.24471688,562453.20,13073.10
5180,169738240,349.370527,train,1.48704040,0.000513913399763,0.24528001,562553.21,13073.10
5181,169771008,349.427637,train,1.50930893,0.000513767616065,0.23798464,562689.07,13073.10
5182,169803776,349.484801,train,1.49447584,0.000513621836194,0.23535116,562815.22,13073.10
5183,169836544,349.541268,train,1.49535620,0.000513476060166,0.25058743,563019.66,13073.10
5184,169869312,349.598632,train,1.46414220,0.000513330287995,0.24717398,563116.05,13073.10
5185,169902080,349.655583,train,1.51274967,0.000513184519699,0.24147987,563257.26,13073.10
5186,169934848,349.712805,train,1.55277753,0.000513038755291,0.25313169,563364.64,13073.10
5187,169967616,349.769665,train,1.54588652,0.000512892994788,0.24344471,563509.86,13073.10
5188,170000384,349.826895,train,1.48052835,0.000512747238205,0.24562936,563611.26,13073.10
5189,170033152,349.883769,train,1.47165418,0.000512601485557,0.24761145,563749.05,13073.10
5190,170065920,349.940882,train,1.51761818,0.000512455736859,0.24152820,563858.17,13073.10
5191,170098688,349.998314,train,1.49984396,0.000512309992127,0.25861272,563930.91,13073.10
5192,170131456,350.054869,train,1.52791548,0.000512164251377,0.24793518,564094.57,13073.10
5193,170164224,350.112247,train,1.47483349,0.000512018514624,0.25199735,564168.94,13073.10
5194,170196992,350.169599,train,1.46886575,0.000511872781882,0.24217334,564244.39,13073.10
5195,170229760,350.227048,train,1.48543167,0.000511727053168,0.25031990,564308.25,13073.10
5196,170262528,350.284517,train,1.46705174,0.000511581328498,0.23984326,564368.93,13073.10
5197,170295296,350.342217,train,1.50738692,0.000511435607885,0.25120816,564405.12,13073.10
5198,170328064,350.399223,train,1.50056374,0.000511289891346,0.24464242,564509.42,13073.10
5199,170360832,350.456334,train,1.49230552,0.000511144178897,0.24041943,564601.35,13073.10
5200,170393600,350.513043,train,1.49276602,0.000510998470552,0.24348450,564730.61,13073.10
5200,170393600,350.850171,valid,1.49848114,0.000510998470552,,564730.61,13073.10
5201,170426368,350.997043,train,1.47470880,0.000510852766326,0.24395528,224997.02,13073.10
5202,170459136,351.054187,train,1.49832189,0.000510707066236,0.25765243,323186.26,13073.10
5203,170491904,351.111638,train,1.51455975,0.000510561370297,0.26234978,377755.84,13073.10
5204,170524672,351.168319,train,1.53833866,0.000510415678524,0.25494611,413590.86,13073.10
5205,170557440,351.225495,train,1.47591472,0.000510269990932,0.24226533,437970.32,13073.10
5206,170590208,351.282751,train,1.52069294,0.000510124307538,0.25812587,455802.69,13073.10
5207,170622976,351.339905,train,1.51792812,0.000509978628355,0.24502507,469552.50,13073.10
5208,170655744,351.396581,train,1.51957977,0.0005098329534,0.24551699,480843.61,13073.10
5209,170688512,351.453595,train,1.52188349,0.000509687282688,0.25228968,489733.12,13073.10
5210,170721280,351.510611,train,1.45373988,0.000509541616235,0.24707723,497083.77,13073.10
5211,170754048,351.567730,train,1.45908260,0.000509395954055,0.24653037,503191.57,13073.10
5212,170786816,351.624608,train,1.50418973,0.000509250296165,0.23866911,508555.59,13073.10
5213,170819584,351.681699,train,1.49207234,0.000509104642579,0.24878548,513052.84,13073.10
5214,170852352,351.739138,train,1.49733448,0.000508958993313,0.24736023,516768.57,13073.10
5215,170885120,351.796325,train,1.50457144,0.000508813348382,0.24423106,520171.38,13073.10
5216,170917888,351.853566,train,1.51636791,0.000508667707803,0.25105038,523158.18,13073.10
5217,170950656,351.910118,train,1.48167753,0.000508522071589,0.24874496,526164.01,13073.10
5218,170983424,351.966989,train,1.48623371,0.000508376439757,0.24964619,528713.74,13073.10
5219,171016192,352.024136,train,1.47471905,0.000508230812321,0.24021713,530891.40,13073.10
5220,171048960,352.081222,train,1.51730323,0.000508085189298,0.25330761,532893.05,13073.10
5221,171081728,352.138501,train,1.57459986,0.000507939570703,0.25997990,534636.62,13073.10
5222,171114496,352.195679,train,1.47007990,0.000507793956551,0.23968758,536272.20,13073.10
5223,171147264,352.252632,train,1.44202065,0.000507648346857,0.26149225,537860.58,13073.10
5224,171180032,352.309713,train,1.47698712,0.000507502741636,0.26109266,539277.50,13073.10
5225,171212800,352.366894,train,1.51610184,0.000507357140905,0.24446678,540552.05,13073.10
5226,171245568,352.423486,train,1.51167846,0.000507211544679,0.24654880,541936.89,13073.10
5227,171278336,352.481093,train,1.44135547,0.000507065952973,0.24802180,542887.17,13073.10
5228,171311104,352.538073,train,1.50626945,0.000506920365801,0.24210802,543974.69,13073.10
5229,171343872,352.595218,train,1.46427608,0.000506774783181,0.24255973,544939.54,13073.10
5230,171376640,352.652350,train,1.55732512,0.000506629205127,0.25216889,545847.23,13073.10
5231,171409408,352.709947,train,1.47097182,0.000506483631654,0.24050607,546562.17,13073.10
5232,171442176,352.766958,train,1.50585496,0.000506338062778,0.25163916,547401.45,13073.10
5233,171474944,352.823836,train,1.51877570,0.000506192498514,0.24958658,548229.42,13073.10
5234,171507712,352.880885,train,1.46100819,0.000506046938878,0.23775114,548964.76,13073.10
5235,171540480,352.938082,train,1.50201464,0.000505901383884,0.24086288,549620.52,13073.10
5236,171573248,352.994918,train,1.47722030,0.000505755833549,0.23892634,550334.29,13073.10
5237,171606016,353.051813,train,1.43871748,0.000505610287888,0.25062072,550996.27,13073.10
5238,171638784,353.108690,train,1.46918654,0.000505464746916,0.24552010,551629.30,13073.10
5239,171671552,353.165814,train,1.45537782,0.000505319210648,0.24654943,552172.31,13073.10
5240,171704320,353.222827,train,1.47743082,0.0005051736791,0.25011852,552715.09,13073.10
5241,171737088,353.279551,train,1.44863772,0.000505028152288,0.24312422,553298.22,13073.10
5242,171769856,353.336501,train,1.49917030,0.000504882630226,0.24629723,553804.24,13073.10
5243,171802624,353.393741,train,1.50005662,0.000504737112929,0.24782202,554224.44,13073.10
5244,171835392,353.450570,train,1.43423772,0.000504591600415,0.25427181,554713.77,13073.10
5245,171868160,353.507352,train,1.48036456,0.000504446092697,0.24881943,555191.99,13073.10
5246,171900928,353.564299,train,1.50817990,0.000504300589791,0.23813781,555616.47,13073.10
5247,171933696,353.621568,train,1.47558951,0.000504155091712,0.25525829,555958.81,13073.10
5248,171966464,353.678277,train,1.50653124,0.000504009598476,0.25413105,556397.61,13073.10
5249,171999232,353.737056,train,1.49962640,0.000503864110099,0.24959567,556419.40,13073.10
5250,172032000,353.794283,train,1.54326129,0.000503718626595,0.25454959,556734.24,13073.10
5251,172064768,353.850922,train,1.53599679,0.000503573147979,0.25834611,557145.94,13073.10
5252,172097536,353.908749,train,1.51961160,0.000503427674269,0.25516284,557325.76,13073.10
5253,172130304,353.965974,train,1.49291658,0.000503282205477,0.23796459,557606.73,13073.10
5254,172163072,354.022906,train,1.51825488,0.000503136741621,0.24933049,557929.12,13073.10
5255,172195840,354.079521,train,1.49200249,0.000502991282715,0.25433949,558294.90,13073.10
5256,172228608,354.136813,train,1.46827221,0.000502845828775,0.24172539,558532.95,13073.10
5257,172261376,354.194509,train,1.49091542,0.000502700379816,0.26218435,558695.33,13073.10
5258,172294144,354.251396,train,1.47817230,0.000502554935854,0.24503702,558985.28,13073.10
5259,172326912,354.308949,train,1.54383075,0.000502409496903,0.24158871,559157.68,13073.10
5260,172359680,354.366483,train,1.50331426,0.00050226406298,0.24267408,559327.79,13073.10
5261,172392448,354.423649,train,1.47236538,0.000502118634099,0.25473636,559549.89,13073.10
5262,172425216,354.481145,train,1.47314072,0.000501973210276,0.23859403,559714.00,13073.10
5263,172457984,354.537819,train,1.54998374,0.000501827791526,0.24563463,559997.99,13073.10
5264,172490752,354.593775,train,1.52194595,0.000501682377865,0.24816394,560380.87,13073.10
5265,172523520,354.650200,train,1.47063482,0.000501536969308,0.25478625,560683.16,13073.10
5266,172556288,354.707465,train,1.41244698,0.000501391565871,0.23665276,560854.59,13073.10
5267,172589056,354.764988,train,1.45406723,0.000501246167568,0.24534917,560983.85,13073.10
5268,172621824,354.822078,train,1.45491648,0.000501100774415,0.23801614,561170.54,13073.10
5269,172654592,354.879034,train,1.52428842,0.000500955386428,0.24914135,561370.67,13073.10
5270,172687360,354.935659,train,1.53130698,0.000500810003621,0.25692964,561610.65,13073.10
5271,172720128,354.992940,train,1.45022619,0.000500664626011,0.24742834,561755.20,13073.10
5272,172752896,355.050072,train,1.53937304,0.000500519253612,0.24933414,561915.63,13073.10
5273,172785664,355.106798,train,1.44950581,0.00050037388644,0.24164282,562125.48,13073.10
5274,172818432,355.163686,train,1.47279382,0.00050022852451,0.23677608,562308.59,13073.10
5275,172851200,355.221763,train,1.48406780,0.000500083167838,0.24527209,562333.91,13073.10
5276,172883968,355.278576,train,1.45735836,0.000499937816439,0.24499652,562519.24,13073.10
5277,172916736,355.335872,train,1.49327743,0.000499792470328,0.24386799,562639.01,13073.10
5278,172949504,355.393157,train,1.46891749,0.000499647129521,0.25490919,562757.37,13073.10
5279,172982272,355.450178,train,1.50364637,0.000499501794032,0.24301054,562905.12,13073.10
5280,173015040,355.507603,train,1.48703551,0.000499356463879,0.24634904,563000.20,13073.10
5281,173047808,355.564610,train,1.49632418,0.000499211139074,0.25600138,563143.00,13073.10
5282,173080576,355.621967,train,1.53086627,0.000499065819635,0.25433856,563241.12,13073.10
5283,173113344,355.679001,train,1.46004319,0.000498920505577,0.24163258,563374.50,13073.10
5284,173146112,355.736014,train,1.49930763,0.000498775196914,0.23974302,563507.25,13073.10
5285,173178880,355.793670,train,1.55820060,0.000498629893662,0.24871953,563563.63,13073.10
5286,173211648,355.850737,train,1.47707295,0.000498484595836,0.25243071,563685.03,13073.10
5287,173244416,355.907460,train,1.50563192,0.000498339303453,0.25185362,563842.08,13073.10
5288,173277184,355.964415,train,1.49949908,0.000498194016526,0.25093836,563970.02,13073.10
5289,173309952,356.021599,train,1.48126960,0.000498048735073,0.23844637,564070.30,13073.10
5290,173342720,356.078747,train,1.52795351,0.000497903459107,0.24613115,564172.18,13073.10
5291,173375488,356.136479,train,1.49784660,0.000497758188644,0.24727754,564209.44,13073.10
5292,173408256,356.193500,train,1.51593637,0.000497612923699,0.24948241,564321.01,13073.10
5293,173441024,356.250559,train,1.44513047,0.000497467664289,0.24828835,564426.35,13073.10
5294,173473792,356.307281,train,1.46499729,0.000497322410428,0.24517724,564564.24,13073.10
5295,173506560,356.364301,train,1.45472217,0.000497177162131,0.24205643,564668.81,13073.10
5296,173539328,356.421763,train,1.44522929,0.000497031919414,0.24073467,564726.50,13073.10
5297,173572096,356.478775,train,1.47496486,0.000496886682293,0.23629494,564828.15,13073.10
5298,173604864,356.536041,train,1.52510834,0.000496741450782,0.25826907,564902.43,13073.10
5299,173637632,356.593354,train,1.46950769,0.000496596224897,0.23798032,564970.61,13073.10
5300,173670400,356.650138,train,1.48403871,0.000496451004654,0.24164294,565089.08,13073.10
5300,173670400,356.987338,valid,1.49570662,0.000496451004654,,565089.08,13073.10
5301,173703168,357.143604,train,1.50321221,0.000496305790067,0.24593571,211890.84,13073.10
5302,173735936,357.200917,train,1.50953841,0.000496160581152,0.25313643,309193.44,13073.10
5303,173768704,357.258868,train,1.47750735,0.000496015377924,0.23871045,364211.56,13073.10
5304,173801472,357.315730,train,1.53463745,0.000495870180399,0.25604627,401112.51,13073.10
5305,173834240,357.372883,train,1.50061393,0.000495724988592,0.24487750,426750.83,13073.10
5306,173867008,357.429757,train,1.49294043,0.000495579802518,0.24648382,446027.95,13073.10
5307,173899776,357.487544,train,1.56060362,0.000495434622193,0.24883968,460054.18,13073.10
5308,173932544,357.544690,train,1.50137258,0.000495289447632,0.24946131,471709.93,13073.10
5309,173965312,357.601951,train,1.55534089,0.00049514427885,0.25510719,481102.39,13073.10
5310,173998080,357.659023,train,1.44151032,0.000494999115863,0.24526991,489027.61,13073.10
5311,174030848,357.717095,train,1.50914979,0.000494853958686,0.26448399,495028.47,13073.10
5312,174063616,357.774214,train,1.48201120,0.000494708807334,0.23927070,500749.67,13073.10
5313,174096384,357.832039,train,1.50063419,0.000494563661823,0.23668438,505270.53,13073.10
5314,174129152,357.889029,train,1.46782982,0.000494418522168,0.26777267,509684.41,13073.10
5315,174161920,357.946635,train,1.56676316,0.000494273388384,0.25631139,513242.19,13073.10
5316,174194688,358.003815,train,1.48404741,0.000494128260487,0.24091852,516613.23,13073.10
5317,174227456,358.060850,train,1.55299675,0.000493983138492,0.24572730,519694.72,13073.10
5318,174260224,358.118214,train,1.47531676,0.000493838022414,0.24575996,522312.38,13073.10
5319,174292992,358.174765,train,1.48177958,0.000493692912268,0.24962901,525036.76,13073.10
5320,174325760,358.232494,train,1.48626637,0.000493547808071,0.24541631,527013.76,13073.10
5321,174358528,358.291285,train,1.50293088,0.000493402709837,0.24582885,528384.02,13073.10
5322,174391296,358.348276,train,1.49092674,0.000493257617582,0.24547705,530336.69,13073.10
5323,174424064,358.405703,train,1.48450232,0.000493112531321,0.24003480,531968.96,13073.10
5324,174456832,358.462584,train,1.44792247,0.000492967451069,0.24800877,533671.77,13073.10
5325,174489600,358.520159,train,1.49939561,0.000492822376841,0.24184544,535005.18,13073.10
5326,174522368,358.577600,train,1.48729300,0.000492677308654,0.25095114,536286.97,13073.10
5327,174555136,358.634732,train,1.44493103,0.000492532246521,0.24755123,537580.75,13073.10
5328,174587904,358.691793,train,1.58593917,0.00049238719046,0.25170639,538809.75,13073.10
5329,174620672,358.749267,train,1.49705684,0.000492242140484,0.24834457,539832.91,13073.10
5330,174653440,358.806949,train,1.50107002,0.000492097096609,0.24389030,540729.07,13073.10
5331,174686208,358.863880,train,1.49257386,0.000491952058852,0.24708624,541786.84,13073.10
5332,174718976,358.921084,train,1.53454947,0.000491807027225,0.24405482,542705.94,13073.10
5333,174751744,358.978392,train,1.51105845,0.000491662001746,0.25734302,543543.77,13073.10
5334,174784512,359.036204,train,1.52592945,0.00049151698243,0.25442642,544200.44,13073.10
5335,174817280,359.093571,train,1.50186646,0.000491371969291,0.24393053,544936.60,13073.10
5336,174850048,359.151226,train,1.49868894,0.000491226962346,0.24416757,545560.71,13073.10
5337,174882816,359.209031,train,1.52027154,0.000491081961609,0.25367782,546115.43,13073.10
5338,174915584,359.266502,train,1.44007158,0.000490936967096,0.24854143,546722.37,13073.10
5339,174948352,359.324850,train,1.46131325,0.000490791978822,0.23892857,547094.14,13073.10
5340,174981120,359.382182,train,1.48304749,0.000490646996802,0.26880392,547679.82,13073.10
5341,175013888,359.439813,train,1.43350649,0.000490502021052,0.24811539,548171.25,13073.10
5342,175046656,359.497211,train,1.54861999,0.000490357051587,0.25681990,548691.07,13073.10
5343,175079424,359.554941,train,1.45899606,0.000490212088423,0.25937420,549116.81,13073.10
5344,175112192,359.612383,train,1.47377551,0.000490067131574,0.24526502,549584.02,13073.10
5345,175144960,359.669924,train,1.52841282,0.000489922181056,0.24120532,550010.81,13073.10
5346,175177728,359.727594,train,1.49048638,0.000489777236884,0.25263330,550394.01,13073.10
5347,175210496,359.785142,train,1.49539864,0.000489632299075,0.25679776,550785.08,13073.10
5348,175243264,359.842839,train,1.45489478,0.000489487367641,0.24073206,551131.63,13073.10
5349,175276032,359.901545,train,1.45875692,0.000489342442601,0.23486695,551273.61,13073.10
5350,175308800,359.958718,train,1.50868285,0.000489197523967,0.25006273,551694.57,13073.10
5351,175341568,360.015777,train,1.48542786,0.000489052611757,0.25636208,552120.27,13073.10
5352,175374336,360.073124,train,1.50820243,0.000488907705985,0.26315361,552478.79,13073.10
5353,175407104,360.130759,train,1.50315094,0.000488762806666,0.24307093,552773.46,13073.10
5354,175439872,360.188570,train,1.50200844,0.000488617913816,0.23741589,553026.98,13073.10
5355,175472640,360.245594,train,1.46887159,0.00048847302745,0.24454626,553405.62,13073.10
5356,175505408,360.303087,train,1.51035380,0.000488328147583,0.24558602,553692.47,13073.10
5357,175538176,360.361363,train,1.49192548,0.000488183274231,0.24647738,553840.95,13073.10
5358,175570944,360.418652,train,1.54419184,0.000488038407409,0.25452086,554143.80,13073.10
5359,175603712,360.476249,train,1.41820216,0.000487893547132,0.24301845,554387.93,13073.10
5360,175636480,360.533672,train,1.55252123,0.000487748693416,0.25525144,554651.42,13073.10
5361,175669248,360.590612,train,1.48767841,0.000487603846276,0.24540117,554980.67,13073.10
5362,175702016,360.648267,train,1.44705796,0.000487459005727,0.24220094,555191.15,13073.10
5363,175734784,360.706171,train,1.49378181,0.000487314171785,0.25077116,555358.07,13073.10
5364,175767552,360.762597,train,1.55850649,0.000487169344464,0.24579498,555737.43,13073.10
5365,175800320,360.819886,train,1.52125859,0.00048702452378,0.25417066,555980.31,13073.10
5366,175833088,360.877245,train,1.53756487,0.000486879709749,0.24816820,556205.94,13073.10
5367,175865856,360.934291,train,1.50304461,0.000486734902386,0.24663712,556469.24,13073.10
5368,175898624,360.990341,train,1.51178372,0.000486590101705,0.24390954,556863.57,13073.10
5369,175931392,361.047636,train,1.52459359,0.000486445307723,0.25252932,557076.00,13073.10
5370,175964160,361.104735,train,1.53859758,0.000486300520454,0.24856339,557309.23,13073.10
5371,175996928,361.161674,train,1.55453658,0.000486155739914,0.25023702,557557.28,13073.10
5372,176029696,361.218570,train,1.50877357,0.000486010966119,0.25944194,557804.51,13073.10
5373,176062464,361.275398,train,1.44191253,0.000485866199082,0.24270409,558053.87,13073.10
5374,176095232,361.331980,train,1.47744942,0.000485721438821,0.24521667,558328.43,13073.10
5375,176128000,361.389344,train,1.42388272,0.000485576685349,0.24481457,558496.57,13073.10
5376,176160768,361.445617,train,1.54671216,0.000485431938683,0.24176422,558797.11,13073.10
5377,176193536,361.502554,train,1.45441389,0.000485287198838,0.24093075,559008.04,13073.10
5378,176226304,361.559511,train,1.42591202,0.000485142465828,0.24470691,559211.24,13073.10
5379,176259072,361.616590,train,1.49235272,0.00048499773967,0.25041243,559394.59,13073.10
5380,176291840,361.673687,train,1.48980880,0.000484853020378,0.24238165,559571.44,13073.10
5381,176324608,361.730712,train,1.51336336,0.000484708307968,0.25210208,559752.37,13073.10
5382,176357376,361.787863,train,1.56846678,0.000484563602455,0.26760760,559914.51,13073.10
5383,176390144,361.844523,train,1.50784683,0.000484418903854,0.25347573,560129.39,13073.10
5384,176422912,361.901678,train,1.43217945,0.000484274212181,0.23776089,560282.80,13073.10
5385,176455680,361.959188,train,1.49206853,0.000484129527451,0.26004922,560392.74,13073.10
5386,176488448,362.016225,train,1.51012802,0.000483984849679,0.24778256,560552.85,13073.10
5387,176521216,362.073132,train,1.49838662,0.00048384017888,0.25355086,560723.60,13073.10
5388,176553984,362.130440,train,1.48109841,0.000483695515071,0.24979091,560847.00,13073.10
5389,176586752,362.187892,train,1.47299588,0.000483550858265,0.24836701,560951.99,13073.10
5390,176619520,362.245045,train,1.45863402,0.000483406208479,0.24768089,561086.70,13073.10
5391,176652288,362.302149,train,1.50384355,0.000483261565727,0.25603595,561223.68,13073.10
5392,176685056,362.359210,train,1.49186921,0.000483116930025,0.25146893,561362.24,13073.10
5393,176717824,362.417173,train,1.47597623,0.000482972301389,0.23793641,561404.45,13073.10
5394,176750592,362.474055,train,1.50266671,0.000482827679832,0.24400182,561556.61,13073.10
5395,176783360,362.531314,train,1.47762465,0.000482683065372,0.25237352,561667.32,13073.10
5396,176816128,362.588343,train,1.50417614,0.000482538458022,0.24938287,561798.94,13073.10
5397,176848896,362.645244,train,1.46280527,0.000482393857799,0.23686077,561940.55,13073.10
5398,176881664,362.702281,train,1.46970844,0.000482249264717,0.25852534,562066.04,13073.10
5399,176914432,362.759257,train,1.52461863,0.000482104678792,0.26095313,562194.92,13073.10
5400,176947200,362.816228,train,1.53334260,0.00048196010004,0.25049907,562321.75,13073.10
5400,176947200,363.153553,valid,1.49151648,0.00048196010004,,562321.75,13073.10
5401,176979968,363.296080,train,1.47748494,0.000481815528474,0.23834993,231913.42,13073.10
5402,177012736,363.353436,train,1.48396826,0.000481670964112,0.25287327,329907.18,13073.10
5403,177045504,363.410519,train,1.47215474,0.000481526406967,0.24911945,384401.01,13073.10
5404,177078272,363.467184,train,1.50780582,0.000481381857055,0.24292383,419567.87,13073.10
5405,177111040,363.524688,train,1.45668972,0.000481237314392,0.25147554,442928.32,13073.10
5406,177143808,363.581923,train,1.49238575,0.000481092778992,0.23816378,460292.22,13073.10
5407,177176576,363.639145,train,1.48404694,0.000480948250872,0.24200352,473566.46,13073.10
5408,177209344,363.695964,train,1.49462771,0.000480803730045,0.24216036,484395.75,13073.10
5409,177242112,363.752632,train,1.53026390,0.000480659216529,0.25617889,493290.97,13073.10
5410,177274880,363.809671,train,1.52136350,0.000480514710337,0.25050488,500363.16,13073.10
5411,177307648,363.867884,train,1.50363922,0.000480370211485,0.24376510,505467.46,13073.10
5412,177340416,363.924748,train,1.47931576,0.000480225719988,0.24172527,510695.82,13073.10
5413,177373184,363.981609,train,1.49590242,0.000480081235862,0.24444492,515205.63,13073.10
5414,177405952,364.038483,train,1.49878454,0.000479936759122,0.24851625,519128.28,13073.10
5415,177438720,364.095291,train,1.50269699,0.000479792289783,0.24116638,522613.17,13073.10
5416,177471488,364.152570,train,1.54386735,0.00047964782786,0.25825810,525452.38,13073.10
5417,177504256,364.209106,train,1.45776391,0.000479503373369,0.23984413,528356.14,13073.10
5418,177537024,364.265329,train,1.50747180,0.000479358926325,0.25096077,531113.33,13073.10
5419,177569792,364.322234,train,1.47733545,0.000479214486743,0.24314485,533293.18,13073.10
5420,177602560,364.378670,train,1.49946380,0.000479070054638,0.23592113,535475.67,13073.10
5421,177635328,364.435917,train,1.51003337,0.000478925630026,0.24856278,537125.32,13073.10
5422,177668096,364.492540,train,1.50231671,0.000478781212922,0.23970926,538885.36,13073.10
5423,177700864,364.549187,train,1.46221435,0.000478636803341,0.23832032,540493.04,13073.10
5424,177733632,364.605847,train,1.49846458,0.000478492401299,0.23552079,541970.35,13073.10
5425,177766400,364.662454,train,1.52746737,0.00047834800681,0.24013801,543355.94,13073.10
5426,177799168,364.720162,train,1.45427608,0.00047820361989,0.23511612,544257.96,13073.10
5427,177831936,364.777156,train,1.55228400,0.000478059240554,0.25977603,545335.76,13073.10
5428,177864704,364.833176,train,1.46406627,0.000477914868818,0.24282612,546657.40,13073.10
5429,177897472,364.890825,train,1.47544837,0.000477770504696,0.24365750,547379.60,13073.10
5430,177930240,364.948231,train,1.48320496,0.000477626148205,0.24430491,548129.39,13073.10
5431,177963008,365.005387,train,1.51969266,0.000477481799358,0.24084580,548907.20,13073.10
5432,177995776,365.063151,train,1.48852444,0.000477337458172,0.23759419,549463.16,13073.10
5433,178028544,365.119935,train,1.43955994,0.000477193124662,0.24163844,550260.51,13073.10
5434,178061312,365.177549,train,1.51535726,0.000477048798842,0.24715625,550787.35,13073.10
5435,178094080,365.234992,train,1.47344434,0.000476904480729,0.24672817,551330.23,13073.10
5436,178126848,365.291137,train,1.50817299,0.000476760170337,0.24241279,552178.96,13073.10
5437,178159616,365.348253,train,1.51395917,0.000476615867682,0.24744211,552739.79,13073.10
5438,178192384,365.405438,train,1.45951676,0.000476471572778,0.24126275,553254.96,13073.10
5439,178225152,365.463320,train,1.45913315,0.000476327285642,0.24095266,553577.34,13073.10
5440,178257920,365.520131,train,1.47555292,0.000476183006288,0.24112369,554134.85,13073.10
5441,178290688,365.577584,train,1.48846042,0.000476038734732,0.24140935,554519.23,13073.10
5442,178323456,365.634945,train,1.46882582,0.000475894470989,0.23925698,554906.52,13073.10
5443,178356224,365.692541,train,1.48773813,0.000475750215074,0.23966411,555224.59,13073.10
5444,178388992,365.749994,train,1.48200893,0.000475605967002,0.24165739,555559.46,13073.10
5445,178421760,365.807118,train,1.44714022,0.000475461726789,0.24137464,555948.51,13073.10
5446,178454528,365.863713,train,1.49182618,0.000475317494449,0.24774952,556430.07,13073.10
5447,178487296,365.921870,train,1.51937294,0.000475173269999,0.24995154,556577.23,13073.10
5448,178520064,365.979997,train,1.49495912,0.000475029053453,0.24569973,556724.49,13073.10
5449,178552832,366.037213,train,1.48685110,0.000474884844826,0.25083479,557041.79,13073.10
5450,178585600,366.094159,train,1.47146189,0.000474740644135,0.24398823,557397.93,13073.10
5451,178618368,366.151032,train,1.53737044,0.000474596451393,0.24452908,557753.99,13073.10
5452,178651136,366.208280,train,1.46977627,0.000474452266616,0.24282205,558028.36,13073.10
5453,178683904,366.265471,train,1.46849787,0.00047430808982,0.24939398,558302.74,13073.10
5454,178716672,366.322739,train,1.44598746,0.00047416392102,0.24789803,558553.86,13073.10
5455,178749440,366.380325,train,1.46870995,0.00047401976023,0.24777441,558740.84,13073.10
5456,178782208,366.437576,train,1.50365806,0.000473875607467,0.26470330,558978.31,13073.10
5457,178814976,366.494671,train,1.47149384,0.000473731462745,0.24772246,559233.70,13073.10
5458,178847744,366.551979,train,1.45139956,0.000473587326079,0.24430929,559445.50,13073.10
5459,178880512,366.609314,train,1.47044349,0.000473443197486,0.25128087,559645.76,13073.10
5460,178913280,366.667031,train,1.46425343,0.000473299076979,0.24729174,559778.83,13073.10
5461,178946048,366.724510,train,1.51651144,0.000473154964575,0.25048280,559944.77,13073.10
5462,178978816,366.781790,train,1.56902194,0.000473010860288,0.26760510,560136.17,13073.10
5463,179011584,366.838888,train,1.52776861,0.000472866764134,0.25525436,560349.26,13073.10
5464,179044352,366.895584,train,1.44753551,0.000472722676128,0.23786399,560616.34,13073.10
5465,179077120,366.953313,train,1.45633137,0.000472578596285,0.25704792,560722.56,13073.10
5466,179109888,367.010437,train,1.51377273,0.00047243452462,0.25037372,560913.87,13073.10
5467,179142656,367.067621,train,1.54058957,0.000472290461149,0.24503273,561090.77,13073.10
5468,179175424,367.124980,train,1.50254178,0.000472146405887,0.23935458,561238.09,13073.10
5469,179208192,367.182118,train,1.41800380,0.000472002358849,0.25054178,561411.86,13073.10
5470,179240960,367.239543,train,1.47864366,0.00047185832005,0.25213227,561541.44,13073.10
5471,179273728,367.297496,train,1.41989732,0.000471714289505,0.23811166,561595.71,13073.10
5472,179306496,367.355314,train,1.54542112,0.000471570267231,0.23603709,561666.61,13073.10
5473,179339264,367.412712,train,1.48620105,0.000471426253241,0.24373145,561790.94,13073.10
5474,179372032,367.470379,train,1.48284984,0.000471282247551,0.24155791,561876.92,13073.10
5475,179404800,367.527752,train,1.49676764,0.000471138250177,0.25205377,561998.37,13073.10
5476,179437568,367.585371,train,1.47353208,0.000470994261133,0.24261017,562085.60,13073.10
5477,179470336,367.643036,train,1.50366437,0.000470850280434,0.24795045,562164.79,13073.10
5478,179503104,367.700408,train,1.51891017,0.000470706308097,0.24279290,562278.21,13073.10
5479,179535872,367.758496,train,1.53612387,0.000470562344136,0.24752976,562301.21,13073.10
5480,179568640,367.816457,train,1.49243116,0.000470418388566,0.25274017,562339.12,13073.10
5481,179601408,367.874117,train,1.53172648,0.000470274441403,0.24937706,562411.83,13073.10
5482,179634176,367.932021,train,1.46432436,0.000470130502662,0.24274519,562454.22,13073.10
5483,179666944,367.990319,train,1.41256595,0.000469986572358,0.23951815,562449.75,13073.10
5484,179699712,368.047569,train,1.51355267,0.000469842650505,0.24603441,562565.72,13073.10
5485,179732480,368.105900,train,1.44836903,0.000469698737121,0.23596729,562556.22,13073.10
5486,179765248,368.163855,train,1.53239417,0.000469554832218,0.24412881,562589.24,13073.10
5487,179798016,368.223390,train,1.52605975,0.000469410935814,0.24538128,562446.06,13073.10
5488,179830784,368.281383,train,1.47123456,0.000469267047923,0.23962750,562475.27,13073.10
5489,179863552,368.338867,train,1.48779535,0.000469123168559,0.23890804,562559.16,13073.10
5490,179896320,368.396971,train,1.46361649,0.000468979297739,0.24630791,562574.63,13073.10
5491,179929088,368.454165,train,1.49125552,0.000468835435478,0.24406378,562686.36,13073.10
5492,179961856,368.511948,train,1.47290492,0.000468691581791,0.24655837,562733.80,13073.10
5493,179994624,368.569724,train,1.49746144,0.000468547736692,0.24048017,562780.94,13073.10
5494,180027392,368.627578,train,1.50320709,0.000468403900198,0.24721077,562819.13,13073.10
5495,180060160,368.685539,train,1.51900959,0.000468260072323,0.24733737,562845.63,13073.10
5496,180092928,368.742638,train,1.48766661,0.000468116253083,0.24127842,562958.43,13073.10
5497,180125696,368.800113,train,1.49305797,0.000467972442492,0.23986034,563031.39,13073.10
5498,180158464,368.857583,train,1.54697609,0.000467828640566,0.24406824,563103.33,13073.10
5499,180191232,368.914813,train,1.47873187,0.000467684847321,0.24182376,563197.42,13073.10
5500,180224000,368.973050,train,1.52660000,0.000467541062771,0.25972500,563192.10,13073.10
5500,180224000,369.310955,valid,1.48867632,0.000467541062771,,563192.10,13073.10
5501,180256768,369.465627,train,1.49975801,0.000467397286931,0.24147786,213909.44,13073.10
5502,180289536,369.522861,train,1.52516508,0.000467253519817,0.24655902,311453.65,13073.10
5503,180322304,369.581106,train,1.46219337,0.000467109761444,0.23962004,365896.79,13073.10
5504,180355072,369.639703,train,1.47556591,0.000466966011827,0.23898822,400510.36,13073.10
5505,180387840,369.697087,train,1.50419748,0.000466822270981,0.24244960,425950.13,13073.10
5506,180420608,369.754813,train,1.49657798,0.000466678538922,0.24986863,444439.71,13073.10
5507,180453376,369.812713,train,1.45848882,0.000466534815664,0.23968291,458502.74,13073.10
5508,180486144,369.870046,train,1.48846817,0.000466391101223,0.25436109,470124.45,13073.10
5509,180518912,369.927305,train,1.48398018,0.000466247395614,0.24458602,479637.74,13073.10
5510,180551680,369.985287,train,1.52148139,0.000466103698853,0.24855305,487005.82,13073.10
5511,180584448,370.043219,train,1.51934123,0.000465960010953,0.23813741,493238.15,13073.10
5512,180617216,370.101493,train,1.46706593,0.000465816331931,0.25079411,498339.67,13073.10
5513,180649984,370.159153,train,1.53512168,0.000465672661802,0.24831344,503103.56,13073.10
5514,180682752,370.216283,train,1.47270167,0.000465529000581,0.24608661,507557.36,13073.10
5515,180715520,370.273467,train,1.51775932,0.000465385348283,0.24982028,511453.39,13073.10
5516,180748288,370.331003,train,1.49695444,0.000465241704923,0.25400606,514733.06,13073.10
5517,180781056,370.388604,train,1.47881842,0.000465098070516,0.25235751,517631.46,13073.10
5518,180813824,370.446554,train,1.51293111,0.000464954445078,0.24407436,520075.35,13073.10
5519,180846592,370.504831,train,1.47580028,0.000464810828624,0.23345356,522137.82,13073.10
5520,180879360,370.562386,train,1.47705340,0.000464667221169,0.25194585,524311.01,13073.10
5521,180912128,370.620208,train,1.50307775,0.000464523622728,0.25455493,526185.43,13073.10
5522,180944896,370.677862,train,1.49923515,0.000464380033316,0.24283168,527966.25,13073.10
5523,180977664,370.735361,train,1.50591588,0.000464236452948,0.25115472,529659.92,13073.10
5524,181010432,370.793118,train,1.44434154,0.00046409288164,0.24638538,531130.09,13073.10
5525,181043200,370.850218,train,1.54036319,0.000463949319407,0.25375405,532716.99,13073.10
5526,181075968,370.907791,train,1.49936008,0.000463805766264,0.25074837,534032.11,13073.10
5527,181108736,370.965507,train,1.46120739,0.000463662222226,0.24986880,535208.95,13073.10
5528,181141504,371.023300,train,1.47088516,0.000463518687308,0.24741785,536282.77,13073.10
5529,181174272,371.080452,train,1.47661710,0.000463375161526,0.24714299,537480.76,13073.10
5530,181207040,371.138167,train,1.51892114,0.000463231644894,0.23767756,538437.85,13073.10
5531,181239808,371.195217,train,1.48211360,0.000463088137428,0.25109014,539526.82,13073.10
5532,181272576,371.252371,train,1.47052252,0.000462944639142,0.25633180,540522.68,13073.10
5533,181305344,371.309816,train,1.50343037,0.000462801150053,0.26109710,541382.56,13073.10
5534,181338112,371.367419,train,1.53901076,0.000462657670175,0.25494447,542152.81,13073.10
5535,181370880,371.425072,train,1.54084992,0.000462514199524,0.24306686,542868.14,13073.10
5536,181403648,371.482365,train,1.49093854,0.000462370738114,0.25249499,543635.75,13073.10
5537,181436416,371.540085,train,1.46867454,0.00046222728596,0.25009942,544259.40,13073.10
5538,181469184,371.597425,train,1.50706303,0.000462083843079,0.25111145,544942.16,13073.10
5539,181501952,371.655474,train,1.44376421,0.000461940409484,0.23842613,545426.37,13073.10
5540,181534720,371.713262,train,1.48785472,0.000461796985192,0.24354805,545946.65,13073.10
5541,181567488,371.770284,train,1.45176113,0.000461653570217,0.23871376,546612.44,13073.10
5542,181600256,371.827616,train,1.48328686,0.000461510164574,0.24999098,547180.90,13073.10
5543,181633024,371.885544,train,1.46334124,0.000461366768279,0.25187671,547597.18,13073.10
5544,181665792,371.943387,train,1.48466039,0.000461223381347,0.25168651,548012.90,13073.10
5545,181698560,372.000510,train,1.46268058,0.000461080003792,0.24317838,548557.37,13073.10
5546,181731328,372.058193,train,1.48969543,0.000460936635631,0.25204828,548967.34,13073.10
5547,181764096,372.116080,train,1.45003617,0.000460793276877,0.24402170,549320.32,13073.10
5548,181796864,372.173015,train,1.45911360,0.000460649927547,0.24714984,549842.22,13073.10
5549,181829632,372.230933,train,1.45774424,0.000460506587656,0.25393173,550158.02,13073.10
5550,181862400,372.287564,train,1.50238299,0.000460363257218,0.25377187,550699.88,13073.10
5551,181895168,372.344301,train,1.44311047,0.000460219936249,0.24556866,551202.10,13073.10
5552,181927936,372.401703,train,1.50746584,0.000460076624764,0.24664940,551567.31,13073.10
5553,181960704,372.459279,train,1.47814906,0.000459933322777,0.24519150,551888.46,13073.10
5554,181993472,372.516637,train,1.49605536,0.000459790030305,0.24646576,552235.72,13073.10
5555,182026240,372.574846,train,1.50973797,0.000459646747362,0.24106707,552426.78,13073.10
5556,182059008,372.632554,train,1.47530603,0.000459503473964,0.24354936,552694.47,13073.10
5557,182091776,372.689757,train,1.46869063,0.000459360210125,0.24097905,553035.52,13073.10
5558,182124544,372.746877,train,1.48601985,0.000459216955861,0.24542350,553378.79,13073.10
5559,182157312,372.804886,train,1.51439500,0.000459073711187,0.24843751,553569.60,13073.10
5560,182190080,372.862108,train,1.49768043,0.000458930476117,0.24298693,553877.25,13073.10
5561,182222848,372.919747,train,1.46775794,0.000458787250668,0.23981215,554110.93,13073.10
5562,182255616,372.976493,train,1.48207164,0.000458644034854,0.23740499,554472.56,13073.10
5563,182288384,373.033682,train,1.46328616,0.000458500828691,0.24341302,554756.76,13073.10
5564,182321152,373.091523,train,1.47137868,0.000458357632192,0.24370681,554936.84,13073.10
5565,182353920,373.149210,train,1.54095840,0.000458214445375,0.24865763,555133.78,13073.10
5566,182386688,373.206306,train,1.48901677,0.000458071268253,0.24020979,555409.01,13073.10
5567,182419456,373.263764,train,1.48431647,0.000457928100842,0.24487916,555625.52,13073.10
5568,182452224,373.320815,train,1.47094655,0.000457784943157,0.23568039,555892.17,13073.10
5569,182484992,373.378429,train,1.46707320,0.000457641795213,0.24442118,556074.48,13073.10
5570,182517760,373.436080,train,1.48489964,0.000457498657025,0.24622087,556246.63,13073.10
5571,182550528,373.493419,train,1.48640800,0.000457355528609,0.24327196,556455.45,13073.10
5572,182583296,373.551524,train,1.48812497,0.000457212409979,0.23819108,556558.02,13073.10
5573,182616064,373.609883,train,1.49859357,0.000457069301151,0.24358353,556625.09,13073.10
5574,182648832,373.667393,train,1.49854541,0.000456926202139,0.24894671,556798.80,13073.10
5575,182681600,373.724445,train,1.46633291,0.000456783112959,0.23882104,557025.72,13073.10
5576,182714368,373.782634,train,1.48785055,0.000456640033626,0.24575411,557105.32,13073.10
5577,182747136,373.840232,train,1.48321593,0.000456496964156,0.24086979,557255.41,13073.10
5578,182779904,373.897749,train,1.46730280,0.000456353904562,0.23670502,557411.63,13073.10
5579,182812672,373.955274,train,1.48434782,0.00045621085486,0.23943870,557562.97,13073.10
5580,182845440,374.013265,train,1.52112782,0.000456067815066,0.24987225,557655.43,13073.10
5581,182878208,374.070875,train,1.48118138,0.000455924785195,0.25381178,557790.24,13073.10
5582,182910976,374.129120,train,1.44464493,0.000455781765261,0.23707846,557848.19,13073.10
5583,182943744,374.185997,train,1.50457263,0.00045563875528,0.23832314,558061.51,13073.10
5584,182976512,374.243863,train,1.53315663,0.000455495755266,0.23852398,558157.88,13073.10
5585,183009280,374.301076,train,1.44998479,0.000455352765236,0.25179443,558325.09,13073.10
5586,183042048,374.358053,train,1.48648477,0.000455209785203,0.25246605,558514.58,13073.10
5587,183074816,374.415369,train,1.48962355,0.000455066815184,0.24033669,558662.75,13073.10
5588,183107584,374.472824,train,1.44941115,0.000454923855193,0.24202967,558792.66,13073.10
5589,183140352,374.530243,train,1.39603448,0.000454780905245,0.24967533,558923.44,13073.10
5590,183173120,374.587669,train,1.50960362,0.000454637965356,0.25226730,559050.68,13073.10
5591,183205888,374.645942,train,1.48020101,0.00045449503554,0.25063592,559086.43,13073.10
5592,183238656,374.703128,train,1.49013186,0.000454352115812,0.24471051,559234.14,13073.10
5593,183271424,374.760859,train,1.47378302,0.000454209206189,0.25824189,559322.68,13073.10
5594,183304192,374.818249,train,1.51536906,0.000454066306684,0.25801852,559444.13,13073.10
5595,183336960,374.875898,train,1.50251317,0.000453923417314,0.24956857,559537.02,13073.10
5596,183369728,374.933218,train,1.51464295,0.000453780538092,0.25534320,559660.67,13073.10
5597,183402496,374.990609,train,1.45225024,0.000453637669034,0.24478953,559774.84,13073.10
5598,183435264,375.048494,train,1.44939053,0.000453494810156,0.24333671,559838.62,13073.10
5599,183468032,375.105540,train,1.49560642,0.000453351961471,0.25392708,559982.08,13073.10
5600,183500800,375.163026,train,1.48786783,0.000453209122997,0.24860135,560080.75,13073.10
5600,183500800,375.499714,valid,1.48483538,0.000453209122997,,560080.75,13073.10
5601,183533568,375.645369,train,1.51627564,0.000453066294746,0.24686089,227290.45,13073.10
5602,183566336,375.702944,train,1.46902382,0.000452923476736,0.23929383,324849.78,13073.10
5603,183599104,375.761072,train,1.55252647,0.000452780668979,0.25978419,378282.29,13073.10
5604,183631872,375.818125,train,1.42745245,0.000452637871493,0.24182659,413577.22,13073.10
5605,183664640,375.875637,train,1.47339511,0.000452495084291,0.23783879,437565.99,13073.10
5606,183697408,375.932773,train,1.51578379,0.00045235230739,0.25740585,455563.96,13073.10
5607,183730176,375.990055,train,1.49820220,0.000452209540803,0.25521681,469212.38,13073.10
5608,183762944,376.046779,train,1.49870491,0.000452066784546,0.24830712,480489.53,13073.10
5609,183795712,376.104508,train,1.56624162,0.000451924038635,0.25154001,488826.10,13073.10
5610,183828480,376.161669,train,1.47554934,0.000451781303083,0.25198171,496133.87,13073.10
5611,183861248,376.218626,train,1.45743537,0.000451638577907,0.25120872,502419.84,13073.10
5612,183894016,376.275248,train,1.46007180,0.000451495863122,0.24177411,508000.81,13073.10
5613,183926784,376.331986,train,1.48692799,0.000451353158742,0.23958685,512749.16,13073.10
5614,183959552,376.389164,train,1.47757101,0.000451210464782,0.24913208,516634.55,13073.10
5615,183992320,376.446670,train,1.49671078,0.000451067781258,0.25307593,519869.30,13073.10
5616,184025088,376.503569,train,1.46722662,0.000450925108184,0.24698058,523050.01,13073.10
5617,184057856,376.560236,train,1.48060822,0.000450782445577,0.24621981,526003.56,13073.10
5618,184090624,376.617743,train,1.51838326,0.00045063979345,0.24048309,528259.74,13073.10
5619,184123392,376.674771,train,1.51760530,0.000450497151819,0.25392923,530511.71,13073.10
5620,184156160,376.732018,train,1.50550461,0.000450354520698,0.25002936,532459.82,13073.10
5621,184188928,376.789114,train,1.51304066,0.000450211900104,0.24651928,534297.52,13073.10
5622,184221696,376.846447,train,1.48375511,0.000450069290051,0.24922235,535884.51,13073.10
5623,184254464,376.903902,train,1.43852222,0.000449926690555,0.26526481,537295.34,13073.10
5624,184287232,376.961436,train,1.49866724,0.000449784101629,0.25653249,538565.64,13073.10
5625,184320000,377.018797,train,1.50594032,0.000449641523289,0.24282442,539801.02,13073.10
5626,184352768,377.076499,train,1.48093224,0.000449498955551,0.25414899,540829.92,13073.10
5627,184385536,377.134995,train,1.51346493,0.00044935639843,0.24625127,541522.67,13073.10
5628,184418304,377.192077,train,1.41796780,0.000449213851939,0.24090296,542620.85,13073.10
5629,184451072,377.249395,train,1.50711346,0.000449071316096,0.24962717,543573.68,13073.10
5630,184483840,377.306858,train,1.47254467,0.000448928790914,0.24279444,544422.63,13073.10
5631,184516608,377.363801,train,1.51281691,0.000448786276408,0.24404523,545371.35,13073.10
5632,184549376,377.421105,train,1.43946350,0.000448643772594,0.25903052,546160.97,13073.10
5633,184582144,377.478617,train,1.48923659,0.000448501279487,0.25180510,546847.31,13073.10
5634,184614912,377.535648,train,1.49712253,0.000448358797102,0.24828656,547624.39,13073.10
5635,184647680,377.593350,train,1.51510572,0.000448216325453,0.24799319,548182.97,13073.10
5636,184680448,377.650779,train,1.49748755,0.000448073864556,0.25503662,548781.38,13073.10
5637,184713216,377.708410,train,1.48111176,0.000447931414427,0.25116128,549298.15,13073.10
5638,184745984,377.766118,train,1.52396500,0.000447788975079,0.25718230,549770.44,13073.10
5639,184778752,377.823253,train,1.47157979,0.000447646546528,0.24874870,550354.66,13073.10
5640,184811520,377.880721,train,1.51138735,0.000447504128789,0.24943675,550833.94,13073.10
5641,184844288,377.937632,train,1.50021112,0.000447361721878,0.24830183,551416.69,13073.10
5642,184877056,377.994660,train,1.48189557,0.000447219325808,0.25885522,551946.75,13073.10
5643,184909824,378.051570,train,1.47479594,0.000447076940596,0.24403143,552478.84,13073.10
5644,184942592,378.108606,train,1.49259424,0.000446934566256,0.24228683,552960.64,13073.10
5645,184975360,378.167114,train,1.43377948,0.000446792202803,0.24502668,553116.40,13073.10
5646,185008128,378.223953,train,1.47176254,0.000446649850253,0.25184640,553604.79,13073.10
5647,185040896,378.281564,train,1.49941301,0.00044650750862,0.24546714,553919.19,13073.10
5648,185073664,378.338682,train,1.49844813,0.000446365177919,0.24408932,554317.27,13073.10
5649,185106432,378.395803,train,1.44682086,0.000446222858166,0.24274158,554698.96,13073.10
5650,185139200,378.452887,train,1.47419715,0.000446080549375,0.24313226,555072.84,13073.10
5651,185171968,378.510408,train,1.52545273,0.000445938251562,0.24783829,555351.83,13073.10
5652,185204736,378.567659,train,1.45055103,0.000445795964741,0.23868829,555669.27,13073.10
5653,185237504,378.624597,train,1.44807959,0.000445653688928,0.24482213,556030.81,13073.10
5654,185270272,378.681926,train,1.51115525,0.000445511424137,0.26337725,556311.09,13073.10
5655,185303040,378.739326,train,1.45975971,0.000445369170384,0.24456583,556569.12,13073.10
5656,185335808,378.796719,train,1.49833190,0.000445226927684,0.24318963,556819.38,13073.10
5657,185368576,378.853746,train,1.48642588,0.000445084696051,0.23770680,557121.96,13073.10
5658,185401344,378.911114,train,1.46537876,0.000444942475501,0.24969499,557358.69,13073.10
5659,185434112,378.967978,train,1.45776606,0.000444800266048,0.23739348,557668.63,13073.10
5660,185466880,379.025053,train,1.50937080,0.000444658067709,0.24246360,557935.11,13073.10
5661,185499648,379.082007,train,1.44941592,0.000444515880497,0.24800377,558211.84,13073.10
5662,185532416,379.138754,train,1.50930357,0.000444373704428,0.24037637,558511.86,13073.10
5663,185565184,379.196421,train,1.50223923,0.000444231539516,0.24838868,558663.43,13073.10
5664,185597952,379.253114,train,1.50400364,0.000444089385778,0.24346201,558955.48,13073.10
5665,185630720,379.310622,train,1.47719002,0.000443947243227,0.24928539,559119.17,13073.10
5666,185663488,379.367624,train,1.48075318,0.000443805111879,0.25060281,559351.25,13073.10
5667,185696256,379.424412,train,1.44935310,0.000443662991749,0.24126396,559607.11,13073.10
5668,185729024,379.481605,train,1.45927954,0.000443520882852,0.24022500,559798.69,13073.10
5669,185761792,379.539484,train,1.48513162,0.000443378785203,0.24809060,559889.51,13073.10
5670,185794560,379.596391,train,1.47833478,0.000443236698817,0.24750340,560110.94,13073.10
5671,185827328,379.654665,train,1.49673057,0.000443094623708,0.23755103,560141.73,13073.10
5672,185860096,379.711855,train,1.44333148,0.000442952559893,0.24061096,560315.93,13073.10
5673,185892864,379.768692,train,1.48448515,0.000442810507385,0.24327171,560531.87,13073.10
5674,185925632,379.825976,train,1.47283792,0.0004426684662,0.24363461,560684.10,13073.10
5675,185958400,379.883336,train,1.50086892,0.000442526436354,0.24050291,560822.57,13073.10
5676,185991168,379.941279,train,1.48805308,0.00044238441786,0.24636313,560883.93,13073.10
5677,186023936,379.999057,train,1.49580979,0.000442242410734,0.24153838,560964.29,13073.10
5678,186056704,380.056339,train,1.48049283,0.000442100414991,0.23915005,561103.59,13073.10
5679,186089472,380.113471,train,1.47156739,0.000441958430646,0.24182753,561257.87,13073.10
5680,186122240,380.170682,train,1.47117555,0.000441816457713,0.24829398,561398.62,13073.10
5681,186155008,380.228347,train,1.49970067,0.000441674496209,0.24169032,561482.27,13073.10
5682,186187776,380.285646,train,1.44055533,0.000441532546148,0.23845036,561606.75,13073.10
5683,186220544,380.342198,train,1.47884786,0.000441390607544,0.24650928,561814.95,13073.10
5684,186253312,380.399036,train,1.47385228,0.000441248680414,0.24472906,561985.59,13073.10
5685,186286080,380.456572,train,1.47884214,0.000441106764771,0.24567424,562073.10,13073.10
5686,186318848,380.513738,train,1.50880229,0.000440964860632,0.24773341,562200.04,13073.10
5687,186351616,380.571053,train,1.51114798,0.00044082296801,0.24719806,562307.65,13073.10
5688,186384384,380.627760,train,1.49551201,0.000440681086921,0.24450035,562479.60,13073.10
5689,186417152,380.684545,train,1.49658251,0.00044053921738,0.24218343,562639.17,13073.10
5690,186449920,380.741894,train,1.52195692,0.000440397359402,0.25553536,562734.79,13073.10
5691,186482688,380.799644,train,1.54710937,0.000440255513001,0.24314049,562785.85,13073.10
5692,186515456,380.856764,train,1.49413216,0.000440113678194,0.24479103,562901.96,13073.10
5693,186548224,380.913833,train,1.49236310,0.000439971854994,0.24127407,563020.86,13073.10
5694,186580992,380.970642,train,1.48797560,0.000439830043417,0.24724098,563164.09,13073.10
5695,186613760,381.028122,train,1.53103590,0.000439688243477,0.24206880,563235.94,13073.10
5696,186646528,381.085565,train,1.49910998,0.000439546455191,0.24591717,563310.08,13073.10
5697,186679296,381.142588,train,1.52107048,0.000439404678572,0.24660857,563424.67,13073.10
5698,186712064,381.199740,train,1.45360589,0.000439262913636,0.24402088,563524.22,13073.10
5699,186744832,381.257461,train,1.48832870,0.000439121160398,0.25550222,563566.06,13073.10
5700,186777600,381.314854,train,1.50082481,0.000438979418872,0.24284743,563638.84,13073.10
5700,186777600,381.652626,valid,1.48245949,0.000438979418872,,563638.84,13073.10
5701,186810368,381.798735,train,1.46460795,0.000438837689074,0.24471495,226507.32,13073.10
5702,186843136,381.856709,train,1.43646646,0.000438695971018,0.24282482,323410.85,13073.10
5703,186875904,381.914043,train,1.51991081,0.00043855426472,0.24429263,378129.69,13073.10
5704,186908672,381.971030,train,1.51270962,0.000438412570194,0.25395060,413526.76,13073.10
5705,186941440,382.028590,train,1.47581697,0.000438270887456,0.25435781,437465.05,13073.10
5706,186974208,382.085696,train,1.45960903,0.000438129216521,0.23775020,455504.03,13073.10
5707,187006976,382.142950,train,1.46318340,0.000437987557403,0.25578779,469185.55,13073.10
5708,187039744,382.200343,train,1.48555458,0.000437845910117,0.25615546,479876.00,13073.10
5709,187072512,382.257803,train,1.52023768,0.000437704274678,0.25490761,488479.38,13073.10
5710,187105280,382.315043,train,1.47724020,0.000437562651102,0.24056339,495752.69,13073.10
5711,187138048,382.372312,train,1.46628511,0.000437421039403,0.25692347,501846.18,13073.10
5712,187170816,382.429459,train,1.49415076,0.000437279439597,0.25047815,507120.19,13073.10
5713,187203584,382.486798,train,1.50003171,0.000437137851697,0.24541777,511551.62,13073.10
5714,187236352,382.544073,train,1.46194315,0.00043699627572,0.24456568,515449.05,13073.10
5715,187269120,382.601204,train,1.49514985,0.00043685471168,0.24497636,518954.11,13073.10
5716,187301888,382.658529,train,1.50722599,0.000436713159592,0.25188553,521959.80,13073.10
5717,187334656,382.716210,train,1.48055410,0.000436571619471,0.24316511,524465.22,13073.10
5718,187367424,382.773902,train,1.47172046,0.000436430091332,0.24165885,526706.87,13073.10
5719,187400192,382.831078,train,1.53586090,0.00043628857519,0.24406335,528961.02,13073.10
5720,187432960,382.888792,train,1.51027894,0.000436147071059,0.25300631,530774.71,13073.10
5721,187465728,382.945461,train,1.48426998,0.000436005578956,0.26608694,532857.43,13073.10
5722,187498496,383.002713,train,1.53438199,0.000435864098894,0.26705620,534534.03,13073.10
5723,187531264,383.060335,train,1.46654594,0.000435722630889,0.24177343,535932.67,13073.10
5724,187564032,383.117741,train,1.50365734,0.000435581174955,0.24483179,537300.82,13073.10
5725,187596800,383.175206,train,1.43984604,0.000435439731108,0.27384889,538544.27,13073.10
5726,187629568,383.233032,train,1.42107332,0.000435298299363,0.24252011,539574.28,13073.10
5727,187662336,383.290665,train,1.48175573,0.000435156879734,0.24832599,540595.08,13073.10
5728,187695104,383.347848,train,1.45125437,0.000435015472237,0.23900945,541690.42,13073.10
5729,187727872,383.404744,train,1.41832364,0.000434874076886,0.24284978,542803.25,13073.10
5730,187760640,383.462137,train,1.44639468,0.000434732693696,0.24643409,543696.04,13073.10
5731,187793408,383.519475,train,1.44731987,0.000434591322682,0.23523401,544550.68,13073.10
5732,187826176,383.577391,train,1.53179026,0.00043444996386,0.24403392,545189.95,13073.10
5733,187858944,383.634860,train,1.45914793,0.000434308617243,0.25035548,545915.18,13073.10
5734,187891712,383.691925,train,1.51061881,0.000434167282848,0.24709469,546707.95,13073.10
5735,187924480,383.749632,train,1.48707008,0.000434025960688,0.24207011,547289.56,13073.10
5736,187957248,383.806668,train,1.47932649,0.00043388465078,0.24975477,548010.85,13073.10
5737,187990016,383.863520,train,1.46143889,0.000433743353137,0.24925263,548740.74,13073.10
5738,188022784,383.920677,train,1.47970700,0.000433602067775,0.23975003,549360.24,13073.10
5739,188055552,383.978289,train,1.51590526,0.000433460794709,0.24643584,549841.11,13073.10
5740,188088320,384.035486,train,1.47488761,0.000433319533953,0.24897183,550394.95,13073.10
5741,188121088,384.092775,train,1.50855422,0.000433178285522,0.24461889,550902.00,13073.10
5742,188153856,384.149420,train,1.49601984,0.000433037049432,0.25813201,551528.11,13073.10
5743,188186624,384.206798,train,1.47493494,0.000432895825698,0.24298908,551967.69,13073.10
5744,188219392,384.264440,train,1.45838237,0.000432754614334,0.23908950,552332.20,13073.10
5745,188252160,384.321617,train,1.47136664,0.000432613415354,0.25009719,552777.38,13073.10
5746,188284928,384.378662,train,1.48594570,0.000432472228775,0.24302962,553230.54,13073.10
5747,188317696,384.435747,train,1.47178936,0.000432331054611,0.23892996,553656.98,13073.10
5748,188350464,384.492986,train,1.49399376,0.000432189892877,0.24424475,554036.49,13073.10
5749,188383232,384.550040,train,1.45887876,0.000432048743588,0.24295695,554436.35,13073.10
5750,188416000,384.607693,train,1.45650458,0.000431907606758,0.24744184,554708.31,13073.10
5751,188448768,384.665038,train,1.48553741,0.000431766482403,0.24441929,555026.60,13073.10
5752,188481536,384.722274,train,1.47834253,0.000431625370538,0.27018124,555352.78,13073.10
5753,188514304,384.780417,train,1.44292545,0.000431484271177,0.23921129,555505.67,13073.10
5754,188547072,384.837863,train,1.46304429,0.000431343184335,0.24831805,555774.69,13073.10
5755,188579840,384.895306,train,1.51235390,0.000431202110028,0.24813665,556034.56,13073.10
5756,188612608,384.952403,train,1.44666672,0.000431061048269,0.25213882,556343.84,13073.10
5757,188645376,385.009994,train,1.51386762,0.000430919999075,0.26424873,556560.74,13073.10
5758,188678144,385.067400,train,1.53625250,0.00043077896246,0.27093932,556800.36,13073.10
5759,188710912,385.125053,train,1.47831023,0.000430637938439,0.24404287,556992.29,13073.10
5760,188743680,385.183647,train,1.53394353,0.000430496927026,0.24782564,557029.68,13073.10
5761,188776448,385.242140,train,1.46468902,0.000430355928237,0.24962939,557081.40,13073.10
5762,188809216,385.300278,train,1.42329097,0.000430214942087,0.24432747,557185.81,13073.10
5763,188841984,385.358313,train,1.49082661,0.00043007396859,0.24662489,557302.35,13073.10
5764,188874752,385.416029,train,1.40800619,0.000429933007762,0.24536663,557462.60,13073.10
5765,188907520,385.473821,train,1.50496411,0.000429792059616,0.24964190,557606.81,13073.10
5766,188940288,385.531674,train,1.46728241,0.000429651124169,0.24386939,557738.01,13073.10
5767,188973056,385.589266,train,1.55989528,0.000429510201435,0.25386435,557902.31,13073.10
5768,189005824,385.646974,train,1.47178733,0.000429369291429,0.24162334,558045.76,13073.10
5769,189038592,385.704595,train,1.47174418,0.000429228394165,0.25225654,558197.15,13073.10
5770,189071360,385.761236,train,1.49853158,0.000429087509659,0.25209382,558477.34,13073.10
5771,189104128,385.819979,train,1.52706289,0.000428946637926,0.24185485,558468.05,13073.10
5772,189136896,385.877756,train,1.50016093,0.00042880577898,0.24207518,558586.82,13073.10
5773,189169664,385.935162,train,1.45747876,0.000428664932837,0.23586851,558750.79,13073.10
5774,189202432,385.992531,train,1.46697044,0.00042852409951,0.24731563,558915.14,13073.10
5775,189235200,386.050082,train,1.47531211,0.000428383279016,0.23732474,559052.07,13073.10
5776,189267968,386.108069,train,1.48763788,0.000428242471368,0.24406610,559130.66,13073.10
5777,189300736,386.165340,train,1.46776569,0.000428101676583,0.24620423,559296.06,13073.10
5778,189333504,386.222945,train,1.46189249,0.000427960894674,0.23803021,559416.39,13073.10
5779,189366272,386.280117,train,1.48118901,0.000427820125657,0.24031229,559586.06,13073.10
5780,189399040,386.337299,train,1.42709184,0.000427679369546,0.23972209,559750.24,13073.10
5781,189431808,386.395345,train,1.43438518,0.000427538626356,0.23955955,559808.79,13073.10
5782,189464576,386.453759,train,1.43233216,0.000427397896102,0.24073844,559822.80,13073.10
5783,189497344,386.510808,train,1.49441898,0.0004272571788,0.24372900,559993.85,13073.10
5784,189530112,386.568369,train,1.50794816,0.000427116474463,0.25184068,560102.58,13073.10
5785,189562880,386.625942,train,1.51755905,0.000426975783107,0.24087830,560207.43,13073.10
5786,189595648,386.683937,train,1.45341873,0.000426835104747,0.25740111,560262.79,13073.10
5787,189628416,386.741468,train,1.48697710,0.000426694439397,0.24898013,560368.02,13073.10
5788,189661184,386.799129,train,1.48616600,0.000426553787073,0.25129947,560456.84,13073.10
5789,189693952,386.856943,train,1.48115373,0.000426413147789,0.24778077,560527.09,13073.10
5790,189726720,386.915018,train,1.45651770,0.00042627252156,0.25048268,560568.02,13073.10
5791,189759488,386.973067,train,1.49928188,0.0004261319084,0.24463351,560610.88,13073.10
5792,189792256,387.030741,train,1.45775902,0.000425991308326,0.24349149,560691.77,13073.10
5793,189825024,387.088578,train,1.47772908,0.000425850721351,0.24898106,560754.26,13073.10
5794,189857792,387.146142,train,1.49033785,0.00042571014749,0.23832230,560843.15,13073.10
5795,189890560,387.204547,train,1.49356806,0.000425569586759,0.26255310,560845.27,13073.10
5796,189923328,387.262279,train,1.51604617,0.000425429039172,0.25053555,560914.77,13073.10
5797,189956096,387.319762,train,1.50653458,0.000425288504744,0.24163780,561007.44,13073.10
5798,189988864,387.377610,train,1.46604252,0.00042514798349,0.25551939,561062.49,13073.10
5799,190021632,387.434423,train,1.51614380,0.000425007475425,0.25167370,561216.80,13073.10
5800,190054400,387.491913,train,1.47621894,0.000424866980563,0.23739785,561303.11,13073.10
5800,190054400,387.829330,valid,1.47811490,0.000424866980563,,561303.11,13073.10
5801,190087168,387.974291,train,1.45568275,0.000424726498919,0.23814592,228081.04,13073.10
5802,190119936,388.032390,train,1.46442914,0.000424586030509,0.24898221,324810.50,13073.10
5803,190152704,388.090256,train,1.48480034,0.000424445575346,0.25039876,378627.31,13073.10
5804,190185472,388.148069,train,1.49427640,0.000424305133447,0.24914163,412896.05,13073.10
5805,190218240,388.206458,train,1.48429894,0.000424164704825,0.25305784,435934.70,13073.10
5806,190251008,388.264018,train,1.44040716,0.000424024289496,0.25735569,453646.30,13073.10
5807,190283776,388.323091,train,1.49739766,0.000423883887475,0.24394877,465768.88,13073.10
5808,190316544,388.381061,train,1.50129962,0.000423743498775,0.24506298,476246.23,13073.10
5809,190349312,388.438972,train,1.45497537,0.000423603123413,0.25003964,484775.09,13073.10
5810,190382080,388.496467,train,1.50702584,0.000423462761402,0.25090697,492127.31,13073.10
5811,190414848,388.553210,train,1.48001671,0.000423322412758,0.24480580,498830.39,13073.10
5812,190447616,388.610198,train,1.50486553,0.000423182077496,0.24713705,504398.55,13073.10
5813,190480384,388.667764,train,1.52716386,0.00042304175563,0.24404347,508855.52,13073.10
5814,190513152,388.725343,train,1.47030330,0.000422901447175,0.24598034,512732.43,13073.10
5815,190545920,388.783006,train,1.52514005,0.000422761152146,0.25033474,516094.94,13073.10
5816,190578688,388.840941,train,1.46230698,0.000422620870559,0.24339521,518933.80,13073.10
5817,190611456,388.898619,train,1.45608127,0.000422480602426,0.25235099,521589.88,13073.10
5818,190644224,388.956817,train,1.45866466,0.000422340347764,0.25602740,523731.97,13073.10
5819,190676992,389.014101,train,1.47274017,0.000422200106588,0.24141768,526070.05,13073.10
5820,190709760,389.072240,train,1.42762470,0.000422059878911,0.24460477,527827.89,13073.10
5821,190742528,389.129667,train,1.48933172,0.00042191966475,0.26374793,529718.67,13073.10
5822,190775296,389.186738,train,1.48566329,0.000421779464118,0.24527605,531589.28,13073.10
5823,190808064,389.244549,train,1.44198608,0.000421639277031,0.24780516,533029.30,13073.10
5824,190840832,389.302229,train,1.47409654,0.000421499103503,0.26038095,534404.28,13073.10
5825,190873600,389.360313,train,1.50579214,0.000421358943549,0.25587454,535533.36,13073.10
5826,190906368,389.418236,train,1.47261286,0.000421218797184,0.25028387,536634.74,13073.10
5827,190939136,389.476162,train,1.58256650,0.000421078664423,0.26057056,537657.28,13073.10
5828,190971904,389.534340,train,1.46185660,0.00042093854528,0.25363541,538530.83,13073.10
5829,191004672,389.591996,train,1.48121214,0.000420798439771,0.24254456,539506.47,13073.10
5830,191037440,389.649578,train,1.44050992,0.00042065834791,0.24753328,540442.26,13073.10
5831,191070208,389.706891,train,1.49692607,0.000420518269711,0.24813707,541398.07,13073.10
5832,191102976,389.764633,train,1.51499617,0.000420378205191,0.24884833,542177.20,13073.10
5833,191135744,389.822283,train,1.48212886,0.000420238154363,0.24799974,542935.98,13073.10
5834,191168512,389.880342,train,1.49342442,0.000420098117243,0.24775995,543543.70,13073.10
5835,191201280,389.937930,train,1.47537303,0.000419958093844,0.24978785,544239.52,13073.10
5836,191234048,389.995734,train,1.49295115,0.000419818084183,0.24480514,544844.16,13073.10
5837,191266816,390.053094,train,1.46669340,0.000419678088273,0.24534865,545526.10,13073.10
5838,191299584,390.111239,train,1.51410401,0.00041953810613,0.26777664,545985.86,13073.10
5839,191332352,390.169138,train,1.49733210,0.000419398137768,0.24933630,546480.14,13073.10
5840,191365120,390.226443,train,1.51569700,0.000419258183202,0.25663772,547086.29,13073.10
5841,191397888,390.283872,train,1.50282860,0.000419118242447,0.24287795,547636.22,13073.10
5842,191430656,390.341175,train,1.47565377,0.000418978315518,0.24853635,548188.57,13073.10
5843,191463424,390.398681,train,1.47656155,0.000418838402429,0.24270618,548673.07,13073.10
5844,191496192,390.456387,train,1.49883533,0.000418698503195,0.25299314,549094.11,13073.10
5845,191528960,390.514471,train,1.46748662,0.000418558617831,0.24349919,549420.14,13073.10
5846,191561728,390.572038,train,1.49703860,0.000418418746352,0.24915981,549835.86,13073.10
5847,191594496,390.629798,train,1.50854385,0.000418278888773,0.24713561,550196.32,13073.10
5848,191627264,390.687478,train,1.49651492,0.000418139045107,0.24190934,550557.92,13073.10
5849,191660032,390.744801,train,1.49505424,0.000417999215371,0.24267608,550972.53,13073.10
5850,191692800,390.802334,train,1.54312551,0.000417859399579,0.25568533,551332.32,13073.10
5851,191725568,390.859937,train,1.42841506,0.000417719597745,0.24520971,551665.52,13073.10
5852,191758336,390.915916,train,1.52525878,0.000417579809885,0.24213172,552276.87,13073.10
5853,191791104,390.972907,train,1.46182477,0.000417440036013,0.23585492,552688.48,13073.10
5854,191823872,391.030805,train,1.49227917,0.000417300276144,0.24278577,552928.51,13073.10
5855,191856640,391.088958,train,1.43808162,0.000417160530292,0.24613056,553116.83,13073.10
5856,191889408,391.146640,train,1.42826915,0.000417020798473,0.24689411,553377.15,13073.10
5857,191922176,391.204636,train,1.47386861,0.000416881080701,0.24007969,553576.95,13073.10
5858,191954944,391.261960,train,1.45949221,0.000416741376992,0.23997401,553878.60,13073.10
5859,191987712,391.319305,train,1.45340776,0.000416601687358,0.23777644,554166.91,13073.10
5860,192020480,391.376707,train,1.47828913,0.000416462011817,0.24333830,554437.08,13073.10
5861,192053248,391.434841,train,1.51346731,0.000416322350381,0.25784102,554585.84,13073.10
5862,192086016,391.492277,train,1.50154138,0.000416182703067,0.25623897,554835.57,13073.10
5863,192118784,391.549642,train,1.51326323,0.000416043069888,0.24264376,555088.33,13073.10
5864,192151552,391.607122,train,1.42307889,0.00041590345086,0.23620313,555316.54,13073.10
5865,192184320,391.665090,train,1.46923923,0.000415763845997,0.24812815,555466.88,13073.10
5866,192217088,391.722777,train,1.47452712,0.000415624255314,0.25307775,555653.25,13073.10
5867,192249856,391.780854,train,1.48914289,0.000415484678825,0.24331924,555779.23,13073.10
5868,192282624,391.838049,train,1.50605083,0.000415345116547,0.24578562,556023.72,13073.10
5869,192315392,391.895181,train,1.47775245,0.000415205568492,0.23916055,556270.11,13073.10
5870,192348160,391.952251,train,1.50618601,0.000415066034676,0.25122958,556518.05,13073.10
5871,192380928,392.009724,train,1.49814737,0.000414926515114,0.25610301,556705.37,13073.10
5872,192413696,392.067031,train,1.48315799,0.000414787009821,0.24177741,556909.59,13073.10
5873,192446464,392.124765,train,1.47649872,0.00041464751881,0.24513486,557052.93,13073.10
5874,192479232,392.182639,train,1.48286057,0.000414508042098,0.25136164,557174.48,13073.10
5875,192512000,392.239933,train,1.42800558,0.000414368579698,0.25196519,557366.12,13073.10
5876,192544768,392.297043,train,1.49558389,0.000414229131626,0.25297067,557575.91,13073.10
5877,192577536,392.354581,train,1.47200048,0.000414089697895,0.24490078,557727.59,13073.10
5878,192610304,392.412747,train,1.46755481,0.000413950278522,0.26891142,557799.03,13073.10
5879,192643072,392.471413,train,1.44254684,0.00041381087352,0.25547186,557808.48,13073.10
5880,192675840,392.529365,train,1.49664259,0.000413671482904,0.24571320,557902.54,13073.10
5881,192708608,392.586807,train,1.47344041,0.000413532106689,0.24624221,558054.10,13073.10
5882,192741376,392.644352,train,1.49390435,0.00041339274489,0.23703668,558190.24,13073.10
5883,192774144,392.701432,train,1.45806015,0.000413253397522,0.23987067,558376.20,13073.10
5884,192806912,392.759196,train,1.47381520,0.000413114064598,0.25076959,558480.51,13073.10
5885,192839680,392.816504,train,1.43457830,0.000412974746135,0.24703027,558633.51,13073.10
5886,192872448,392.874449,train,1.52302682,0.000412835442146,0.24706365,558712.37,13073.10
5887,192905216,392.931820,train,1.50301003,0.000412696152647,0.25272307,558852.36,13073.10
5888,192937984,392.989397,train,1.49594784,0.000412556877651,0.24459243,558966.89,13073.10
5889,192970752,393.047043,train,1.51254797,0.000412417617174,0.24333616,559071.57,13073.10
5890,193003520,393.104164,train,1.43651533,0.000412278371231,0.24793032,559229.59,13073.10
5891,193036288,393.162391,train,1.45941591,0.000412139139836,0.24396361,559268.23,13073.10
5892,193069056,393.219961,train,1.49792480,0.000411999923004,0.26183552,559374.11,13073.10
5893,193101824,393.277745,train,1.47167802,0.000411860720749,0.24720110,559455.80,13073.10
5894,193134592,393.335360,train,1.48689234,0.000411721533087,0.24102326,559552.95,13073.10
5895,193167360,393.392695,train,1.47118020,0.000411582360031,0.24039963,559676.32,13073.10
5896,193200128,393.450221,train,1.50089490,0.000411443201598,0.26636142,559778.13,13073.10
5897,193232896,393.508044,train,1.44227183,0.0004113040578,0.24414249,559848.56,13073.10
5898,193265664,393.565966,train,1.48341691,0.000411164928654,0.24482267,559907.94,13073.10
5899,193298432,393.622979,train,1.43626928,0.000411025814174,0.23816754,560053.97,13073.10
5900,193331200,393.680694,train,1.47418427,0.000410886714374,0.25496262,560129.95,13073.10
5900,193331200,394.018271,valid,1.47530040,0.000410886714374,,560129.95,13073.10
5901,193363968,394.171542,train,1.46427333,0.000410747629269,0.23901662,215704.94,13073.10
5902,193396736,394.229989,train,1.43767095,0.000410608558874,0.24969362,311545.66,13073.10
5903,193429504,394.287752,train,1.45751286,0.000410469503204,0.24750815,366640.19,13073.10
5904,193462272,394.345605,train,1.50513089,0.000410330462273,0.24818006,402094.04,13073.10
5905,193495040,394.403526,train,1.44618416,0.000410191436096,0.23466088,426783.73,13073.10
5906,193527808,394.461337,train,1.53975368,0.000410052424687,0.24151757,445110.94,13073.10
5907,193560576,394.519118,train,1.48839796,0.000409913428062,0.25515082,459223.76,13073.10
5908,193593344,394.576483,train,1.48464465,0.000409774446235,0.24319653,470760.81,13073.10
5909,193626112,394.634184,train,1.49584055,0.00040963547922,0.25699714,479880.76,13073.10
5910,193658880,394.691491,train,1.52484465,0.000409496527033,0.24644092,487720.77,13073.10
5911,193691648,394.749332,train,1.48411846,0.000409357589688,0.24531019,493967.00,13073.10
5912,193724416,394.807229,train,1.51255071,0.000409218667199,0.24293047,499260.00,13073.10
5913,193757184,394.864471,train,1.39130294,0.000409079759582,0.24009076,504219.02,13073.10
5914,193789952,394.922062,train,1.50300312,0.000408940866851,0.24298744,508351.54,13073.10
5915,193822720,394.980594,train,1.45418692,0.000408801989021,0.23997971,511487.25,13073.10
5916,193855488,395.038079,train,1.53744340,0.000408663126106,0.24560948,514791.30,13073.10
5917,193888256,395.095250,train,1.48495209,0.000408524278121,0.25210258,517893.65,13073.10
5918,193921024,395.153058,train,1.49178028,0.000408385445081,0.24438755,520390.06,13073.10
5919,193953792,395.210483,train,1.41668797,0.000408246627,0.23996517,522812.45,13073.10
5920,193986560,395.268465,train,1.47232449,0.000408107823893,0.24398224,524777.81,13073.10
5921,194019328,395.326316,train,1.45611310,0.000407969035775,0.24899946,526621.38,13073.10
5922,194052096,395.384256,train,1.41585875,0.000407830262661,0.24629711,528274.19,13073.10
5923,194084864,395.441668,train,1.48719227,0.000407691504564,0.23816527,529989.25,13073.10
5924,194117632,395.499504,train,1.42129207,0.0004075527615,0.24144575,531418.61,13073.10
5925,194150400,395.558073,train,1.46867013,0.000407414033484,0.24662578,532487.00,13073.10
5926,194183168,395.615735,train,1.47032356,0.000407275320529,0.24700457,533780.04,13073.10
5927,194215936,395.673032,train,1.41748071,0.000407136622652,0.24297513,535100.92,13073.10
5928,194248704,395.731460,train,1.47536397,0.000406997939865,0.25160038,535978.77,13073.10
5929,194281472,395.790164,train,1.48583078,0.000406859272184,0.24583179,536715.20,13073.10
5930,194314240,395.847977,train,1.49167287,0.000406720619625,0.24267222,537666.21,13073.10
5931,194347008,395.905611,train,1.51919627,0.0004065819822,0.24287687,538610.44,13073.10
5932,194379776,395.962717,train,1.48375058,0.000406443359925,0.25834009,539644.86,13073.10
5933,194412544,396.020768,train,1.48851013,0.000406304752815,0.23775607,540364.83,13073.10
5934,194445312,396.078825,train,1.49071002,0.000406166160884,0.24531585,541042.81,13073.10
5935,194478080,396.135734,train,1.42025948,0.000406027584147,0.24466111,541977.63,13073.10
5936,194510848,396.192845,train,1.49848223,0.000405889022618,0.25003177,542812.86,13073.10
5937,194543616,396.250345,train,1.47466183,0.000405750476312,0.24937010,543510.33,13073.10
5938,194576384,396.307877,train,1.47193456,0.000405611945244,0.24626791,544165.54,13073.10
5939,194609152,396.365772,train,1.46883368,0.000405473429429,0.24785525,544703.95,13073.10
5940,194641920,396.423157,train,1.43126106,0.00040533492888,0.24853614,545332.16,13073.10
5941,194674688,396.480768,train,1.48645926,0.000405196443614,0.24559501,545881.07,13073.10
5942,194707456,396.538312,train,1.47269583,0.000405057973643,0.24642804,546419.40,13073.10
5943,194740224,396.595505,train,1.46409476,0.000404919518983,0.24185582,547008.21,13073.10
5944,194772992,396.652916,train,1.47312021,0.000404781079649,0.24988635,547526.12,13073.10
5945,194805760,396.710100,train,1.50791562,0.000404642655655,0.25127929,548068.12,13073.10
5946,194838528,396.767890,train,1.49642706,0.000404504247016,0.24764462,548466.36,13073.10
5947,194871296,396.825656,train,1.46968710,0.000404365853746,0.24619870,548853.37,13073.10
5948,194904064,396.883525,train,1.48085237,0.00040422747586,0.24302298,549204.75,13073.10
5949,194936832,396.941207,train,1.51721418,0.000404089113373,0.24201408,549577.24,13073.10
5950,194969600,396.997797,train,1.44345856,0.000403950766299,0.24865150,550137.22,13073.10
5951,195002368,397.055681,train,1.44436479,0.000403812434652,0.23965947,550441.56,13073.10
5952,195035136,397.113625,train,1.51448476,0.000403674118449,0.23814489,550723.93,13073.10
5953,195067904,397.171811,train,1.51305747,0.000403535817702,0.24461412,550953.39,13073.10
5954,195100672,397.229428,train,1.46297002,0.000403397532427,0.23929486,551272.33,13073.10
5955,195133440,397.287133,train,1.42246175,0.000403259262638,0.24690737,551565.14,13073.10
5956,195166208,397.344932,train,1.50189137,0.000403121008351,0.24330388,551832.20,13073.10
5957,195198976,397.402946,train,1.44714487,0.000402982769578,0.24594955,552054.95,13073.10
5958,195231744,397.460231,train,1.51539803,0.000402844546336,0.25096345,552387.48,13073.10
5959,195264512,397.518290,train,1.44940126,0.000402706338639,0.24367115,552586.55,13073.10
5960,195297280,397.576170,train,1.45949268,0.0004025681465,0.24055289,552807.23,13073.10
5961,195330048,397.633337,train,1.46887493,0.000402429969936,0.25417730,553129.70,13073.10
5962,195362816,397.690906,train,1.43108058,0.00040229180896,0.25800118,553381.67,13073.10
5963,195395584,397.748767,train,1.45149970,0.000402153663588,0.24175988,553582.41,13073.10
5964,195428352,397.805910,train,1.50220728,0.000402015533833,0.25954720,553882.15,13073.10
5965,195461120,397.863092,train,1.46058655,0.00040187741971,0.25322866,554167.20,13073.10
5966,195493888,397.920479,train,1.38139033,0.000401739321234,0.23538996,554414.89,13073.10
5967,195526656,397.977772,train,1.49908471,0.00040160123842,0.24547999,554668.55,13073.10
5968,195559424,398.034885,train,1.51459646,0.000401463171282,0.26717341,554939.89,13073.10
5969,195592192,398.093245,train,1.48294938,0.000401325119834,0.25992846,555033.44,13073.10
5970,195624960,398.150557,train,1.47747016,0.000401187084091,0.24430858,555265.39,13073.10
5971,195657728,398.208230,train,1.53181601,0.000401049064069,0.25709516,555443.07,13073.10
5972,195690496,398.265381,train,1.46700168,0.00040091105978,0.23960312,555684.25,13073.10
5973,195723264,398.323351,train,1.51424193,0.000400773071241,0.25167584,555813.09,13073.10
5974,195756032,398.380569,train,1.46805608,0.000400635098465,0.24162629,556034.52,13073.10
5975,195788800,398.437692,train,1.45261312,0.000400497141467,0.24690956,556262.20,13073.10
5976,195821568,398.495287,train,1.43803203,0.000400359200262,0.24193531,556425.29,13073.10
5977,195854336,398.552770,train,1.50829506,0.000400221274864,0.24906395,556598.08,13073.10
5978,195887104,398.610370,train,1.44020247,0.000400083365288,0.23395197,556752.28,13073.10
5979,195919872,398.667574,train,1.46030402,0.000399945471549,0.24062094,556950.11,13073.10
5980,195952640,398.724912,train,1.44522524,0.00039980759366,0.24138857,557127.20,13073.10
5981,195985408,398.782056,train,1.47622919,0.000399669731637,0.23781775,557322.78,13073.10
5982,196018176,398.839739,train,1.47895885,0.000399531885494,0.24296457,557451.28,13073.10
5983,196050944,398.897851,train,1.45017600,0.000399394055245,0.25309867,557528.04,13073.10
5984,196083712,398.955987,train,1.49668407,0.000399256240906,0.23883836,557599.95,13073.10
5985,196116480,399.013651,train,1.47618032,0.000399118442491,0.23937139,557723.09,13073.10
5986,196149248,399.073124,train,1.44649684,0.000398980660013,0.25097612,557643.62,13073.10
5987,196182016,399.131535,train,1.42534590,0.000398842893489,0.24467996,557681.92,13073.10
5988,196214784,399.189059,train,1.44212890,0.000398705142932,0.24640706,557814.92,13073.10
5989,196247552,399.246934,train,1.47251177,0.000398567408357,0.25525823,557907.64,13073.10
5990,196280320,399.305007,train,1.55131078,0.000398429689779,0.24873079,557977.44,13073.10
5991,196313088,399.363529,train,1.44473016,0.000398291987211,0.24750003,557998.74,13073.10
5992,196345856,399.421203,train,1.45375681,0.00039815430067,0.25081369,558107.25,13073.10
5993,196378624,399.478669,train,1.43885756,0.000398016630168,0.23902190,558234.70,13073.10
5994,196411392,399.536335,train,1.51557779,0.000397878975721,0.24505240,558339.25,13073.10
5995,196444160,399.594036,train,1.41801560,0.000397741337344,0.24525765,558438.11,13073.10
5996,196476928,399.651489,train,1.42598486,0.00039760371505,0.23884152,558559.60,13073.10
5997,196509696,399.709299,train,1.50681853,0.000397466108854,0.25589371,558643.54,13073.10
5998,196542464,399.766966,train,1.49805355,0.000397328518771,0.24600972,558739.69,13073.10
5999,196575232,399.824872,train,1.49419332,0.000397190944816,0.24301095,558810.90,13073.10
6000,196608000,399.882574,train,1.52519023,0.000397053387003,0.25248751,558900.19,13073.10
6000,196608000,400.219821,valid,1.47391436,0.000397053387003,,558900.19,13073.10
6001,196640768,405.208311,train,1.48044622,0.000396915845346,0.24417585,6570.62,13073.10
6002,196673536,405.263917,train,1.41652179,0.00039677831986,0.24244313,12996.34,13073.10
6003,196706304,405.321792,train,1.48976469,0.00039664081056,0.24363002,19273.31,13073.10
6004,196739072,405.379777,train,1.46129084,0.000396503317459,0.23890322,25408.89,13073.10
6005,196771840,405.438421,train,1.50767732,0.000396365840573,0.25177392,31404.10,13073.10
6006,196804608,405.496016,train,1.42773294,0.000396228379917,0.24163234,37273.44,13073.10
6007,196837376,405.554103,train,1.49467802,0.000396090935503,0.25208351,43012.01,13073.10
6008,196870144,405.611833,train,1.43777943,0.000395953507348,0.24427435,48630.15,13073.10
6009,196902912,405.669329,train,1.47748876,0.000395816095466,0.23915361,54131.54,13073.10
6010,196935680,405.726597,train,1.49024880,0.000395678699871,0.24847315,59520.50,13073.10
6011,196968448,405.784245,train,1.51147842,0.000395541320577,0.25621268,64794.08,13073.10
6012,197001216,405.842458,train,1.46531010,0.0003954039576,0.24646790,69952.44,13073.10
6013,197033984,405.900006,train,1.45345950,0.000395266610953,0.23778774,75013.84,13073.10
6014,197066752,405.957165,train,1.46331930,0.000395129280652,0.24333553,79979.11,13073.10
6015,197099520,406.014220,train,1.44027734,0.00039499196671,0.24606782,84847.91,13073.10
6016,197132288,406.072177,train,1.47804165,0.000394854669142,0.23944861,89607.92,13073.10
6017,197165056,406.130510,train,1.46290934,0.000394717387963,0.25357825,94268.58,13073.10
6018,197197824,406.188352,train,1.48182309,0.000394580123188,0.25421688,98846.26,13073.10
6019,197230592,406.245954,train,1.46961606,0.00039444287483,0.25259143,103340.13,13073.10
6020,197263360,406.304123,train,1.49279511,0.000394305642904,0.24815400,107738.86,13073.10
6021,197296128,406.362121,train,1.44025517,0.000394168427425,0.24297647,112057.38,13073.10
6022,197328896,406.419799,train,1.45039678,0.000394031228407,0.25504386,116301.09,13073.10
6023,197361664,406.478075,train,1.47540605,0.000393894045865,0.24655680,120455.03,13073.10
6024,197394432,406.536341,train,1.50726664,0.000393756879813,0.25755289,124532.52,13073.10
6025,197427200,406.594047,train,1.45627594,0.000393619730266,0.25299788,128546.73,13073.10
6026,197459968,406.651767,train,1.47673404,0.000393482597238,0.24710150,132488.61,13073.10
6027,197492736,406.710036,train,1.48459840,0.000393345480744,0.24748403,136348.83,13073.10
6028,197525504,406.767402,train,1.49883986,0.000393208380797,0.25879177,140159.66,13073.10
6029,197558272,406.826158,train,1.47451591,0.000393071297414,0.24830854,143873.98,13073.10
6030,197591040,406.884445,train,1.46785855,0.000392934230607,0.24338666,147533.21,13073.10
6031,197623808,406.942069,train,1.47925341,0.000392797180392,0.23823799,151143.88,13073.10
6032,197656576,406.999411,train,1.48048854,0.000392660146783,0.25373915,154699.59,13073.10
6033,197689344,407.056939,train,1.52399707,0.000392523129795,0.25032139,158191.33,13073.10
6034,197722112,407.114441,train,1.44341779,0.000392386129441,0.24558800,161625.41,13073.10
6035,197754880,407.172222,train,1.47292399,0.000392249145737,0.24888469,164996.04,13073.10
6036,197787648,407.229644,train,1.45961988,0.000392112178697,0.23963638,168319.73,13073.10
6037,197820416,407.287280,train,1.46727514,0.000391975228336,0.24801069,171584.19,13073.10
6038,197853184,407.344758,train,1.51599813,0.000391838294667,0.24589710,174799.69,13073.10
6039,197885952,407.402014,train,1.48171914,0.000391701377706,0.24801008,177969.23,13073.10
6040,197918720,407.458739,train,1.49645829,0.000391564477466,0.24365473,181101.90,13073.10
6041,197951488,407.517157,train,1.45247483,0.000391427593963,0.24021892,184143.14,13073.10
6042,197984256,407.574759,train,1.45031404,0.000391290727211,0.23913398,187156.80,13073.10
6043,198017024,407.632268,train,1.54275572,0.000391153877223,0.24810463,190126.00,13073.10
6044,198049792,407.689224,train,1.51939416,0.000391017044016,0.25386170,193063.77,13073.10
6045,198082560,407.747078,train,1.46053588,0.000390880227602,0.24642718,195933.70,13073.10
6046,198115328,407.804260,train,1.48679125,0.000390743427997,0.24066453,198777.45,13073.10
6047,198148096,407.861830,train,1.43395424,0.000390606645215,0.25289261,201568.40,13073.10
6048,198180864,407.919253,train,1.43041778,0.00039046987927,0.25070813,204321.51,13073.10
6049,198213632,407.976454,train,1.49663520,0.000390333130178,0.24633908,207039.76,13073.10
6050,198246400,408.034368,train,1.47827506,0.000390196397951,0.24603772,209699.07,13073.10
6051,198279168,408.091740,train,1.48353684,0.000390059682606,0.23438852,212333.88,13073.10
6052,198311936,408.150585,train,1.45866990,0.000389922984155,0.24862479,214890.62,13073.10
6053,198344704,408.208216,train,1.50473940,0.000389786302615,0.25567141,217442.74,13073.10
6054,198377472,408.265369,train,1.46489716,0.000389649637998,0.24175631,219971.37,13073.10
6055,198410240,408.323814,train,1.47111678,0.00038951299032,0.24495026,222428.81,13073.10
6056,198443008,408.381208,train,1.46820760,0.000389376359595,0.25612739,224880.06,13073.10
6057,198475776,408.438437,train,1.45099187,0.000389239745838,0.23878656,227301.61,13073.10
6058,198508544,408.495665,train,1.42258072,0.000389103149062,0.24401742,229689.71,13073.10
6059,198541312,408.553849,train,1.43431175,0.000388966569282,0.23923640,232018.36,13073.10
6060,198574080,408.611261,train,1.44491339,0.000388830006514,0.24559915,234336.29,13073.10
6061,198606848,408.669538,train,1.44724607,0.00038869346077,0.24624233,236598.46,13073.10
6062,198639616,408.727304,train,1.49336219,0.000388556932066,0.24878632,238844.03,13073.10
6063,198672384,408.784573,train,1.45075488,0.000388420420416,0.24442258,241073.24,13073.10
6064,198705152,408.841679,train,1.50820875,0.000388283925834,0.24837430,243277.47,13073.10
6065,198737920,408.899039,train,1.46954572,0.000388147448335,0.24731813,245445.47,13073.10
6066,198770688,408.955923,train,1.51393437,0.000388010987933,0.25334266,247598.55,13073.10
6067,198803456,409.013274,train,1.48000097,0.000387874544643,0.23885660,249710.44,13073.10
6068,198836224,409.070847,train,1.43988204,0.000387738118479,0.24532370,251788.69,13073.10
6069,198868992,409.126483,train,1.48284292,0.000387601709456,0.24600911,253895.26,13073.10
6070,198901760,409.183285,train,1.50806260,0.000387465317587,0.24811146,255942.37,13073.10
6071,198934528,409.240154,train,1.46834040,0.000387328942888,0.24781276,257961.76,13073.10
6072,198967296,409.296963,train,1.45892048,0.000387192585372,0.23998347,259957.59,13073.10
6073,199000064,409.354408,train,1.45378613,0.000387056245055,0.24304515,261910.34,13073.10
6074,199032832,409.411657,train,1.44410050,0.000386919921949,0.24019855,263844.31,13073.10
6075,199065600,409.468349,train,1.51035857,0.000386783616071,0.24155772,265770.32,13073.10
6076,199098368,409.526018,train,1.49195254,0.000386647327434,0.23843546,267644.78,13073.10
6077,199131136,409.584319,train,1.46328878,0.000386511056053,0.23793833,269477.94,13073.10
6078,199163904,409.640639,train,1.48401785,0.000386374801942,0.24093267,271345.48,13073.10
6079,199196672,409.698868,train,1.44058108,0.000386238565115,0.24211749,273135.80,13073.10
6080,199229440,409.755853,train,1.48044932,0.000386102345588,0.24405861,274940.08,13073.10
6081,199262208,409.812725,train,1.44905901,0.000385966143373,0.24643756,276726.25,13073.10
6082,199294976,409.869999,train,1.45662200,0.000385829958486,0.23810069,278479.70,13073.10
6083,199327744,409.927221,train,1.47324133,0.000385693790942,0.24985974,280213.98,13073.10
6084,199360512,409.984667,train,1.45740581,0.000385557640753,0.25621718,281921.46,13073.10
6085,199393280,410.041689,train,1.47560763,0.000385421507936,0.23988800,283621.20,13073.10
6086,199426048,410.099556,train,1.46819901,0.000385285392503,0.24836136,285276.93,13073.10
6087,199458816,410.157171,train,1.44395101,0.00038514929447,0.24826932,286920.65,13073.10
6088,199491584,410.214825,train,1.44911838,0.000385013213851,0.23468857,288544.28,13073.10
6089,199524352,410.272417,train,1.45556056,0.000384877150661,0.24017991,290151.09,13073.10
6090,199557120,410.330021,train,1.48022223,0.000384741104913,0.24414487,291739.22,13073.10
6091,199589888,410.387467,train,1.48702002,0.000384605076622,0.24213502,293313.93,13073.10
6092,199622656,410.444243,train,1.47006953,0.000384469065803,0.23961331,294890.28,13073.10
6093,199655424,410.500912,train,1.44609880,0.000384333072469,0.24179842,296452.26,13073.10
6094,199688192,410.558530,train,1.44430637,0.000384197096636,0.23777533,297969.79,13073.10
6095,199720960,410.616667,train,1.47297931,0.000384061138317,0.24363932,299455.54,13073.10
6096,199753728,410.673762,train,1.50602078,0.000383925197527,0.25445706,300954.76,13073.10
6097,199786496,410.731101,train,1.41696382,0.00038378927428,0.23513038,302430.65,13073.10
6098,199819264,410.788416,train,1.51956451,0.00038365336859,0.24397369,303891.24,13073.10
6099,199852032,410.845448,train,1.50407815,0.000383517480473,0.24355011,305344.21,13073.10
6100,199884800,410.902718,train,1.46212614,0.000383381609942,0.24485746,306774.81,13073.10
6100,199884800,411.239543,valid,1.47095245,0.000383381609942,,306774.81,13073.10
6101,199917568,411.380232,train,1.45755982,0.000383245757012,0.24641834,234882.04,13073.10
6102,199950336,411.436292,train,1.44869566,0.000383109921697,0.24152985,335104.50,13073.10
6103,199983104,411.494567,train,1.50795984,0.000382974104011,0.25313106,387261.32,13073.10
6104,200015872,411.551356,train,1.51700211,0.000382838303969,0.24790287,421952.04,13073.10
6105,200048640,411.608877,train,1.45119274,0.000382702521584,0.24667667,445031.37,13073.10
6106,200081408,411.665281,train,1.43835986,0.000382566756873,0.24556817,463089.08,13073.10
6107,200114176,411.723085,train,1.49077964,0.000382431009848,0.24675709,475526.40,13073.10
6108,200146944,411.779649,train,1.42533374,0.000382295280524,0.24518758,486419.04,13073.10
6109,200179712,411.837261,train,1.46780610,0.000382159568915,0.25498182,494372.40,13073.10
6110,200212480,411.894312,train,1.50354552,0.000382023875037,0.23857781,501355.32,13073.10
6111,200245248,411.951079,train,1.44468164,0.000381888198902,0.25016543,507419.19,13073.10
6112,200278016,412.008733,train,1.45967269,0.000381752540526,0.24500856,511993.70,13073.10
6113,200310784,412.066402,train,1.42746985,0.000381616899922,0.25534132,515920.10,13073.10
6114,200343552,412.123298,train,1.48388481,0.000381481277106,0.25080490,519788.28,13073.10
6115,200376320,412.180043,train,1.53838110,0.000381345672091,0.25382406,523272.44,13073.10
6116,200409088,412.236554,train,1.51625860,0.000381210084892,0.26826003,526482.98,13073.10
6117,200441856,412.292811,train,1.46212268,0.000381074515522,0.24525779,529476.64,13073.10
6118,200474624,412.349437,train,1.48958540,0.000380938963998,0.25735888,531989.26,13073.10
6119,200507392,412.406358,train,1.45464540,0.000380803430331,0.24880975,534122.78,13073.10
6120,200540160,412.463117,train,1.48321390,0.000380667914538,0.24106434,536128.43,13073.10
6121,200572928,412.520555,train,1.48983574,0.000380532416632,0.24000798,537670.75,13073.10
6122,200605696,412.577978,train,1.46897125,0.000380396936628,0.24382652,539086.36,13073.10
6123,200638464,412.635070,train,1.44064331,0.00038026147454,0.23521857,540514.02,13073.10
6124,200671232,412.691644,train,1.48925734,0.000380126030382,0.24334359,542022.90,13073.10
6125,200704000,412.748848,train,1.41304040,0.000379990604169,0.24018440,543191.24,13073.10
6126,200736768,412.806043,train,1.40944386,0.000379855195914,0.24115516,544277.33,13073.10
6127,200769536,412.863294,train,1.44712448,0.000379719805633,0.24664567,545267.96,13073.10
6128,200802304,412.920266,train,1.47166681,0.000379584433339,0.24016133,546282.17,13073.10
6129,200835072,412.977657,train,1.43737566,0.000379449079047,0.23881744,547097.25,13073.10
6130,200867840,413.035040,train,1.49114716,0.000379313742771,0.24875642,547863.27,13073.10
6131,200900608,413.093367,train,1.42836726,0.000379178424525,0.25814199,548301.77,13073.10
6132,200933376,413.150951,train,1.48258710,0.000379043124324,0.24263501,548927.27,13073.10
6133,200966144,413.208243,train,1.44739270,0.000378907842182,0.23708513,549597.59,13073.10
6134,200998912,413.265646,train,1.48326421,0.000378772578114,0.23970684,550199.74,13073.10
6135,201031680,413.323458,train,1.48657036,0.000378637332132,0.24449416,550660.69,13073.10
6136,201064448,413.380826,train,1.51984465,0.000378502104253,0.26482114,551210.77,13073.10
6137,201097216,413.438254,train,1.47899926,0.00037836689449,0.24043456,551717.36,13073.10
6138,201129984,413.495325,train,1.51070225,0.000378231702857,0.24808384,552285.62,13073.10
6139,201162752,413.552717,train,1.44073272,0.000378096529369,0.24976543,552748.89,13073.10
6140,201195520,413.610095,train,1.48736763,0.000377961374039,0.24633536,553193.06,13073.10
6141,201228288,413.667566,train,1.47249997,0.000377826236883,0.24673703,553594.81,13073.10
6142,201261056,413.724704,train,1.43315721,0.000377691117915,0.23968579,554052.59,13073.10
6143,201293824,413.781919,train,1.48688304,0.000377556017148,0.25566748,554472.86,13073.10
6144,201326592,413.838485,train,1.45576823,0.000377420934598,0.24984692,555013.10,13073.10
6145,201359360,413.895300,train,1.46202350,0.000377285870277,0.24645056,555478.49,13073.10
6146,201392128,413.952365,train,1.43649685,0.000377150824201,0.23584880,555872.91,13073.10
6147,201424896,414.009584,train,1.42875314,0.000377015796384,0.24319993,556220.13,13073.10
6148,201457664,414.066674,train,1.48740458,0.000376880786841,0.24713717,556578.68,13073.10
6149,201490432,414.124373,train,1.43118632,0.000376745795584,0.23851429,556805.47,13073.10
6150,201523200,414.181328,train,1.46600831,0.000376610822629,0.24893337,557164.23,13073.10
6151,201555968,414.238289,train,1.50939226,0.000376475867991,0.25099930,557508.28,13073.10
6152,201588736,414.295303,train,1.50714517,0.000376340931682,0.24432477,557829.98,13073.10
6153,201621504,414.352149,train,1.47216678,0.000376206013717,0.24536471,558169.76,13073.10
6154,201654272,414.408643,train,1.48771191,0.000376071114112,0.24692920,558559.58,13073.10
6155,201687040,414.464854,train,1.48202968,0.000375936232879,0.25298780,558984.74,13073.10
6156,201719808,414.522305,train,1.47047222,0.000375801370033,0.25202149,559184.02,13073.10
6157,201752576,414.579087,train,1.46822262,0.000375666525589,0.24617279,559488.49,13073.10
6158,201785344,414.635818,train,1.47917652,0.00037553169956,0.23878631,559791.16,13073.10
6159,201818112,414.693315,train,1.49575794,0.000375396891962,0.24841948,559959.64,13073.10
6160,201850880,414.750246,train,1.48938310,0.000375262102807,0.24051023,560212.87,13073.10
6161,201883648,414.807269,train,1.52865314,0.000375127332111,0.24806663,560443.63,13073.10
6162,201916416,414.865277,train,1.47905397,0.000374992579887,0.24696665,560514.77,13073.10
6163,201949184,414.922685,train,1.49353886,0.000374857846151,0.24171449,560675.02,13073.10
6164,201981952,414.979676,train,1.45671141,0.000374723130915,0.23804761,560892.94,13073.10
6165,202014720,415.037173,train,1.48683894,0.000374588434195,0.24085638,561029.44,13073.10
6166,202047488,415.093857,train,1.46862388,0.000374453756004,0.24506235,561280.32,13073.10
6167,202080256,415.151489,train,1.49330664,0.000374319096357,0.25372908,561387.68,13073.10
6168,202113024,415.208553,train,1.43922281,0.000374184455268,0.24903537,561572.48,13073.10
6169,202145792,415.265353,train,1.50014925,0.000374049832751,0.24197066,561788.79,13073.10
6170,202178560,415.322917,train,1.48280990,0.00037391522882,0.24331555,561894.00,13073.10
6171,202211328,415.380371,train,1.46463680,0.00037378064349,0.25003743,562011.14,13073.10
6172,202244096,415.437286,train,1.43929291,0.000373646076775,0.24039719,562197.27,13073.10
6173,202276864,415.494306,train,1.46896911,0.000373511528689,0.24356444,562364.58,13073.10
6174,202309632,415.551469,train,1.46048486,0.000373376999247,0.24188004,562508.67,13073.10
6175,202342400,415.608345,train,1.46400642,0.000373242488462,0.23692514,562686.14,13073.10
6176,202375168,415.664990,train,1.43982351,0.000373107996348,0.24156602,562888.27,13073.10
6177,202407936,415.722259,train,1.43675804,0.000372973522921,0.24513903,563006.96,13073.10
6178,202440704,415.779387,train,1.45237923,0.000372839068193,0.24921475,563140.16,13073.10
6179,202473472,415.836484,train,1.47470379,0.00037270463218,0.24890058,563273.91,13073.10
6180,202506240,415.894015,train,1.42808652,0.000372570214896,0.23740324,563351.74,13073.10
6181,202539008,415.951018,train,1.43909276,0.000372435816354,0.24593180,563490.85,13073.10
6182,202571776,416.008067,train,1.44729197,0.000372301436569,0.24376620,563621.28,13073.10
6183,202604544,416.064665,train,1.43720686,0.000372167075555,0.24170254,563801.10,13073.10
6184,202637312,416.121682,train,1.43644047,0.000372032733327,0.23915723,563928.58,13073.10
6185,202670080,416.179275,train,1.47061801,0.000371898409898,0.24309728,563987.23,13073.10
6186,202702848,416.236221,train,1.44370699,0.000371764105282,0.23912074,564117.55,13073.10
6187,202735616,416.293197,train,1.43289900,0.000371629819495,0.24290080,564241.61,13073.10
6188,202768384,416.350263,train,1.46468103,0.00037149555255,0.24255760,564352.96,13073.10
6189,202801152,416.407809,train,1.46011567,0.000371361304461,0.24388275,564409.48,13073.10
6190,202833920,416.465489,train,1.46840882,0.000371227075242,0.24151850,564450.19,13073.10
6191,202866688,416.523367,train,1.44604921,0.000371092864908,0.24152786,564468.84,13073.10
6192,202899456,416.580624,train,1.49758887,0.000370958673472,0.23802172,564552.84,13073.10
6193,202932224,416.637175,train,1.47332859,0.00037082450095,0.23754755,564708.88,13073.10
6194,202964992,416.694483,train,1.49221468,0.000370690347355,0.25514337,564783.20,13073.10
6195,202997760,416.751620,train,1.46533656,0.000370556212701,0.24723710,564873.57,13073.10
6196,203030528,416.808921,train,1.45105839,0.000370422097003,0.24308391,564945.43,13073.10
6197,203063296,416.866378,train,1.45782852,0.000370288000274,0.24511062,565000.18,13073.10
6198,203096064,416.923788,train,1.45056844,0.000370153922529,0.23971383,565058.49,13073.10
6199,203128832,416.981157,train,1.49233103,0.000370019863782,0.25800475,565119.62,13073.10
6200,203161600,417.037982,train,1.45432258,0.000369885824047,0.24031833,565232.65,13073.10
6200,203161600,417.375319,valid,1.46810283,0.000369885824047,,565232.65,13073.10
6201,203194368,417.536209,train,1.41832566,0.000369751803338,0.24338502,205321.19,13073.10
6202,203227136,417.594006,train,1.48935831,0.00036961780167,0.25124493,301466.78,13073.10
6203,203259904,417.653570,train,1.47837877,0.000369483819057,0.24634162,354946.16,13073.10
6204,203292672,417.710606,train,1.48616910,0.000369349855512,0.24469781,392442.57,13073.10
6205,203325440,417.768207,train,1.45948911,0.00036921591105,0.23850848,418395.32,13073.10
6206,203358208,417.825216,train,1.45769072,0.000369081985685,0.24750476,438269.91,13073.10
6207,203390976,417.882511,train,1.46872735,0.000368948079431,0.26033941,453406.31,13073.10
6208,203423744,417.939474,train,1.46439171,0.000368814192303,0.24513321,465737.34,13073.10
6209,203456512,417.996643,train,1.49431336,0.000368680324314,0.24303880,475643.54,13073.10
6210,203489280,418.053259,train,1.43990123,0.000368546475479,0.25422305,484272.71,13073.10
6211,203522048,418.110421,train,1.44011259,0.000368412645812,0.23870620,491203.71,13073.10
6212,203554816,418.167238,train,1.44266307,0.000368278835326,0.24092524,497349.94,13073.10
6213,203587584,418.223842,train,1.49208391,0.000368145044037,0.24187243,502797.91,13073.10
6214,203620352,418.281028,train,1.50225031,0.000368011271957,0.25054798,507237.84,13073.10
6215,203653120,418.338171,train,1.45107985,0.000367877519102,0.24186701,511172.12,13073.10
6216,203685888,418.395384,train,1.48884785,0.000367743785486,0.24965431,514629.47,13073.10
6217,203718656,418.452136,train,1.50336444,0.000367610071122,0.24943469,517940.91,13073.10
6218,203751424,418.508946,train,1.47020411,0.000367476376025,0.24638030,520893.79,13073.10
6219,203784192,418.565426,train,1.48601305,0.000367342700208,0.24689218,523710.41,13073.10
6220,203816960,418.622213,train,1.46533132,0.000367209043686,0.24201058,526141.00,13073.10
6221,203849728,418.679454,train,1.50112534,0.000367075406474,0.24148963,528176.16,13073.10
6222,203882496,418.736589,train,1.42071915,0.000366941788585,0.23981647,530081.00,13073.10
6223,203915264,418.794107,train,1.46568489,0.000366808190032,0.25690427,531688.69,13073.10
6224,203948032,418.851141,train,1.45738947,0.000366674610832,0.24185203,533345.84,13073.10
6225,203980800,418.908870,train,1.50231636,0.000366541050997,0.25103840,534637.10,13073.10
6226,204013568,418.966086,train,1.48151386,0.000366407510541,0.24371018,536007.59,13073.10
6227,204046336,419.022639,train,1.52321982,0.000366273989479,0.25014839,537499.01,13073.10
6228,204079104,419.079187,train,1.45312560,0.000366140487825,0.25290731,538892.98,13073.10
6229,204111872,419.136601,train,1.46787202,0.000366007005593,0.24224080,539931.73,13073.10
6230,204144640,419.193398,train,1.48251379,0.000365873542797,0.25042471,541088.52,13073.10
6231,204177408,419.250391,train,1.49569941,0.000365740099451,0.24128066,542118.51,13073.10
6232,204210176,419.307220,train,1.46576691,0.000365606675569,0.24458261,543133.66,13073.10
6233,204242944,419.364197,train,1.46055555,0.000365473271166,0.23792304,544050.17,13073.10
6234,204275712,419.421148,train,1.43824005,0.000365339886255,0.24300903,544922.63,13073.10
6235,204308480,419.478050,train,1.45809662,0.00036520652085,0.23450251,545760.52,13073.10
6236,204341248,419.535890,train,1.46117449,0.000365073174966,0.23878467,546316.96,13073.10
6237,204374016,419.592753,train,1.45191813,0.000364939848617,0.24074076,547085.19,13073.10
6238,204406784,419.649882,train,1.43793917,0.000364806541817,0.24625994,547751.09,13073.10
6239,204439552,419.707746,train,1.47712314,0.000364673254579,0.23833854,548211.38,13073.10
6240,204472320,419.764816,train,1.42243123,0.000364539986918,0.24901326,548831.53,13073.10
6241,204505088,419.821931,train,1.43378901,0.000364406738848,0.24129395,549412.97,13073.10
6242,204537856,419.879081,train,1.43540239,0.000364273510384,0.23747247,549960.11,13073.10
6243,204570624,419.936129,train,1.46638262,0.000364140301538,0.23904081,550504.72,13073.10
6244,204603392,419.993516,train,1.49064422,0.000364007112326,0.24590026,550954.24,13073.10
6245,204636160,420.050525,train,1.47063315,0.000363873942761,0.23743409,551462.22,13073.10
6246,204668928,420.107516,train,1.46135867,0.000363740792857,0.23874474,551952.73,13073.10
6247,204701696,420.165466,train,1.50972271,0.000363607662629,0.25068459,552233.40,13073.10
6248,204734464,420.222904,train,1.50032866,0.00036347455209,0.24283759,552601.75,13073.10
6249,204767232,420.279546,train,1.44093668,0.000363341461255,0.24274796,553107.24,13073.10
6250,204800000,420.336141,train,1.45791364,0.000363208390137,0.23671289,553602.24,13073.10
6251,204832768,420.393204,train,1.44532037,0.000363075338751,0.23830117,553992.73,13073.10
6252,204865536,420.450314,train,1.47704327,0.00036294230711,0.25046757,554360.21,13073.10
6253,204898304,420.507250,train,1.44264245,0.00036280929523,0.24080363,554745.09,13073.10
6254,204931072,420.563589,train,1.45666277,0.000362676303123,0.24377987,555220.34,13073.10
6255,204963840,420.620583,train,1.48707759,0.000362543330804,0.24509865,555566.59,13073.10
6256,204996608,420.677438,train,1.46690202,0.000362410378287,0.24590676,555924.53,13073.10
6257,205029376,420.735647,train,1.45151925,0.000362277445586,0.23598625,556046.06,13073.10
6258,205062144,420.792891,train,1.43100595,0.000362144532715,0.24424134,556320.47,13073.10
6259,205094912,420.850191,train,1.44293427,0.000362011639688,0.24073075,556576.89,13073.10
6260,205127680,420.907402,train,1.41029441,0.000361878766519,0.23498362,556839.08,13073.10
6261,205160448,420.964230,train,1.48392093,0.000361745913223,0.25306994,557152.34,13073.10
6262,205193216,421.021508,train,1.44779658,0.000361613079812,0.24751109,557387.18,13073.10
6263,205225984,421.078722,train,1.44188690,0.000361480266301,0.24504171,557624.22,13073.10
6264,205258752,421.135863,train,1.46840262,0.000361347472705,0.24614085,557864.84,13073.10
6265,205291520,421.192912,train,1.43665957,0.000361214699037,0.24024780,558111.82,13073.10
6266,205324288,421.249920,train,1.45471478,0.000361081945311,0.24305078,558357.36,13073.10
6267,205357056,421.307216,train,1.47472358,0.000360949211542,0.25339374,558554.93,13073.10
6268,205389824,421.364014,train,1.46421146,0.000360816497743,0.24679209,558816.55,13073.10
6269,205422592,421.421171,train,1.42971230,0.000360683803928,0.24155879,559021.23,13073.10
6270,205455360,421.477348,train,1.45904040,0.000360551130111,0.25095919,559353.71,13073.10
6271,205488128,421.534258,train,1.47082257,0.000360418476307,0.24814734,559578.66,13073.10
6272,205520896,421.591410,train,1.39007115,0.000360285842529,0.24391511,559765.36,13073.10
6273,205553664,421.648319,train,1.45964050,0.000360153228792,0.24361505,559978.98,13073.10
6274,205586432,421.704739,train,1.50444555,0.000360020635109,0.25394604,560250.21,13073.10
6275,205619200,421.762541,train,1.42016411,0.000359888061494,0.24386592,560337.83,13073.10
6276,205651968,421.819054,train,1.45563352,0.000359755507962,0.24436472,560585.84,13073.10
6277,205684736,421.876368,train,1.52043748,0.000359622974526,0.24400932,560727.69,13073.10
6278,205717504,421.933310,train,1.43970871,0.0003594904612,0.23874536,560911.98,13073.10
6279,205750272,421.990079,train,1.45591879,0.000359357967999,0.24131665,561112.59,13073.10
6280,205783040,422.047104,train,1.46660089,0.000359225494937,0.24517994,561277.39,13073.10
6281,205815808,422.104365,train,1.47226167,0.000359093042026,0.24053514,561410.49,13073.10
6282,205848576,422.161705,train,1.46533215,0.000358960609282,0.24447832,561530.91,13073.10
6283,205881344,422.218928,train,1.50596070,0.000358828196719,0.25362474,561662.13,13073.10
6284,205914112,422.276777,train,1.45861483,0.00035869580435,0.23994100,561718.71,13073.10
6285,205946880,422.333830,train,1.53985882,0.000358563432189,0.24215235,561863.99,13073.10
6286,205979648,422.390498,train,1.46766353,0.00035843108025,0.23965058,562049.08,13073.10
6287,206012416,422.447275,train,1.46927881,0.000358298748548,0.24196404,562218.05,13073.10
6288,206045184,422.504777,train,1.42629814,0.000358166437096,0.24327533,562303.74,13073.10
6289,206077952,422.561330,train,1.46103764,0.000358034145908,0.24179454,562490.41,13073.10
6290,206110720,422.618415,train,1.46171427,0.000357901874999,0.25143185,562616.01,13073.10
6291,206143488,422.675530,train,1.38225889,0.000357769624382,0.24142528,562735.62,13073.10
6292,206176256,422.732516,train,1.51174426,0.000357637394071,0.24717382,562866.31,13073.10
6293,206209024,422.789999,train,1.45989966,0.00035750518408,0.25015244,562942.61,13073.10
6294,206241792,422.847191,train,1.53265667,0.000357372994423,0.24574040,563047.18,13073.10
6295,206274560,422.903965,train,1.46112275,0.000357240825114,0.24893695,563192.23,13073.10
6296,206307328,422.961380,train,1.50318789,0.000357108676168,0.24602176,563269.55,13073.10
6297,206340096,423.019114,train,1.47023177,0.000356976547597,0.24409759,563313.57,13073.10
6298,206372864,423.076255,train,1.50631058,0.000356844439416,0.24797817,563415.28,13073.10
6299,206405632,423.133609,train,1.46144748,0.000356712351639,0.25553432,563494.10,13073.10
6300,206438400,423.190886,train,1.42209339,0.00035658028428,0.23709439,563578.90,13073.10
6300,206438400,423.527962,valid,1.46587102,0.00035658028428,,563578.90,13073.10
6301,206471168,423.688474,train,1.41852486,0.000356448237353,0.25897992,206199.90,13073.10
6302,206503936,423.746067,train,1.45537126,0.000356316210872,0.25059989,302698.67,13073.10
6303,206536704,423.804666,train,1.50143123,0.00035618420485,0.24726745,357332.25,13073.10
6304,206569472,423.861359,train,1.40019941,0.000356052219302,0.24820358,395036.06,13073.10
6305,206602240,423.918729,train,1.47658801,0.000355920254242,0.26060936,421000.74,13073.10
6306,206635008,423.975721,train,1.43406522,0.000355788309683,0.24662769,440666.85,13073.10
6307,206667776,424.032732,train,1.43637466,0.000355656385639,0.23926848,455860.58,13073.10
6308,206700544,424.089344,train,1.47120929,0.000355524482125,0.25004575,468296.12,13073.10
6309,206733312,424.146459,train,1.45335102,0.000355392599155,0.24383952,478056.26,13073.10
6310,206766080,424.203224,train,1.42495358,0.000355260736741,0.24396580,486415.26,13073.10
6311,206798848,424.260262,train,1.40358579,0.000355128894899,0.24389122,493290.66,13073.10
6312,206831616,424.316587,train,1.51377296,0.000354997073642,0.25241849,499622.90,13073.10
6313,206864384,424.373257,train,1.48715568,0.000354865272984,0.24349998,504901.92,13073.10
6314,206897152,424.431151,train,1.44074655,0.000354733492939,0.24670155,508825.64,13073.10
6315,206929920,424.488092,train,1.45428705,0.000354601733521,0.24617152,512784.79,13073.10
6316,206962688,424.545567,train,1.45091522,0.000354469994743,0.24567875,516028.56,13073.10
6317,206995456,424.602376,train,1.51274288,0.000354338276621,0.24698725,519246.90,13073.10
6318,207028224,424.658932,train,1.44302750,0.000354206579167,0.24139062,522259.18,13073.10
6319,207060992,424.716261,train,1.47279358,0.000354074902396,0.24370807,524641.21,13073.10
6320,207093760,424.773252,train,1.41873109,0.000353943246321,0.23732953,526947.73,13073.10
6321,207126528,424.830812,train,1.48122263,0.000353811610956,0.25154051,528820.56,13073.10
6322,207159296,424.887541,train,1.46040821,0.000353679996316,0.24410927,530858.94,13073.10
6323,207192064,424.944560,train,1.49942970,0.000353548402414,0.24146298,532625.37,13073.10
6324,207224832,425.001877,train,1.44965696,0.000353416829264,0.25097674,534146.24,13073.10
6325,207257600,425.058943,train,1.41849053,0.00035328527688,0.25666460,535641.24,13073.10
6326,207290368,425.116157,train,1.47974539,0.000353153745276,0.24351442,536978.38,13073.10
6327,207323136,425.172841,train,1.43092108,0.000353022234465,0.24283312,538396.48,13073.10
6328,207355904,425.229692,train,1.50069582,0.000352890744462,0.24562521,539666.80,13073.10
6329,207388672,425.287355,train,1.44574261,0.000352759275281,0.23711134,540604.70,13073.10
6330,207421440,425.344762,train,1.41712213,0.000352627826936,0.24108493,541559.84,13073.10
6331,207454208,425.402469,train,1.46429956,0.000352496399439,0.24554829,542369.28,13073.10
6332,207486976,425.459414,train,1.50356913,0.000352364992806,0.24222203,543345.14,13073.10
6333,207519744,425.516604,train,1.44429731,0.00035223360705,0.24184796,544197.59,13073.10
6334,207552512,425.573639,train,1.41962183,0.000352102242185,0.24196622,545043.76,13073.10
6335,207585280,425.630326,train,1.45813990,0.000351970898225,0.25364277,545934.35,13073.10
6336,207618048,425.687516,train,1.47225606,0.000351839575183,0.24884561,546650.93,13073.10
6337,207650816,425.744498,train,1.42953491,0.000351708273074,0.23532544,547381.72,13073.10
6338,207683584,425.802039,train,1.45477116,0.000351576991912,0.23962919,547940.92,13073.10
6339,207716352,425.859595,train,1.46983838,0.00035144573171,0.24570288,548469.28,13073.10
6340,207749120,425.916938,train,1.40097499,0.000351314492482,0.24520238,549021.07,13073.10
6341,207781888,425.973895,train,1.49420643,0.000351183274242,0.24896494,549633.58,13073.10
6342,207814656,426.031012,train,1.46219337,0.000351052077004,0.24511439,550182.88,13073.10
6343,207847424,426.088210,train,1.46723390,0.000350920900782,0.23753090,550690.61,13073.10
6344,207880192,426.145282,train,1.46754265,0.000350789745589,0.25038138,551202.52,13073.10
6345,207912960,426.202497,train,1.46093535,0.00035065861144,0.24069491,551663.08,13073.10
6346,207945728,426.260366,train,1.44230080,0.000350527498349,0.24685748,551971.98,13073.10
6347,207978496,426.318563,train,1.45598578,0.000350396406328,0.24295737,552203.26,13073.10
6348,208011264,426.375651,train,1.45721507,0.000350265335393,0.25679389,552640.30,13073.10
6349,208044032,426.432247,train,1.44872832,0.000350134285556,0.24725121,553153.88,13073.10
6350,208076800,426.489015,train,1.43879437,0.000350003256832,0.24333756,553615.57,13073.10
6351,208109568,426.546425,train,1.44515336,0.000349872249235,0.24270083,553942.08,13073.10
6352,208142336,426.603646,train,1.39069927,0.000349741262778,0.24874601,554290.53,13073.10
6353,208175104,426.660626,train,1.50309443,0.000349610297476,0.24348913,554668.78,13073.10
6354,208207872,426.717935,train,1.47404659,0.000349479353341,0.24719797,554976.31,13073.10
6355,208240640,426.774791,train,1.45713615,0.000349348430389,0.24636829,555350.55,13073.10
6356,208273408,426.831840,train,1.54033351,0.000349217528632,0.25249186,555679.25,13073.10
6357,208306176,426.888376,train,1.44377482,0.000349086648085,0.24783696,556081.85,13073.10
6358,208338944,426.945280,train,1.44839299,0.000348955788761,0.24483404,556411.15,13073.10
6359,208371712,427.001824,train,1.46372926,0.000348824950674,0.24585068,556787.36,13073.10
6360,208404480,427.058605,train,1.41738725,0.000348694133838,0.24139920,557114.08,13073.10
6361,208437248,427.116252,train,1.47323036,0.000348563338268,0.24619076,557295.81,13073.10
6362,208470016,427.172941,train,1.42083383,0.000348432563976,0.24266097,557618.43,13073.10
6363,208502784,427.230722,train,1.45006979,0.000348301810976,0.25082365,557766.54,13073.10
6364,208535552,427.287809,train,1.46968365,0.000348171079283,0.25105682,558013.20,13073.10
6365,208568320,427.480629,train,1.47279429,0.00034804036891,0.24210323,539074.51,13073.10
6366,208601088,427.537623,train,1.47990704,0.000347909679871,0.24799412,539584.41,13073.10
6367,208633856,427.594947,train,1.52121425,0.000347779012179,0.24955043,540036.33,13073.10
6368,208666624,427.652367,train,1.47197700,0.000347648365849,0.24717006,540463.02,13073.10
6369,208699392,427.709920,train,1.42611539,0.000347517740895,0.24392971,540860.76,13073.10
6370,208732160,427.767315,train,1.48586392,0.000347387137329,0.25565386,541267.86,13073.10
6371,208764928,427.824864,train,1.47600150,0.000347256555167,0.25512713,541644.73,13073.10
6372,208797696,427.881408,train,1.48333788,0.000347125994421,0.25570491,542136.73,13073.10
6373,208830464,427.938578,train,1.46001124,0.000346995455105,0.24846072,542539.01,13073.10
6374,208863232,427.995494,train,1.45146096,0.000346864937234,0.25203848,542962.05,13073.10
6375,208896000,428.052734,train,1.43832958,0.000346734440821,0.24891397,543335.46,13073.10
6376,208928768,428.109136,train,1.48077464,0.00034660396588,0.24670593,543798.84,13073.10
6377,208961536,428.166535,train,1.44892621,0.000346473512425,0.24870707,544134.10,13073.10
6378,208994304,428.223244,train,1.51767504,0.000346343080469,0.25577667,544541.27,13073.10
6379,209027072,428.280153,train,1.45362794,0.000346212670026,0.24639677,544915.64,13073.10
6380,209059840,428.338119,train,1.45869899,0.000346082281111,0.24572931,545161.38,13073.10
6381,209092608,428.394626,train,1.46784377,0.000345951913736,0.24431373,545564.77,13073.10
6382,209125376,428.452111,train,1.45634520,0.000345821567915,0.26042470,545850.45,13073.10
6383,209158144,428.509017,train,1.45631266,0.000345691243663,0.24287221,546192.96,13073.10
6384,209190912,428.566108,train,1.41417050,0.000345560940993,0.24862669,546507.73,13073.10
6385,209223680,428.623705,train,1.47602606,0.000345430659919,0.25482184,546761.13,13073.10
6386,209256448,428.680771,train,1.46591890,0.000345300400454,0.25292090,547065.22,13073.10
6387,209289216,428.738435,train,1.44096231,0.000345170162613,0.24025661,547299.81,13073.10
6388,209321984,428.795997,train,1.46955466,0.000345039946409,0.24641994,547539.88,13073.10
6389,209354752,428.852416,train,1.43918085,0.000344909751855,0.24037583,547892.35,13073.10
6390,209387520,428.909496,train,1.47107875,0.000344779578967,0.24389184,548170.23,13073.10
6391,209420288,428.967424,train,1.44917381,0.000344649427756,0.24160162,548356.62,13073.10
6392,209453056,429.024759,train,1.43979919,0.000344519298238,0.25284195,548598.24,13073.10
6393,209485824,429.081416,train,1.46232140,0.000344389190426,0.24628974,548901.89,13073.10
6394,209518592,429.138790,train,1.51706719,0.000344259104333,0.24788047,549129.32,13073.10
6395,209551360,429.196402,train,1.44959140,0.000344129039974,0.24589959,549328.96,13073.10
6396,209584128,429.252882,train,1.50104892,0.000343998997362,0.25357604,549633.37,13073.10
6397,209616896,429.309547,train,1.42084968,0.00034386897651,0.24849302,549914.10,13073.10
6398,209649664,429.366356,train,1.42900968,0.000343738977433,0.24514934,550175.87,13073.10
6399,209682432,429.423110,train,1.43547118,0.000343609000145,0.24520096,550437.75,13073.10
6400,209715200,429.480246,train,1.45706451,0.000343479044658,0.25762954,550659.26,13073.10
6400,209715200,429.818129,valid,1.46229519,0.000343479044658,,550659.26,13073.10
6401,209747968,429.971447,train,1.46449137,0.000343349110988,0.24767494,215527.65,13073.10
6402,209780736,430.028652,train,1.44560146,0.000343219199146,0.24319237,313209.46,13073.10
6403,209813504,430.087223,train,1.41136670,0.000343089309148,0.25852919,367063.49,13073.10
6404,209846272,430.143939,train,1.51269901,0.000342959441007,0.26795849,403885.43,13073.10
6405,209879040,430.201063,train,1.48384953,0.000342829594737,0.24464682,429292.51,13073.10
6406,209911808,430.258559,train,1.47409809,0.000342699770351,0.25862464,447703.83,13073.10
6407,209944576,430.315146,train,1.47097957,0.000342569967862,0.26166943,462699.33,13073.10
6408,209977344,430.372009,train,1.47289062,0.000342440187286,0.24534164,474384.59,13073.10
6409,210010112,430.429464,train,1.50009465,0.000342310428635,0.25233561,483420.74,13073.10
6410,210042880,430.486361,train,1.43721807,0.000342180691924,0.24943732,491311.52,13073.10
6411,210075648,430.543209,train,1.44774735,0.000342050977165,0.25508887,497995.35,13073.10
6412,210108416,430.600360,train,1.44879067,0.000341921284373,0.24707359,503510.33,13073.10
6413,210141184,430.657552,train,1.45234191,0.000341791613561,0.26178831,508248.76,13073.10
6414,210173952,430.715126,train,1.43859458,0.000341661964744,0.24970777,512163.10,13073.10
6415,210206720,430.772062,train,1.43124056,0.000341532337934,0.24467660,515950.04,13073.10
6416,210239488,430.829007,train,1.44717157,0.000341402733145,0.24750097,519305.18,13073.10
6417,210272256,430.885918,train,1.44510174,0.000341273150392,0.25050068,522318.17,13073.10
6418,210305024,430.942978,train,1.43256736,0.000341143589687,0.24668230,524956.89,13073.10
6419,210337792,431.000871,train,1.44484711,0.000341014051044,0.24614850,526968.57,13073.10
6420,210370560,431.057838,train,1.43843055,0.000340884534478,0.24472339,529187.65,13073.10
6421,210403328,431.114500,train,1.46381962,0.000340755040002,0.24926506,531336.50,13073.10
6422,210436096,431.170955,train,1.47366524,0.000340625567629,0.24167058,533387.21,13073.10
6423,210468864,431.227845,train,1.46982348,0.000340496117373,0.24804246,535107.84,13073.10
6424,210501632,431.285093,train,1.45424008,0.000340366689249,0.24940936,536563.75,13073.10
6425,210534400,431.342294,train,1.47520602,0.000340237283268,0.25150442,537927.25,13073.10
6426,210567168,431.399154,train,1.46581197,0.000340107899446,0.25973603,539308.30,13073.10
6427,210599936,431.455984,train,1.43342781,0.000339978537796,0.24546233,540602.66,13073.10
6428,210632704,431.513061,train,1.43446636,0.000339849198332,0.24485764,541731.87,13073.10
6429,210665472,431.570759,train,1.43752277,0.000339719881066,0.24497104,542594.67,13073.10
6430,210698240,431.628242,train,1.52825809,0.000339590586013,0.26026517,543466.83,13073.10
6431,210731008,431.685328,train,1.42982101,0.000339461313187,0.24497949,544401.62,13073.10
6432,210763776,431.742283,train,1.46467280,0.000339332062601,0.24149144,545317.68,13073.10
6433,210796544,431.798960,train,1.46566772,0.000339202834269,0.25757802,546258.06,13073.10
6434,210829312,431.856750,train,1.47293448,0.000339073628205,0.25440431,546846.95,13073.10
6435,210862080,431.913737,train,1.44880462,0.000338944444421,0.24665439,547613.11,13073.10
6436,210894848,431.970784,train,1.41684437,0.000338815282932,0.23869526,548323.33,13073.10
6437,210927616,432.027806,train,1.51214385,0.000338686143752,0.24937677,549003.27,13073.10
6438,210960384,432.085372,train,1.46161234,0.000338557026894,0.24747421,549516.90,13073.10
6439,210993152,432.142441,train,1.38283634,0.000338427932371,0.23819055,550123.03,13073.10
6440,211025920,432.199251,train,1.44496703,0.000338298860198,0.25390205,550759.88,13073.10
6441,211058688,432.255982,train,1.51784849,0.000338169810388,0.25690189,551384.91,13073.10
6442,211091456,432.312489,train,1.49028385,0.000338040782954,0.24608615,552030.92,13073.10
6443,211124224,432.370015,train,1.43865526,0.00033791177791,0.25986472,552427.24,13073.10
6444,211156992,432.427845,train,1.43937981,0.000337782795271,0.24350660,552742.50,13073.10
6445,211189760,432.485369,train,1.42131376,0.000337653835049,0.24026011,553107.20,13073.10
6446,211222528,432.542787,train,1.45932102,0.000337524897258,0.25533441,553477.79,13073.10
6447,211255296,432.600285,train,1.44660318,0.000337395981911,0.26503131,553817.44,13073.10
6448,211288064,432.657011,train,1.52220440,0.000337267089023,0.24588507,554293.76,13073.10
6449,211320832,432.714372,train,1.43965816,0.000337138218607,0.25013566,554629.95,13073.10
6450,211353600,432.771475,train,1.47168100,0.000337009370677,0.25239810,555001.55,13073.10
6451,211386368,432.829723,train,1.43390167,0.000336880545246,0.25129116,555147.82,13073.10
6452,211419136,432.886856,train,1.45599067,0.000336751742327,0.23707113,555490.35,13073.10
6453,211451904,432.944872,train,1.47517610,0.000336622961935,0.25856730,555663.33,13073.10
6454,211484672,433.002095,train,1.45532012,0.000336494204083,0.27788457,555968.46,13073.10
6455,211517440,433.059685,train,1.42329359,0.000336365468784,0.24326620,556199.85,13073.10
6456,211550208,433.116480,train,1.44477642,0.000336236756053,0.24384394,556557.47,13073.10
6457,211582976,433.174001,train,1.49335265,0.000336108065903,0.25885162,556782.16,13073.10
6458,211615744,433.231321,train,1.46761656,0.000335979398346,0.26318279,557032.30,13073.10
6459,211648512,433.288905,train,1.43534136,0.000335850753398,0.24063893,557231.83,13073.10
6460,211681280,433.346088,train,1.52436388,0.000335722131072,0.25512841,557487.99,13073.10
6461,211714048,433.403185,train,1.44679880,0.00033559353138,0.26889548,557749.52,13073.10
6462,211746816,433.459935,train,1.46585059,0.000335464954338,0.25693047,558056.06,13073.10
6463,211779584,433.516147,train,1.47915626,0.000335336399957,0.24372050,558434.27,13073.10
6464,211812352,433.573169,train,1.52402425,0.000335207868253,0.25325638,558680.66,13073.10
6465,211845120,433.629785,train,1.43443871,0.000335079359238,0.25988942,558979.39,13073.10
6466,211877888,433.686774,train,1.46655941,0.000334950872926,0.24923226,559215.24,13073.10
6467,211910656,433.743783,train,1.43477297,0.00033482240933,0.24339421,559441.44,13073.10
6468,211943424,433.800890,train,1.45158863,0.000334693968465,0.25454992,559647.35,13073.10
6469,211976192,433.858320,train,1.44813013,0.000334565550344,0.25262836,559802.77,13073.10
6470,212008960,433.914962,train,1.38269043,0.00033443715498,0.24354297,560061.50,13073.10
6471,212041728,433.971930,train,1.48382008,0.000334308782387,0.24311374,560269.17,13073.10
6472,212074496,434.028958,train,1.43962443,0.000334180432578,0.24277547,560463.14,13073.10
6473,212107264,434.085434,train,1.40179873,0.000334052105568,0.24588881,560724.66,13073.10
6474,212140032,434.142756,train,1.46060336,0.000333923801368,0.25675252,560869.51,13073.10
6475,212172800,434.199494,train,1.43620777,0.000333795519994,0.24996643,561085.33,13073.10
6476,212205568,434.256076,train,1.49463987,0.000333667261459,0.26029253,561315.37,13073.10
6477,212238336,434.312495,train,1.47753227,0.000333539025776,0.25088772,561560.04,13073.10
6478,212271104,434.369635,train,1.46299088,0.000333410812959,0.25445586,561709.50,13073.10
6479,212303872,434.427355,train,1.44877970,0.000333282623021,0.24991962,561784.62,13073.10
6480,212336640,434.484596,train,1.44528079,0.000333154455976,0.26356471,561915.51,13073.10
6481,212369408,434.541751,train,1.47426057,0.000333026311837,0.26136348,562053.61,13073.10
6482,212402176,434.598828,train,1.41003561,0.000332898190618,0.24359204,562197.50,13073.10
6483,212434944,434.655007,train,1.46563959,0.000332770092333,0.25138378,562442.45,13073.10
6484,212467712,434.711600,train,1.49580073,0.000332642016994,0.26611969,562634.06,13073.10
6485,212500480,434.769032,train,1.47606397,0.000332513964616,0.24873888,562725.93,13073.10
6486,212533248,434.825943,train,1.45713317,0.000332385935213,0.24531406,562874.31,13073.10
6487,212566016,434.882443,train,1.48061371,0.000332257928796,0.25909907,563065.09,13073.10
6488,212598784,434.939277,train,1.46205628,0.000332129945381,0.25219801,563214.82,13073.10
6489,212631552,434.995772,train,1.35274124,0.000332001984981,0.24270412,563398.12,13073.10
6490,212664320,435.052544,train,1.43720567,0.000331874047608,0.24073422,563547.74,13073.10
6491,212697088,435.109219,train,1.41439044,0.000331746133278,0.24696131,563704.46,13073.10
6492,212729856,435.166350,train,1.48376238,0.000331618242002,0.25449437,563809.69,13073.10
6493,212762624,435.223506,train,1.45403802,0.000331490373795,0.24327938,563910.19,13073.10
6494,212795392,435.280400,train,1.44006705,0.00033136252867,0.24654283,564035.65,13073.10
6495,212828160,435.337286,train,1.42725062,0.000331234706641,0.24871783,564159.28,13073.10
6496,212860928,435.394427,train,1.43194890,0.000331106907721,0.24260907,564254.55,13073.10
6497,212893696,435.451034,train,1.44448054,0.000330979131924,0.25386605,564401.49,13073.10
6498,212926464,435.507854,train,1.48138571,0.000330851379263,0.24906167,564524.25,13073.10
6499,212959232,435.563770,train,1.46181273,0.000330723649752,0.24360247,564733.49,13073.10
6500,212992000,435.620483,train,1.44551599,0.000330595943404,0.25119600,564861.19,13073.10
6500,212992000,435.957240,valid,1.45969212,0.000330595943404,,564861.19,13073.10
6501,213024768,436.108150,train,1.45508242,0.000330468260232,0.24433024,219233.07,13073.10
6502,213057536,436.165491,train,1.50065708,0.000330340600251,0.25114992,316894.83,13073.10
6503,213090304,436.222186,train,1.44120336,0.000330212963473,0.24149464,373067.57,13073.10
6504,213123072,436.278166,train,1.42570996,0.000330085349912,0.24476308,410264.75,13073.10
6505,213155840,436.336130,train,1.46091056,0.000329957759582,0.24858947,434074.59,13073.10
6506,213188608,436.392826,train,1.43190765,0.000329830192496,0.24390705,452865.86,13073.10
6507,213221376,436.449211,train,1.43404996,0.000329702648668,0.23829642,467611.20,13073.10
6508,213254144,436.505701,train,1.43722034,0.000329575128111,0.24727990,479225.12,13073.10
6509,213286912,436.562383,train,1.48014498,0.000329447630838,0.24719112,488508.45,13073.10
6510,213319680,436.618847,train,1.44621217,0.000329320156863,0.24775799,496362.48,13073.10
6511,213352448,436.675365,train,1.41785347,0.000329192706199,0.24460973,502940.75,13073.10
6512,213385216,436.732043,train,1.46871555,0.000329065278861,0.25055286,508452.11,13073.10
6513,213417984,436.788577,train,1.44415426,0.00032893787486,0.25074103,513299.48,13073.10
6514,213450752,436.844982,train,1.52109408,0.000328810494212,0.24483140,517604.59,13073.10
6515,213483520,436.901548,train,1.43061447,0.000328683136929,0.23869476,521304.90,13073.10
6516,213516288,436.957603,train,1.49470472,0.000328555803024,0.25126165,524855.10,13073.10
6517,213549056,437.014211,train,1.47489023,0.000328428492512,0.25302780,527751.56,13073.10
6518,213581824,437.070904,train,1.39752936,0.000328301205405,0.24589238,530312.31,13073.10
6519,213614592,437.127653,train,1.48407233,0.000328173941718,0.25384274,532599.00,13073.10
6520,213647360,437.184449,train,1.41193497,0.000328046701462,0.24405211,534653.76,13073.10
6521,213680128,437.241585,train,1.43742061,0.000327919484653,0.23994797,536384.14,13073.10
6522,213712896,437.298388,train,1.48595691,0.000327792291303,0.24587551,538101.00,13073.10
6523,213745664,437.355687,train,1.47415447,0.000327665121426,0.24834836,539486.25,13073.10
6524,213778432,437.412783,train,1.47408772,0.000327537975036,0.24312517,540837.88,13073.10
6525,213811200,437.470225,train,1.50889659,0.000327410852145,0.24557015,541963.34,13073.10
6526,213843968,437.526992,train,1.47755182,0.000327283752767,0.23843345,543240.38,13073.10
6527,213876736,437.583395,train,1.41525972,0.000327156676915,0.23922764,544549.81,13073.10
6528,213909504,437.639898,train,1.40230322,0.000327029624604,0.23793827,545738.73,13073.10
6529,213942272,437.695899,train,1.46950412,0.000326902595846,0.24920908,547008.79,13073.10
6530,213975040,437.752646,train,1.46661067,0.000326775590655,0.24660537,547971.60,13073.10
6531,214007808,437.809349,train,1.44517183,0.000326648609044,0.24327078,548888.11,13073.10
6532,214040576,437.865929,train,1.44517791,0.000326521651026,0.24366425,549785.60,13073.10
6533,214073344,437.923133,train,1.43851113,0.000326394716616,0.24128056,550456.48,13073.10
6534,214106112,437.980074,train,1.38309121,0.000326267805826,0.24170676,551161.33,13073.10
6535,214138880,438.037041,train,1.44155753,0.00032614091867,0.24173070,551820.27,13073.10
6536,214171648,438.093246,train,1.47669172,0.000326014055161,0.24649502,552641.75,13073.10
6537,214204416,438.149682,train,1.49185896,0.000325887215313,0.24501702,553362.29,13073.10
6538,214237184,438.206291,train,1.44300056,0.000325760399139,0.24705654,554004.46,13073.10
6539,214269952,438.262724,train,1.38761210,0.000325633606652,0.23845692,554656.90,13073.10
6540,214302720,438.319506,train,1.44886994,0.000325506837867,0.25177437,555196.47,13073.10
6541,214335488,438.376362,train,1.41119337,0.000325380092795,0.24693324,555693.60,13073.10
6542,214368256,438.432903,train,1.45370090,0.000325253371451,0.24112593,556238.62,13073.10
6543,214401024,438.489699,train,1.44945168,0.000325126673848,0.24059317,556703.17,13073.10
6544,214433792,438.545799,train,1.47520661,0.000325,0.24888597,557297.14,13073.10
6545,214466560,438.602680,train,1.43906307,0.000324873349919,0.24737717,557701.36,13073.10
6546,214499328,438.659781,train,1.45488644,0.00032474672362,0.24766028,558042.95,13073.10
6547,214532096,438.716314,train,1.42407918,0.000324620121115,0.24122992,558485.36,13073.10
6548,214564864,438.773009,train,1.47619605,0.000324493542418,0.24910271,558877.86,13073.10
6549,214597632,438.829978,train,1.50354052,0.000324366987542,0.25526094,559201.45,13073.10
6550,214630400,438.887563,train,1.42941380,0.000324240456501,0.24831375,559394.83,13073.10
6551,214663168,438.944794,train,1.44984889,0.000324113949308,0.23914260,559647.23,13073.10
6552,214695936,439.001602,train,1.43104315,0.000323987465976,0.25018361,559967.79,13073.10
6553,214728704,439.058095,train,1.46813631,0.000323861006519,0.24949659,560333.43,13073.10
6554,214761472,439.114489,train,1.41049552,0.00032373457095,0.24355431,560703.89,13073.10
6555,214794240,439.170931,train,1.44135189,0.000323608159283,0.24104083,561052.71,13073.10
6556,214827008,439.227547,train,1.46330309,0.00032348177153,0.24254243,561359.66,13073.10
6557,214859776,439.284323,train,1.51895380,0.000323355407706,0.24577758,561629.17,13073.10
6558,214892544,439.340214,train,1.42089868,0.000323229067823,0.24894187,562036.65,13073.10
6559,214925312,439.397552,train,1.42812753,0.000323102751895,0.24850245,562194.14,13073.10
6560,214958080,439.453700,train,1.42689848,0.000322976459935,0.24836408,562538.20,13073.10
6561,214990848,439.510207,train,1.47937322,0.000322850191957,0.24033719,562814.34,13073.10
6562,215023616,439.567241,train,1.45522225,0.000322723947973,0.24593262,562999.59,13073.10
6563,215056384,439.624103,train,1.44907880,0.000322597727998,0.24631266,563205.49,13073.10
6564,215089152,439.681069,train,1.40589929,0.000322471532044,0.24460405,563389.37,13073.10
6565,215121920,439.737833,train,1.47182143,0.000322345360125,0.26611805,563597.74,13073.10
6566,215154688,439.794735,train,1.47690725,0.000322219212255,0.24657813,563779.75,13073.10
6567,215187456,439.851254,train,1.48648679,0.000322093088446,0.24347199,564011.97,13073.10
6568,215220224,439.908067,train,1.49456644,0.000321966988711,0.25223941,564195.48,13073.10
6569,215252992,439.964694,train,1.43679547,0.000321840913065,0.25160825,564400.03,13073.10
6570,215285760,440.021705,train,1.48005044,0.000321714861521,0.24639246,564545.33,13073.10
6571,215318528,440.078455,train,1.47328520,0.000321588834091,0.24236740,564722.59,13073.10
6572,215351296,440.134988,train,1.44077647,0.000321462830789,0.24186717,564924.37,13073.10
6573,215384064,440.191563,train,1.47113180,0.000321336851629,0.24769758,565115.18,13073.10
6574,215416832,440.248347,train,1.48204708,0.000321210896624,0.24584426,565273.31,13073.10
6575,215449600,440.304956,train,1.45139837,0.000321084965786,0.24907658,565450.07,13073.10
6576,215482368,440.360872,train,1.48960090,0.00032095905913,0.24998704,565711.35,13073.10
6577,215515136,440.418236,train,1.47626901,0.000320833176669,0.24602449,565782.31,13073.10
6578,215547904,440.476124,train,1.44677114,0.000320707318415,0.24674973,565785.90,13073.10
6579,215580672,440.533336,train,1.41592193,0.000320581484383,0.23560114,565872.93,13073.10
6580,215613440,440.589037,train,1.43781781,0.000320455674585,0.23477829,566142.54,13073.10
6581,215646208,440.646267,train,1.43115926,0.000320329889035,0.23952961,566220.96,13073.10
6582,215678976,440.703179,train,1.49704015,0.000320204127747,0.24638526,566335.44,13073.10
6583,215711744,440.760367,train,1.48278403,0.000320078390732,0.24560469,566414.70,13073.10
6584,215744512,440.816960,train,1.47126067,0.000319952678005,0.24631266,566561.47,13073.10
6585,215777280,440.874167,train,1.48719692,0.00031982698958,0.23842514,566634.00,13073.10
6586,215810048,440.930629,train,1.43489397,0.000319701325468,0.24110176,566789.81,13073.10
6587,215842816,440.987213,train,1.45033634,0.000319575685684,0.24321020,566928.37,13073.10
6588,215875584,441.043827,train,1.44530642,0.000319450070241,0.24223489,567060.60,13073.10
6589,215908352,441.100192,train,1.42675400,0.000319324479152,0.23856887,567217.19,13073.10
6590,215941120,441.156570,train,1.46863949,0.00031919891243,0.24512947,567369.06,13073.10
6591,215973888,441.213472,train,1.48199344,0.000319073370088,0.25455686,567461.08,13073.10
6592,216006656,441.270127,train,1.49556470,0.000318947852141,0.25072381,567577.62,13073.10
6593,216039424,441.326125,train,1.48100209,0.000318822358601,0.24807179,567760.96,13073.10
6594,216072192,441.383051,train,1.43628311,0.000318696889481,0.24319051,567843.60,13073.10
6595,216104960,441.440276,train,1.42739820,0.000318571444794,0.24951044,567893.39,13073.10
6596,216137728,441.496726,train,1.44172835,0.000318446024555,0.24378538,568021.64,13073.10
6597,216170496,441.553297,train,1.47053063,0.000318320628775,0.23786435,568135.12,13073.10
6598,216203264,441.609682,train,1.43315017,0.000318195257469,0.25282145,568264.90,13073.10
6599,216236032,441.666818,train,1.46261227,0.00031806991065,0.24136084,568317.40,13073.10
6600,216268800,441.723293,train,1.46156216,0.00031794458833,0.24741246,568434.06,13073.10
6600,216268800,442.060800,valid,1.45731297,0.00031794458833,,568434.06,13073.10
6601,216301568,442.207699,train,1.47266245,0.000317819290523,0.25087166,225285.96,13073.10
6602,216334336,442.265404,train,1.43625867,0.000317694017243,0.24410532,322591.39,13073.10
6603,216367104,442.322500,train,1.42742336,0.000317568768503,0.24032785,377727.79,13073.10
6604,216399872,442.379855,train,1.45921457,0.000317443544315,0.24360450,412687.89,13073.10
6605,216432640,442.437167,train,1.41430998,0.000317318344693,0.24337895,437002.62,13073.10
6606,216465408,442.494668,train,1.47518730,0.00031719316965,0.24856704,454669.67,13073.10
6607,216498176,442.551649,train,1.46819437,0.0003170680192,0.25065011,468688.69,13073.10
6608,216530944,442.608958,train,1.45960188,0.000316942893355,0.23991184,479494.51,13073.10
6609,216563712,442.665903,train,1.46193469,0.00031681779213,0.26385590,488544.43,13073.10
6610,216596480,442.723901,train,1.49374771,0.000316692715536,0.25502378,495244.84,13073.10
6611,216629248,442.781420,train,1.45864785,0.000316567663588,0.24990910,501198.66,13073.10
6612,216662016,442.838799,train,1.45088482,0.000316442636298,0.24018255,506363.04,13073.10
6613,216694784,442.896677,train,1.41919732,0.00031631763368,0.25520596,510509.64,13073.10
6614,216727552,442.954068,train,1.43658590,0.000316192655747,0.24744149,514400.33,13073.10
6615,216760320,443.010769,train,1.44309807,0.000316067702512,0.24388826,518196.74,13073.10
6616,216793088,443.068263,train,1.48046446,0.000315942773989,0.25155324,521153.63,13073.10
6617,216825856,443.124960,train,1.42290485,0.00031581787019,0.25577328,524183.75,13073.10
6618,216858624,443.182929,train,1.43109012,0.000315692991128,0.24257039,526308.73,13073.10
6619,216891392,443.240447,train,1.44350147,0.000315568136818,0.23892370,528427.33,13073.10
6620,216924160,443.298154,train,1.46677279,0.000315443307272,0.24713518,530267.04,13073.10
6621,216956928,443.355686,train,1.45546913,0.000315318502503,0.25469682,532014.79,13073.10
6622,216989696,443.413219,train,1.39877057,0.000315193722524,0.24654953,533613.50,13073.10
6623,217022464,443.470401,train,1.45380127,0.00031506896735,0.24810641,535214.90,13073.10
6624,217055232,443.527505,train,1.45924711,0.000314944236992,0.25085241,536719.67,13073.10
6625,217088000,443.584865,train,1.47087789,0.000314819531464,0.25418228,538021.45,13073.10
6626,217120768,443.642056,train,1.44307399,0.000314694850779,0.23799841,539286.11,13073.10
6627,217153536,443.699425,train,1.44182181,0.000314570194951,0.24464108,540403.20,13073.10
6628,217186304,443.756804,train,1.45507658,0.000314445563992,0.24692932,541442.51,13073.10
6629,217219072,443.813946,train,1.45084214,0.000314320957916,0.24964462,542486.61,13073.10
6630,217251840,443.870481,train,1.47470808,0.000314196376736,0.26644191,543647.06,13073.10
6631,217284608,443.928214,train,1.44667435,0.000314071820464,0.24664503,544387.42,13073.10
6632,217317376,443.985421,train,1.45711732,0.000313947289115,0.24716744,545232.52,13073.10
6633,217350144,444.042408,train,1.46840453,0.000313822782701,0.25511947,546089.54,13073.10
6634,217382912,444.099237,train,1.45129538,0.000313698301236,0.24947110,546940.84,13073.10
6635,217415680,444.156039,train,1.49008584,0.000313573844733,0.24834885,547753.02,13073.10
6636,217448448,444.213003,train,1.46830738,0.000313449413204,0.24024759,548481.15,13073.10
6637,217481216,444.269825,train,1.46120059,0.000313325006663,0.24448089,549206.81,13073.10
6638,217513984,444.327107,train,1.42976665,0.000313200625123,0.24374951,549784.43,13073.10
6639,217546752,444.384001,train,1.43890238,0.000313076268597,0.24727590,550425.62,13073.10
6640,217579520,444.440756,train,1.44006991,0.000312951937099,0.25403154,551068.38,13073.10
6641,217612288,444.497969,train,1.45161057,0.000312827630641,0.24575201,551577.35,13073.10
6642,217645056,444.554900,train,1.42619169,0.000312703349237,0.25162899,552125.55,13073.10
6643,217677824,444.612174,train,1.41242123,0.000312579092899,0.24858280,552574.58,13073.10
6644,217710592,444.669589,train,1.47191632,0.000312454861642,0.24548407,552974.35,13073.10
6645,217743360,444.726899,train,1.46169972,0.000312330655477,0.24460480,553378.56,13073.10
6646,217776128,444.784027,train,1.39034653,0.000312206474419,0.23896757,553802.80,13073.10
6647,217808896,444.841131,train,1.45961761,0.000312082318479,0.24577780,554214.31,13073.10
6648,217841664,444.898432,train,1.49121034,0.000311958187672,0.24711956,554570.77,13073.10
6649,217874432,444.955774,train,1.46619010,0.000311834082011,0.25047487,554905.03,13073.10
6650,217907200,445.012897,train,1.46152341,0.000311710001508,0.25043926,555267.80,13073.10
6651,217939968,445.069653,train,1.46494722,0.000311585946177,0.24309544,555684.68,13073.10
6652,217972736,445.127372,train,1.48027158,0.00031146191603,0.27219984,555911.20,13073.10
6653,218005504,445.184252,train,1.43533981,0.000311337911081,0.24721943,556278.74,13073.10
6654,218038272,445.241104,train,1.43858266,0.000311213931344,0.23906907,556638.04,13073.10
6655,218071040,445.298359,train,1.49558246,0.00031108997683,0.24512707,556915.52,13073.10
6656,218103808,445.355105,train,1.42049932,0.000310966047554,0.24773823,557269.38,13073.10
6657,218136576,445.412014,train,1.43182743,0.000310842143527,0.25754368,557584.18,13073.10
6658,218169344,445.468913,train,1.41019499,0.000310718264765,0.24128790,557890.16,13073.10
6659,218202112,445.525344,train,1.48749328,0.000310594411278,0.25313658,558261.26,13073.10
6660,218234880,445.582239,train,1.45661271,0.000310470583081,0.24348664,558547.02,13073.10
6661,218267648,445.639297,train,1.44425750,0.000310346780187,0.24058089,558798.11,13073.10
6662,218300416,445.696199,train,1.43936837,0.000310223002608,0.23833643,559065.45,13073.10
6663,218333184,445.753087,train,1.44742274,0.000310099250358,0.23936194,559326.67,13073.10
6664,218365952,445.810142,train,1.51327646,0.00030997552345,0.25393635,559554.92,13073.10
6665,218398720,445.867564,train,1.45826852,0.000309851821897,0.24497168,559722.41,13073.10
6666,218431488,445.924377,train,1.43403232,0.000309728145712,0.24407876,559973.07,13073.10
6667,218464256,445.982153,train,1.49484825,0.000309604494908,0.25259775,560078.95,13073.10
6668,218497024,446.039275,train,1.51365852,0.000309480869497,0.25400642,560274.00,13073.10
6669,218529792,446.096515,train,1.41892004,0.000309357269494,0.24055314,560446.91,13073.10
6670,218562560,446.153217,train,1.39481854,0.000309233694912,0.24603361,560688.84,13073.10
6671,218595328,446.209844,train,1.40018749,0.000309110145762,0.23875286,560934.29,13073.10
6672,218628096,446.266938,train,1.48228884,0.000308986622059,0.24805869,561110.67,13073.10
6673,218660864,446.323701,train,1.47374237,0.000308863123815,0.24454327,561326.04,13073.10
6674,218693632,446.380761,train,1.49459124,0.000308739651043,0.25524428,561497.13,13073.10
6675,218726400,446.437513,train,1.48145962,0.000308616203757,0.24622948,561703.29,13073.10
6676,218759168,446.494050,train,1.47363150,0.00030849278197,0.24310929,561931.32,13073.10
6677,218791936,446.551709,train,1.48872685,0.000308369385694,0.24742673,562013.27,13073.10
6678,218824704,446.608807,train,1.41538918,0.000308246014942,0.23977999,562162.46,13073.10
6679,218857472,446.665269,train,1.41092718,0.000308122669728,0.24088022,562385.62,13073.10
6680,218890240,446.722084,train,1.42834532,0.000307999350065,0.24176821,562560.73,13073.10
6681,218923008,446.778745,train,1.44663000,0.000307876055965,0.25478175,562749.90,13073.10
6682,218955776,446.835673,train,1.44969583,0.000307752787442,0.24705890,562903.25,13073.10
6683,218988544,446.892653,train,1.47005630,0.000307629544509,0.24658343,563046.90,13073.10
6684,219021312,446.949486,train,1.45501947,0.000307506327178,0.24935713,563204.05,13073.10
6685,219054080,447.007489,train,1.41861176,0.000307383135463,0.23595208,563224.39,13073.10
6686,219086848,447.063929,train,1.42446530,0.000307259969377,0.24817918,563420.34,13073.10
6687,219119616,447.121005,train,1.47202015,0.000307136828933,0.25284600,563540.99,13073.10
6688,219152384,447.178030,train,1.45817137,0.000307013714143,0.25089130,563664.37,13073.10
6689,219185152,447.235190,train,1.45274901,0.000306890625021,0.25292206,563770.56,13073.10
6690,219217920,447.291315,train,1.41351545,0.00030676756158,0.23696701,563985.99,13073.10
6691,219250688,447.349183,train,1.41844392,0.000306644523832,0.24080008,564010.86,13073.10
6692,219283456,447.406479,train,1.45850134,0.000306521511792,0.24737631,564095.45,13073.10
6693,219316224,447.464086,train,1.41769719,0.000306398525471,0.23988205,564145.91,13073.10
6694,219348992,447.521785,train,1.46100795,0.000306275564883,0.24181777,564185.73,13073.10
6695,219381760,447.578418,train,1.49181902,0.00030615263004,0.25178128,564333.75,13073.10
6696,219414528,447.635024,train,1.45423400,0.000306029720956,0.23875970,564481.40,13073.10
6697,219447296,447.691401,train,1.43289089,0.000305906837644,0.24069622,564649.17,13073.10
6698,219480064,447.748044,train,1.44187129,0.000305783980117,0.24575087,564787.18,13073.10
6699,219512832,447.804896,train,1.39267945,0.000305661148387,0.23988804,564901.80,13073.10
6700,219545600,447.862099,train,1.46197963,0.000305538342468,0.24608259,564980.18,13073.10
6700,219545600,448.198511,valid,1.45561584,0.000305538342468,,564980.18,13073.10
6701,219578368,448.344812,train,1.48074484,0.000305415562373,0.24670732,225829.87,13073.10
6702,219611136,448.401585,train,1.44800425,0.000305292808114,0.23998667,324640.08,13073.10
6703,219643904,448.459031,train,1.49153697,0.000305170079705,0.24404605,379084.59,13073.10
6704,219676672,448.515635,train,1.44126475,0.000305047377158,0.23835392,414885.56,13073.10
6705,219709440,448.572319,train,1.44177747,0.000304924700487,0.24203858,439712.37,13073.10
6706,219742208,448.629066,train,1.42327023,0.000304802049704,0.24268959,457915.83,13073.10
6707,219774976,448.687398,train,1.43816662,0.000304679424822,0.24811447,470334.65,13073.10
6708,219807744,448.745323,train,1.46549296,0.000304556825855,0.23976621,480459.22,13073.10
6709,219840512,448.803775,train,1.42222834,0.000304434252815,0.24196459,488213.24,13073.10
6710,219873280,448.861058,train,1.44019079,0.000304311705716,0.24211967,495473.71,13073.10
6711,219906048,448.917965,train,1.44960105,0.000304189184569,0.24653909,501839.42,13073.10
6712,219938816,448.975551,train,1.44459200,0.000304066689389,0.24732774,506826.48,13073.10
6713,219971584,449.033301,train,1.43419909,0.000303944220188,0.24443217,511023.23,13073.10
6714,220004352,449.090771,train,1.45731544,0.000303821776978,0.24649729,514839.02,13073.10
6715,220037120,449.147725,train,1.45117307,0.000303699359774,0.24383980,518473.75,13073.10
6716,220069888,449.204585,train,1.48488021,0.000303576968587,0.24457099,521745.39,13073.10
6717,220102656,449.261859,train,1.50681770,0.000303454603432,0.26626173,524462.00,13073.10
6718,220135424,449.318520,train,1.42989397,0.00030333226432,0.25986031,527189.66,13073.10
6719,220168192,449.375478,train,1.44840169,0.000303209951265,0.24574074,529520.08,13073.10
6720,220200960,449.433143,train,1.45018053,0.000303087664279,0.24723086,531330.56,13073.10
6721,220233728,449.490837,train,1.48533845,0.000302965403376,0.24930295,532967.48,13073.10
6722,220266496,449.547902,train,1.47032440,0.000302843168568,0.25641111,534713.61,13073.10
6723,220299264,449.604420,train,1.48727655,0.000302720959868,0.25819761,536527.02,13073.10
6724,220332032,449.661494,train,1.40224099,0.00030259877729,0.24136949,537995.42,13073.10
6725,220364800,449.718197,train,1.48060322,0.000302476620846,0.25103897,539484.88,13073.10
6726,220397568,449.774802,train,1.47767496,0.000302354490548,0.26800337,540900.88,13073.10
6727,220430336,449.831926,train,1.43122196,0.000302232386411,0.24034181,542046.40,13073.10
6728,220463104,449.888537,train,1.47192645,0.000302110308447,0.24121518,543279.50,13073.10
6729,220495872,449.944718,train,1.46823645,0.000301988256668,0.25074145,544566.48,13073.10
6730,220528640,450.001939,train,1.43476033,0.000301866231088,0.25087720,545458.40,13073.10
6731,220561408,450.058415,train,1.45754027,0.00030174423172,0.24310970,546514.36,13073.10
6732,220594176,450.115879,train,1.52778196,0.000301622258575,0.25146356,547225.42,13073.10
6733,220626944,450.172585,train,1.44533372,0.000301500311669,0.25104931,548106.21,13073.10
6734,220659712,450.229407,train,1.51897764,0.000301378391012,0.24734211,548905.98,13073.10
6735,220692480,450.286329,train,1.45173192,0.000301256496618,0.25580993,549635.74,13073.10
6736,220725248,450.343338,train,1.44518352,0.0003011346285,0.24479634,550304.92,13073.10
6737,220758016,450.400162,train,1.42644167,0.000301012786671,0.25120768,550985.47,13073.10
6738,220790784,450.456673,train,1.46653438,0.000300890971144,0.24746570,551708.31,13073.10
6739,220823552,450.514297,train,1.45941222,0.000300769181931,0.24192679,552130.00,13073.10
6740,220856320,450.572102,train,1.47472513,0.000300647419046,0.24180144,552489.33,13073.10
6741,220889088,450.628403,train,1.47869098,0.000300525682501,0.24099869,553173.57,13073.10
6742,220921856,450.685338,train,1.43350267,0.000300403972309,0.25396749,553685.77,13073.10
6743,220954624,450.742240,train,1.48651195,0.000300282288483,0.25337964,554182.18,13073.10
6744,220987392,450.798807,train,1.43500268,0.000300160631036,0.24600022,554728.23,13073.10
6745,221020160,450.856214,train,1.43671727,0.00030003899998,0.24994773,555075.70,13073.10
6746,221052928,450.913423,train,1.45222092,0.000299917395329,0.25202385,555448.84,13073.10
6747,221085696,450.970259,train,1.43654275,0.000299795817096,0.23854969,555881.52,13073.10
6748,221118464,451.027063,train,1.50269508,0.000299674265292,0.25011113,556303.03,13073.10
6749,221151232,451.083704,train,1.39957535,0.000299552739932,0.24868441,556739.32,13073.10
6750,221184000,451.140073,train,1.40139222,0.000299431241028,0.25814319,557210.46,13073.10
6751,221216768,451.197518,train,1.52411532,0.000299309768592,0.24557258,557463.64,13073.10
6752,221249536,451.254759,train,1.46963167,0.000299188322638,0.25814104,557744.64,13073.10
6753,221282304,451.312788,train,1.43455088,0.000299066903178,0.26363015,557873.89,13073.10
6754,221315072,451.370703,train,1.45963740,0.000298945510225,0.24834475,558018.51,13073.10
6755,221347840,451.427509,train,1.43375087,0.000298824143793,0.24568535,558349.75,13073.10
6756,221380608,451.484244,train,1.42203677,0.000298702803893,0.24708939,558681.61,13073.10
6757,221413376,451.541744,train,1.41347575,0.000298581490539,0.26034150,558874.34,13073.10
6758,221446144,451.598713,train,1.44189382,0.000298460203744,0.24914292,559147.79,13073.10
6759,221478912,451.655039,train,1.42587793,0.00029833894352,0.24248275,559516.38,13073.10
6760,221511680,451.712120,train,1.45168924,0.00029821770988,0.24236931,559752.46,13073.10
6761,221544448,451.769155,train,1.44152689,0.000298096502836,0.26012486,559988.78,13073.10
6762,221577216,451.825525,train,1.42711544,0.000297975322403,0.24345298,560319.93,13073.10
6763,221609984,451.882904,train,1.47318459,0.000297854168592,0.25316718,560487.60,13073.10
6764,221642752,451.940209,train,1.47248149,0.000297733041417,0.24764116,560661.30,13073.10
6765,221675520,451.997071,train,1.46395278,0.000297611940889,0.26066682,560894.92,13073.10
6766,221708288,452.054092,train,1.45799828,0.000297490867023,0.25324610,561098.77,13073.10
6767,221741056,452.109610,train,1.44311988,0.00029736981983,0.24638420,561512.34,13073.10
6768,221773824,452.166493,train,1.43928123,0.000297248799323,0.24572618,561720.90,13073.10
6769,221806592,452.223212,train,1.47702718,0.000297127805516,0.24788460,561946.50,13073.10
6770,221839360,452.279280,train,1.45379734,0.000297006838421,0.25645009,562255.66,13073.10
6771,221872128,452.335634,train,1.48833394,0.000296885898051,0.25865665,562517.34,13073.10
6772,221904896,452.392497,train,1.44138682,0.000296764984418,0.25095841,562703.69,13073.10
6773,221937664,452.449050,train,1.48011339,0.000296644097536,0.25333083,562926.18,13073.10
6774,221970432,452.505937,train,1.42780066,0.000296523237417,0.25330430,563099.19,13073.10
6775,222003200,452.562860,train,1.42095208,0.000296402404074,0.24803843,563263.03,13073.10
6776,222035968,452.619416,train,1.46075964,0.00029628159752,0.24503961,563469.41,13073.10
6777,222068736,452.676039,train,1.44086182,0.000296160817766,0.25334445,563662.09,13073.10
6778,222101504,452.732672,train,1.45787251,0.000296040064828,0.25581223,563848.72,13073.10
6779,222134272,452.789169,train,1.42336261,0.000295919338716,0.25351292,564047.54,13073.10
6780,222167040,452.845652,train,1.45386279,0.000295798639444,0.24219616,564243.20,13073.10
6781,222199808,452.901933,train,1.47493958,0.000295677967024,0.25350264,564458.40,13073.10
6782,222232576,452.958889,train,1.45600009,0.000295557321469,0.24914743,564588.39,13073.10
6783,222265344,453.015210,train,1.47744071,0.000295436702793,0.24617204,564789.68,13073.10
6784,222298112,453.071971,train,1.43315649,0.000295316111007,0.25065726,564935.46,13073.10
6785,222330880,453.128644,train,1.40180850,0.000295195546124,0.24624188,565087.92,13073.10
6786,222363648,453.184998,train,1.44301283,0.000295075008158,0.25549960,565273.04,13073.10
6787,222396416,453.241523,train,1.47913361,0.000294954497121,0.25205514,565434.84,13073.10
6788,222429184,453.298190,train,1.52573287,0.000294834013025,0.25154701,565577.39,13073.10
6789,222461952,453.354708,train,1.43965793,0.000294713555884,0.24051014,565733.08,13073.10
6790,222494720,453.411730,train,1.45552945,0.000294593125709,0.24236786,565830.74,13073.10
6791,222527488,453.469086,train,1.44985068,0.000294472722515,0.24481088,565890.30,13073.10
6792,222560256,453.526342,train,1.40176105,0.000294352346313,0.24294847,565959.24,13073.10
6793,222593024,453.583614,train,1.47220707,0.000294231997116,0.24801897,566025.13,13073.10
6794,222625792,453.640166,train,1.42248082,0.000294111674937,0.24910066,566164.49,13073.10
6795,222658560,453.696964,train,1.43574321,0.000293991379789,0.25013310,566275.62,13073.10
6796,222691328,453.754214,train,1.41564727,0.000293871111684,0.24236789,566338.33,13073.10
6797,222724096,453.810807,train,1.50229120,0.000293750870635,0.24511209,566466.21,13073.10
6798,222756864,453.867690,train,1.45398998,0.000293630656655,0.25464854,566562.50,13073.10
6799,222789632,453.924879,train,1.47691405,0.000293510469757,0.25058788,566626.60,13073.10
6800,222822400,453.981216,train,1.48865926,0.000293390309953,0.24437311,566772.83,13073.10
6800,222822400,454.317749,valid,1.45199826,0.000293390309953,,566772.83,13073.10
6801,222855168,454.462243,train,1.44112122,0.000293270177255,0.24322443,228794.12,13073.10
6802,222887936,454.519075,train,1.47682357,0.000293150071677,0.25013721,327593.21,13073.10
6803,222920704,454.575376,train,1.43471205,0.000293029993232,0.24391811,383471.12,13073.10
6804,222953472,454.632084,train,1.46450114,0.000292909941931,0.24103664,418677.16,13073.10
6805,222986240,454.688682,train,1.48583174,0.000292789917788,0.24711910,443218.75,13073.10
6806,223019008,454.745317,train,1.41590214,0.000292669920815,0.23894070,461202.44,13073.10
6807,223051776,454.802244,train,1.45954287,0.000292549951025,0.24926966,474680.07,13073.10
6808,223084544,454.858919,train,1.43644118,0.000292430008431,0.24225366,485545.45,13073.10
6809,223117312,454.915320,train,1.46500981,0.000292310093045,0.25283289,494572.01,13073.10
6810,223150080,454.971540,train,1.49436283,0.00029219020488,0.25688910,502178.47,13073.10
6811,223182848,455.029120,train,1.43644154,0.000292070343948,0.24107805,507603.34,13073.10
6812,223215616,455.085420,train,1.42629719,0.000291950510263,0.24685019,513070.69,13073.10
6813,223248384,455.141841,train,1.44344473,0.000291830703837,0.25354919,517713.13,13073.10
6814,223281152,455.198346,train,1.43178725,0.000291710924683,0.24440882,521710.45,13073.10
6815,223313920,455.254591,train,1.48731136,0.000291591172812,0.25331435,525370.44,13073.10
6816,223346688,455.310959,train,1.47254312,0.000291471448239,0.24670863,528549.72,13073.10
6817,223379456,455.366967,train,1.47600448,0.000291351750975,0.24977858,531570.28,13073.10
6818,223412224,455.423441,train,1.46829379,0.000291232081034,0.24974716,534058.39,13073.10
6819,223444992,455.480413,train,1.48087311,0.000291112438427,0.24562337,536074.33,13073.10
6820,223477760,455.537448,train,1.43799007,0.000290992823168,0.24614510,537874.45,13073.10
6821,223510528,455.593783,train,1.37736273,0.000290873235268,0.24211010,539809.78,13073.10
6822,223543296,455.650967,train,1.45375013,0.000290753674742,0.26443717,541235.58,13073.10
6823,223576064,455.707998,train,1.45447063,0.000290634141601,0.24306969,542604.22,13073.10
6824,223608832,455.765257,train,1.41973615,0.000290514635858,0.24050227,543778.93,13073.10
6825,223641600,455.822048,train,1.42063928,0.000290395157526,0.25204119,545033.93,13073.10
6826,223674368,455.879162,train,1.44851542,0.000290275706617,0.25623348,546084.39,13073.10
6827,223707136,455.935808,train,1.47856987,0.000290156283143,0.25253826,547219.09,13073.10
6828,223739904,455.992637,train,1.42090750,0.000290036887119,0.24250397,548217.15,13073.10
6829,223772672,456.050694,train,1.42730856,0.000289917518555,0.24306865,548759.99,13073.10
6830,223805440,456.107410,train,1.46277308,0.000289798177465,0.25056618,549679.34,13073.10
6831,223838208,456.163944,train,1.43854213,0.000289678863861,0.25315624,550596.72,13073.10
6832,223870976,456.220990,train,1.43824208,0.000289559577757,0.24890634,551311.06,13073.10
6833,223903744,456.277868,train,1.45395160,0.000289440319163,0.24714082,552031.35,13073.10
6834,223936512,456.334631,train,1.47725451,0.000289321088094,0.24545383,552742.03,13073.10
6835,223969280,456.391549,train,1.38139725,0.000289201884562,0.24301496,553372.94,13073.10
6836,224002048,456.448084,train,1.45069230,0.000289082708579,0.24930990,554069.34,13073.10
6837,224034816,456.504747,train,1.45939243,0.000288963560158,0.24224520,554697.49,13073.10
6838,224067584,456.561706,train,1.45627975,0.000288844439311,0.25362524,555220.44,13073.10
6839,224100352,456.618613,train,1.47382474,0.000288725346051,0.25418100,555730.24,13073.10
6840,224133120,456.675861,train,1.42234039,0.000288606280391,0.24087633,556134.90,13073.10
6841,224165888,456.732810,train,1.44573879,0.000288487242343,0.24393672,556589.21,13073.10
6842,224198656,456.789730,train,1.41164637,0.00028836823192,0.24548869,557029.08,13073.10
6843,224231424,456.846411,train,1.43599606,0.000288249249135,0.24775541,557501.98,13073.10
6844,224264192,456.902782,train,1.48133218,0.000288130293999,0.25244853,558021.04,13073.10
6845,224296960,456.959963,train,1.46306872,0.000288011366526,0.24116047,558346.36,13073.10
6846,224329728,457.016658,train,1.47869658,0.000287892466728,0.25171506,558759.04,13073.10
6847,224362496,457.073501,train,1.48469293,0.000287773594617,0.24338499,559124.33,13073.10
6848,224395264,457.129536,train,1.49695301,0.000287654750207,0.24287064,559635.82,13073.10
6849,224428032,457.186401,train,1.40924764,0.000287535933509,0.23820339,559965.05,13073.10
6850,224460800,457.243542,train,1.44692850,0.000287417144537,0.24188760,560228.65,13073.10
6851,224493568,457.300373,train,1.45025063,0.000287298383302,0.24905132,560540.68,13073.10
6852,224526336,457.356560,train,1.47724235,0.000287179649818,0.24986468,560959.67,13073.10
6853,224559104,457.413758,train,1.43688011,0.000287060944097,0.24337000,561180.05,13073.10
6854,224591872,457.470546,train,1.43679237,0.000286942266151,0.24416399,561465.58,13073.10
6855,224624640,457.527118,train,1.48040938,0.000286823615994,0.25469363,561778.81,13073.10
6856,224657408,457.583230,train,1.46378398,0.000286704993636,0.24912837,562160.23,13073.10
6857,224690176,457.640122,train,1.52989483,0.000286586399092,0.25200000,562396.76,13073.10
6858,224722944,457.697211,train,1.41637433,0.000286467832374,0.25627106,562592.66,13073.10
6859,224755712,457.754435,train,1.49462104,0.000286349293493,0.23953430,562759.82,13073.10
6860,224788480,457.811235,train,1.50600863,0.000286230782464,0.24590473,562989.86,13073.10
6861,224821248,457.868134,train,1.46591878,0.000286112299297,0.24031697,563196.69,13073.10
6862,224854016,457.924631,train,1.47482848,0.000285993844006,0.24901554,563459.95,13073.10
6863,224886784,457.980355,train,1.43479240,0.000285875416603,0.25312334,563834.03,13073.10
6864,224919552,458.037272,train,1.45290077,0.000285757017101,0.24228689,564015.90,13073.10
6865,224952320,458.095024,train,1.40352368,0.000285638645512,0.24155666,564067.52,13073.10
6866,224985088,458.152155,train,1.42009878,0.000285520301849,0.24518399,564209.03,13073.10
6867,225017856,458.208774,train,1.41907525,0.000285401986124,0.23907256,564420.62,13073.10
6868,225050624,458.265337,train,1.44201112,0.00028528369835,0.24345300,564634.13,13073.10
6869,225083392,458.321988,train,1.45663118,0.000285165438538,0.24721748,564829.25,13073.10
6870,225116160,458.378966,train,1.50471878,0.000285047206703,0.24541034,564973.31,13073.10
6871,225148928,458.435666,train,1.43264937,0.000284929002856,0.23989917,565151.60,13073.10
6872,225181696,458.492597,train,1.45638943,0.000284810827009,0.24277525,565293.80,13073.10
6873,225214464,458.548858,train,1.45146978,0.000284692679176,0.24495450,565521.64,13073.10
6874,225247232,458.605249,train,1.43765712,0.000284574559368,0.24419115,565726.41,13073.10
6875,225280000,458.661814,train,1.41845155,0.000284456467598,0.24656710,565903.26,13073.10
6876,225312768,458.718284,train,1.44086492,0.000284338403879,0.24105063,566087.65,13073.10
6877,225345536,458.775524,train,1.43776989,0.000284220368223,0.24267131,566169.68,13073.10
6878,225378304,458.832497,train,1.44569778,0.000284102360643,0.24792334,566283.07,13073.10
6879,225411072,458.889359,train,1.44526124,0.00028398438115,0.23897514,566407.31,13073.10
6880,225443840,458.946060,train,1.44550645,0.000283866429758,0.24354847,566548.27,13073.10
6881,225476608,459.002733,train,1.45405197,0.000283748506479,0.25188488,566689.15,13073.10
6882,225509376,459.059749,train,1.45268011,0.000283630611325,0.24414657,566785.68,13073.10
6883,225542144,459.116817,train,1.40922165,0.000283512744309,0.23662527,566873.75,13073.10
6884,225574912,459.173563,train,1.43802929,0.000283394905444,0.24149828,566997.44,13073.10
6885,225607680,459.230603,train,1.43154788,0.000283277094741,0.23784767,567084.19,13073.10
6886,225640448,459.287406,train,1.47207737,0.000283159312213,0.25084063,567196.14,13073.10
6887,225673216,459.344369,train,1.45504904,0.000283041557873,0.24662726,567287.43,13073.10
6888,225705984,459.401608,train,1.47006977,0.000282923831732,0.24854513,567345.81,13073.10
6889,225738752,459.458845,train,1.40225673,0.000282806133805,0.24069960,567403.22,13073.10
6890,225771520,459.515775,train,1.46660721,0.000282688464102,0.25317979,567492.84,13073.10
6891,225804288,459.573066,train,1.41940677,0.000282570822637,0.24449496,567541.60,13073.10
6892,225837056,459.629489,train,1.45695043,0.000282453209421,0.24341428,567681.90,13073.10
6893,225869824,459.686013,train,1.43247080,0.000282335624467,0.24000157,567808.72,13073.10
6894,225902592,459.743121,train,1.43765974,0.000282218067789,0.25243202,567871.63,13073.10
6895,225935360,459.800454,train,1.41405654,0.000282100539397,0.24370699,567910.05,13073.10
6896,225968128,459.857756,train,1.47229552,0.000281983039304,0.24886227,567950.82,13073.10
6897,226000896,459.915203,train,1.43094540,0.000281865567524,0.24126834,567975.96,13073.10
6898,226033664,459.972357,train,1.44553590,0.000281748124068,0.26922420,568030.08,13073.10
6899,226066432,460.029645,train,1.45379829,0.000281630708948,0.25463200,568069.77,13073.10
6900,226099200,460.086094,train,1.47299385,0.000281513322178,0.25270200,568191.31,13073.10
6900,226099200,460.424313,valid,1.45010977,0.000281513322178,,568191.31,13073.10
6901,226131968,460.576674,train,1.43892205,0.000281395963769,0.23980974,217101.60,13073.10
6902,226164736,460.634119,train,1.44989395,0.000281278633734,0.24272259,314504.21,13073.10
6903,226197504,460.692086,train,1.41334820,0.000281161332085,0.24692667,369083.42,13073.10
6904,226230272,460.749373,train,1.47524333,0.000281044058835,0.25720462,405002.20,13073.10
6905,226263040,460.806714,train,1.45938694,0.000280926813996,0.25105774,430055.50,13073.10
6906,226295808,460.864366,train,1.43851995,0.00028080959758,0.24818325,448236.13,13073.10
6907,226328576,460.921056,train,1.45777071,0.0002806924096,0.24726371,463090.60,13073.10
6908,226361344,460.978199,train,1.44433188,0.000280575250068,0.23913440,474504.64,13073.10
6909,226394112,461.035244,train,1.50492024,0.000280458118997,0.24835457,483856.21,13073.10
6910,226426880,461.091940,train,1.42547989,0.000280341016399,0.24564368,491864.92,13073.10
6911,226459648,461.149316,train,1.46239305,0.000280223942286,0.24366395,498148.49,13073.10
6912,226492416,461.206919,train,1.46889412,0.000280106896671,0.24566421,503362.81,13073.10
6913,226525184,461.264185,train,1.43924987,0.000279989879566,0.23862985,508064.46,13073.10
6914,226557952,461.320591,train,1.42884171,0.000279872890984,0.24430864,512657.63,13073.10
6915,226590720,461.377845,train,1.44733679,0.000279755930936,0.24396417,516245.88,13073.10
6916,226623488,461.434714,train,1.45338726,0.000279638999435,0.24666169,519625.10,13073.10
6917,226656256,461.491376,train,1.43773890,0.000279522096494,0.24615330,522745.56,13073.10
6918,226689024,461.548524,train,1.43589497,0.000279405222124,0.25041458,525322.81,13073.10
6919,226721792,461.605813,train,1.42587483,0.000279288376339,0.24397977,527587.81,13073.10
6920,226754560,461.662320,train,1.44010544,0.00027917155915,0.24012934,529977.96,13073.10
6921,226787328,461.719537,train,1.48097479,0.00027905477057,0.24798088,531867.04,13073.10
6922,226820096,461.776317,train,1.44740081,0.000278938010611,0.24705349,533769.15,13073.10
6923,226852864,461.833409,train,1.46660125,0.000278821279286,0.25166392,535398.77,13073.10
6924,226885632,461.890593,train,1.42426372,0.000278704576607,0.24736229,536867.76,13073.10
6925,226918400,461.947584,train,1.43261933,0.000278587902585,0.24443839,538294.53,13073.10
6926,226951168,462.003411,train,1.48918974,0.000278471257235,0.25151592,540016.15,13073.10
6927,226983936,462.060384,train,1.41575873,0.000278354640567,0.24038170,541240.94,13073.10
6928,227016704,462.117517,train,1.40478086,0.000278238052594,0.24233364,542331.72,13073.10
6929,227049472,462.174463,train,1.46117365,0.000278121493329,0.24101432,543409.08,13073.10
6930,227082240,462.231944,train,1.42976046,0.000278004962783,0.24391977,544257.58,13073.10
6931,227115008,462.288516,train,1.41611290,0.00027788846097,0.25019130,545319.53,13073.10
6932,227147776,462.345569,train,1.41204190,0.000277771987901,0.25229499,546182.15,13073.10
6933,227180544,462.403109,train,1.42670465,0.000277655543588,0.24754016,546859.94,13073.10
6934,227213312,462.459884,train,1.42188418,0.000277539128045,0.25920025,547705.66,13073.10
6935,227246080,462.517016,train,1.43033290,0.000277422741283,0.25268412,548411.60,13073.10
6936,227278848,462.573953,train,1.41050088,0.000277306383315,0.24229251,549130.07,13073.10
6937,227311616,462.632087,train,1.44080794,0.000277190054152,0.24730736,549512.88,13073.10
6938,227344384,462.688545,train,1.41348433,0.000277073753808,0.24719550,550283.51,13073.10
6939,227377152,462.745924,train,1.40498805,0.000276957482294,0.24462408,550797.44,13073.10
6940,227409920,462.802852,train,1.43957984,0.000276841239623,0.24141814,551391.80,13073.10
6941,227442688,462.859398,train,1.41703296,0.000276725025806,0.24612604,552044.83,13073.10
6942,227475456,462.916225,train,1.46739578,0.000276608840857,0.25451547,552605.69,13073.10
6943,227508224,462.973514,train,1.42852592,0.000276492684788,0.24422541,553041.31,13073.10
6944,227540992,463.030595,train,1.43103373,0.000276376557611,0.23988754,553501.86,13073.10
6945,227573760,463.087642,train,1.43035233,0.000276260459337,0.24217926,553949.81,13073.10
6946,227606528,463.144744,train,1.43397665,0.00027614438998,0.26519215,554367.78,13073.10
6947,227639296,463.202183,train,1.43144965,0.000276028349552,0.25649831,554701.24,13073.10
6948,227672064,463.258980,train,1.46088696,0.000275912338064,0.24492924,555146.88,13073.10
6949,227704832,463.315381,train,1.47147739,0.00027579635553,0.24674775,555650.94,13073.10
6950,227737600,463.372663,train,1.40361071,0.000275680401961,0.25792804,555969.77,13073.10
6951,227770368,463.429556,train,1.43346798,0.000275564477369,0.24526620,556348.43,13073.10
6952,227803136,463.486451,train,1.45971513,0.000275448581768,0.26025811,556712.46,13073.10
6953,227835904,463.543438,train,1.45984054,0.000275332715169,0.24931434,557047.05,13073.10
6954,227868672,463.600209,train,1.41727340,0.000275216877584,0.24916485,557407.34,13073.10
6955,227901440,463.657961,train,1.46095884,0.000275101069025,0.25747371,557585.74,13073.10
6956,227934208,463.715105,train,1.50750852,0.000274985289506,0.26286075,557860.88,13073.10
6957,227966976,463.772311,train,1.43983185,0.000274869539037,0.24639270,558116.40,13073.10
6958,227999744,463.829836,train,1.46731246,0.000274753817632,0.25600684,558310.91,13073.10
6959,228032512,463.887332,train,1.42861652,0.000274638125302,0.26432616,558503.81,13073.10
6960,228065280,463.944486,train,1.46600664,0.00027452246206,0.26493308,558744.66,13073.10
6961,228098048,464.001602,train,1.41978550,0.000274406827918,0.24062172,558983.68,13073.10
6962,228130816,464.058680,train,1.42761159,0.000274291222889,0.24832138,559220.92,13073.10
6963,228163584,464.115795,train,1.42258096,0.000274175646983,0.25690359,559445.35,13073.10
6964,228196352,464.172611,train,1.45372009,0.000274060100214,0.26698181,559707.68,13073.10
6965,228229120,464.230231,train,1.42540169,0.000273944582594,0.24334565,559843.61,13073.10
6966,228261888,464.287407,train,1.45003355,0.000273829094135,0.24775286,560040.03,13073.10
6967,228294656,464.344317,train,1.41266418,0.000273713634849,0.24275419,560268.81,13073.10
6968,228327424,464.401203,train,1.48608303,0.000273598204749,0.25617781,560494.24,13073.10
6969,228360192,464.458699,train,1.43328142,0.000273482803846,0.25699857,560628.54,13073.10
6970,228392960,464.516065,train,1.45051455,0.000273367432153,0.24347383,560777.00,13073.10
6971,228425728,464.573563,train,1.42638123,0.000273252089682,0.24577571,560903.50,13073.10
6972,228458496,464.631352,train,1.46247351,0.000273136776445,0.24679478,560987.46,13073.10
6973,228491264,464.689426,train,1.42971385,0.000273021492455,0.24045563,561031.91,13073.10
6974,228524032,464.747273,train,1.36585081,0.000272906237722,0.24259160,561104.66,13073.10
6975,228556800,464.804389,train,1.42853260,0.000272791012261,0.24397406,561269.06,13073.10
6976,228589568,464.861681,train,1.46243811,0.000272675816082,0.24268714,561406.87,13073.10
6977,228622336,464.918853,train,1.37752521,0.000272560649199,0.23840259,561556.37,13073.10
6978,228655104,464.975533,train,1.41645217,0.000272445511623,0.25297213,561762.78,13073.10
6979,228687872,465.032819,train,1.43821549,0.000272330403366,0.24587134,561890.10,13073.10
6980,228720640,465.090296,train,1.44260228,0.00027221532444,0.24370413,561991.33,13073.10
6981,228753408,465.147892,train,1.48157084,0.000272100274858,0.24438781,562075.93,13073.10
6982,228786176,465.205152,train,1.45511901,0.000271985254632,0.24453887,562198.03,13073.10
6983,228818944,465.264010,train,1.47416353,0.000271870263774,0.25619546,562131.55,13073.10
6984,228851712,465.321023,train,1.41721594,0.000271755302297,0.24408451,562278.46,13073.10
6985,228884480,465.378146,train,1.41615117,0.000271640370211,0.24054667,562409.46,13073.10
6986,228917248,465.435853,train,1.44800293,0.00027152546753,0.25412133,562471.97,13073.10
6987,228950016,465.493268,train,1.48284698,0.000271410594265,0.24669519,562565.44,13073.10
6988,228982784,465.550806,train,1.47859311,0.000271295750429,0.23820056,562643.37,13073.10
6989,229015552,465.609029,train,1.48229575,0.000271180936034,0.24864838,562645.10,13073.10
6990,229048320,465.665786,train,1.42973113,0.000271066151092,0.24824367,562804.27,13073.10
6991,229081088,465.723975,train,1.42606485,0.000270951395615,0.24995492,562807.84,13073.10
6992,229113856,465.780924,train,1.40284598,0.000270836669615,0.25207803,562941.63,13073.10
6993,229146624,465.838438,train,1.42612076,0.000270721973104,0.23689829,563013.87,13073.10
6994,229179392,465.894917,train,1.49440432,0.000270607306095,0.25977346,563191.21,13073.10
6995,229212160,465.952369,train,1.50286949,0.000270492668599,0.24955876,563265.69,13073.10
6996,229244928,466.008787,train,1.46114051,0.000270378060629,0.24944736,563442.93,13073.10
6997,229277696,466.066064,train,1.41176212,0.000270263482197,0.24088873,563530.82,13073.10
6998,229310464,466.122951,train,1.44464469,0.000270148933314,0.24482024,563655.50,13073.10
6999,229343232,466.180046,train,1.47027445,0.000270034413994,0.24635850,563757.39,13073.10
7000,229376000,466.237098,train,1.40261555,0.000269919924247,0.24331102,563861.40,13073.10
7000,229376000,466.573885,valid,1.44803029,0.000269919924247,,563861.40,13073.10
7001,229408768,470.844801,train,1.44125867,0.000269805464087,0.24471815,7674.60,13073.10
7002,229441536,470.906825,train,1.41350842,0.000269691033525,0.24499671,15129.42,13073.10
7003,229474304,470.964937,train,1.47581995,0.000269576632573,0.25059032,22393.70,13073.10
7004,229507072,471.022331,train,1.40392303,0.000269462261244,0.24008685,29472.93,13073.10
7005,229539840,471.079770,train,1.44384086,0.000269347919549,0.24805051,36371.40,13073.10
7006,229572608,471.137359,train,1.46485829,0.000269233607501,0.24851663,43094.74,13073.10
7007,229605376,471.194646,train,1.45452058,0.000269119325111,0.24570090,49653.71,13073.10
7008,229638144,471.251429,train,1.40840399,0.000269005072392,0.24256395,56058.03,13073.10
7009,229670912,471.308642,train,1.39907873,0.000268890849356,0.23888817,62303.02,13073.10
7010,229703680,471.365859,train,1.41150498,0.000268776656014,0.24037072,68398.80,13073.10
7011,229736448,471.423055,train,1.42506218,0.00026866249238,0.23580216,74351.01,13073.10
7012,229769216,471.480110,train,1.45694172,0.000268548358465,0.25021461,80166.71,13073.10
7013,229801984,471.537231,train,1.46696401,0.00026843425428,0.25254285,85847.53,13073.10
7014,229834752,471.594958,train,1.44165802,0.000268320179839,0.24297915,91388.03,13073.10
7015,229867520,471.652063,train,1.48949862,0.000268206135153,0.25206381,96814.39,13073.10
7016,229900288,471.709462,train,1.39450765,0.000268092120234,0.25622559,102114.18,13073.10
7017,229933056,471.766515,train,1.45057321,0.000267978135094,0.25275153,107303.97,13073.10
7018,229965824,471.823513,train,1.43457818,0.000267864179746,0.24255306,112382.07,13073.10
7019,229998592,471.881259,train,1.46668804,0.0002677502542,0.24763760,117334.53,13073.10
7020,230031360,471.938613,train,1.47103393,0.000267636358471,0.24520870,122189.29,13073.10
7021,230064128,471.995659,train,1.40873182,0.000267522492568,0.24442525,126948.55,13073.10
7022,230096896,472.052692,train,1.47158659,0.000267408656505,0.24411686,131608.95,13073.10
7023,230129664,472.110088,train,1.48688722,0.000267294850293,0.24926138,136164.39,13073.10
7024,230162432,472.167377,train,1.45678782,0.000267181073945,0.24601203,140629.01,13073.10
7025,230195200,472.224949,train,1.46286273,0.000267067327472,0.24401183,144995.83,13073.10
7026,230227968,472.282879,train,1.44259894,0.000266953610887,0.23857717,149265.18,13073.10
7027,230260736,472.339971,train,1.45202422,0.000266839924201,0.24731107,153471.06,13073.10
7028,230293504,472.397226,train,1.43232048,0.000266726267427,0.24103130,157590.04,13073.10
7029,230326272,472.454460,train,1.45411730,0.000266612640576,0.24985638,161629.33,13073.10
7030,230359040,472.511715,train,1.47369647,0.000266499043661,0.24620885,165590.18,13073.10
7031,230391808,472.568698,train,1.42772150,0.000266385476693,0.24268529,169483.06,13073.10
7032,230424576,472.626511,train,1.44282818,0.000266271939685,0.24368753,173278.84,13073.10
7033,230457344,472.683284,train,1.45078218,0.000266158432648,0.23934856,177032.91,13073.10
7034,230490112,472.740538,train,1.44479549,0.000266044955595,0.24212912,180703.74,13073.10
7035,230522880,472.798030,train,1.44079494,0.000265931508537,0.25277036,184299.98,13073.10
7036,230555648,472.854949,train,1.42200935,0.000265818091486,0.24066100,187847.49,13073.10
7037,230588416,472.913541,train,1.37097430,0.000265704704455,0.24518545,191280.80,13073.10
7038,230621184,472.970551,train,1.43469453,0.000265591347456,0.24812928,194699.33,13073.10
7039,230653952,473.027620,train,1.44316030,0.0002654780205,0.24950179,198055.69,13073.10
7040,230686720,473.084862,train,1.44149017,0.000265364723599,0.25261223,201347.82,13073.10
7041,230719488,473.142463,train,1.48860812,0.000265251456766,0.24634370,204571.39,13073.10
7042,230752256,473.200016,train,1.45573330,0.000265138220012,0.23877455,207740.37,13073.10
7043,230785024,473.257431,train,1.41635442,0.000265025013349,0.24301086,210859.16,13073.10
7044,230817792,473.314652,train,1.42576301,0.000264911836789,0.24612966,213930.94,13073.10
7045,230850560,473.372003,train,1.44590378,0.000264798690345,0.25764036,216946.86,13073.10
7046,230883328,473.429816,train,1.48303342,0.000264685574027,0.25936759,219897.49,13073.10
7047,230916096,473.487386,train,1.41127324,0.000264572487849,0.23833621,222806.60,13073.10
7048,230948864,473.545272,train,1.40812600,0.000264459431822,0.23872772,225657.43,13073.10
7049,230981632,473.602548,train,1.46291733,0.000264346405957,0.25886688,228481.10,13073.10
7050,231014400,473.659936,train,1.48660517,0.000264233410268,0.25465053,231255.50,13073.10
7051,231047168,473.716956,train,1.45226169,0.000264120444765,0.24603492,233997.34,13073.10
7052,231079936,473.774701,train,1.45354414,0.000264007509462,0.25069204,236671.91,13073.10
7053,231112704,473.832266,train,1.46465254,0.000263894604369,0.25615537,239309.90,13073.10
7054,231145472,473.889744,train,1.43277693,0.000263781729498,0.24676408,241909.19,13073.10
7055,231178240,473.947850,train,1.46211195,0.000263668884862,0.24647930,244447.15,13073.10
7056,231211008,474.005333,train,1.46185279,0.000263556070473,0.24207045,246966.11,13073.10
7057,231243776,474.063151,train,1.44332194,0.000263443286342,0.25243753,249435.23,13073.10
7058,231276544,474.121114,train,1.44587493,0.000263330532481,0.24667570,251861.70,13073.10
7059,231309312,474.178905,train,1.41824234,0.000263217808902,0.24225694,254256.92,13073.10
7060,231342080,474.235974,train,1.44007349,0.000263105115618,0.24419209,256640.20,13073.10
7061,231374848,474.293489,train,1.44830716,0.00026299245264,0.25101620,258973.24,13073.10
7062,231407616,474.350631,train,1.43922937,0.000262879819979,0.24052793,261284.30,13073.10
7063,231440384,474.407138,train,1.47423124,0.000262767217649,0.24914977,263583.02,13073.10
7064,231473152,474.464397,train,1.45579064,0.00026265464566,0.24657279,265823.49,13073.10
7065,231505920,474.521833,train,1.44430649,0.000262542104024,0.25022623,268025.69,13073.10
7066,231538688,474.579527,train,1.43335211,0.000262429592754,0.25113049,270187.56,13073.10
7067,231571456,474.637108,train,1.39782476,0.000262317111862,0.25425008,272322.29,13073.10
7068,231604224,474.694478,train,1.44296277,0.000262204661359,0.25136954,274433.93,13073.10
7069,231636992,474.751784,train,1.46823442,0.000262092241257,0.24112920,276518.06,13073.10
7070,231669760,474.809538,train,1.42592549,0.000261979851568,0.23962158,278558.03,13073.10
7071,231702528,474.866850,train,1.46200764,0.000261867492304,0.24857312,280584.54,13073.10
7072,231735296,474.924157,train,1.46616328,0.000261755163476,0.24243616,282583.41,13073.10
7073,231768064,474.981906,train,1.41313374,0.000261642865098,0.25199318,284540.06,13073.10
7074,231800832,475.038835,train,1.42198968,0.000261530597179,0.24521840,286497.75,13073.10
7075,231833600,475.095823,train,1.41061878,0.000261418359733,0.24552201,288427.28,13073.10
7076,231866368,475.153069,train,1.40936065,0.000261306152772,0.24486531,290322.47,13073.10
7077,231899136,475.210541,train,1.46471989,0.000261193976306,0.25306338,292184.88,13073.10
7078,231931904,475.267577,train,1.46341586,0.000261081830348,0.25530964,294037.39,13073.10
7079,231964672,475.325086,train,1.46922755,0.00026096971491,0.25117731,295849.77,13073.10
7080,231997440,475.382389,train,1.44501543,0.000260857630004,0.25472495,297645.43,13073.10
7081,232030208,475.439607,train,1.45769393,0.000260745575641,0.25123525,299420.75,13073.10
7082,232062976,475.497087,train,1.46222472,0.000260633551833,0.25256640,301164.45,13073.10
7083,232095744,475.554291,train,1.42152071,0.000260521558593,0.25266007,302895.16,13073.10
7084,232128512,475.612202,train,1.40195203,0.000260409595931,0.25678813,304580.10,13073.10
7085,232161280,475.669987,train,1.39544725,0.00026029766386,0.24985467,306247.87,13073.10
7086,232194048,475.728358,train,1.42296040,0.000260185762392,0.25235370,307874.82,13073.10
7087,232226816,475.786107,train,1.51049912,0.000260073891538,0.25611466,309502.06,13073.10
7088,232259584,475.843469,train,1.42723131,0.000259962051311,0.24203791,311122.04,13073.10
7089,232292352,475.900812,train,1.46907890,0.000259850241721,0.24529494,312722.69,13073.10
7090,232325120,475.958117,train,1.40493369,0.000259738462781,0.24348114,314305.06,13073.10
7091,232357888,476.016367,train,1.42002416,0.000259626714503,0.24826448,315836.63,13073.10
7092,232390656,476.073844,train,1.45712078,0.000259514996898,0.25083929,317375.21,13073.10
7093,232423424,476.130888,train,1.40860021,0.000259403309979,0.24308617,318909.76,13073.10
7094,232456192,476.188027,train,1.39672327,0.000259291653757,0.23665532,320422.92,13073.10
7095,232488960,476.245021,train,1.43120289,0.000259180028243,0.24160486,321923.01,13073.10
7096,232521728,476.301920,train,1.45932531,0.000259068433451,0.25045031,323408.68,13073.10
7097,232554496,476.359480,train,1.44452524,0.00025895686939,0.25014153,324855.14,13073.10
7098,232587264,476.415643,train,1.47068381,0.000258845336074,0.25506532,326331.01,13073.10
7099,232620032,476.471973,train,1.44149017,0.000258733833514,0.23700871,327784.57,13073.10
7100,232652800,476.528693,train,1.42904162,0.000258622361722,0.24258707,329208.80,13073.10
7100,232652800,476.865700,valid,1.44585620,0.000258622361722,,329208.80,13073.10
7101,232685568,477.016067,train,1.47275233,0.000258510920709,0.24071571,219937.05,13073.10
7102,232718336,477.073702,train,1.48665214,0.000258399510487,0.25508055,317177.37,13073.10
7103,232751104,477.131212,train,1.44078827,0.000258288131069,0.24915713,372175.68,13073.10
7104,232783872,477.188630,train,1.46659470,0.000258176782465,0.24728340,407624.73,13073.10
7105,232816640,477.245954,train,1.43851209,0.000258065464689,0.24084933,432438.24,13073.10
7106,232849408,477.302948,train,1.43536282,0.00025795417775,0.24901088,451070.90,13073.10
7107,232882176,477.359921,train,1.46167767,0.000257842921662,0.25264710,465414.65,13073.10
7108,232914944,477.417307,train,1.43097973,0.000257731696435,0.24804087,476428.04,13073.10
7109,232947712,477.475338,train,1.38758683,0.000257620502083,0.24067391,484846.27,13073.10
7110,232980480,477.532462,train,1.42783618,0.000257509338615,0.24730940,492468.17,13073.10
7111,233013248,477.589942,train,1.43475592,0.000257398206045,0.24289562,498639.24,13073.10
7112,233046016,477.646803,train,1.44122696,0.000257287104383,0.24324019,504301.75,13073.10
7113,233078784,477.703889,train,1.52081966,0.000257176033643,0.25348905,509057.19,13073.10
7114,233111552,477.761080,train,1.40754497,0.000257064993834,0.23652270,513144.82,13073.10
7115,233144320,477.818047,train,1.39963388,0.00025695398497,0.25174513,516862.81,13073.10
7116,233177088,477.874537,train,1.41507173,0.000256843007061,0.24155024,520406.86,13073.10
7117,233209856,477.931527,train,1.45616245,0.00025673206012,0.24239321,523328.68,13073.10
7118,233242624,477.988306,train,1.46776438,0.000256621144158,0.24748810,526052.37,13073.10
7119,233275392,478.045285,train,1.48820508,0.000256510259187,0.24795236,528423.55,13073.10
7120,233308160,478.102483,train,1.45250392,0.000256399405219,0.24940456,530482.57,13073.10
7121,233340928,478.159529,train,1.46650362,0.000256288582265,0.24571744,532421.56,13073.10
7122,233373696,478.216401,train,1.48054838,0.000256177790338,0.25092134,534265.17,13073.10
7123,233406464,478.273133,train,1.47014940,0.000256067029448,0.25042072,536013.70,13073.10
7124,233439232,478.330100,train,1.47568536,0.000255956299607,0.24152836,537539.73,13073.10
7125,233472000,478.387084,train,1.44768751,0.000255845600828,0.24504405,538945.44,13073.10
7126,233504768,478.443807,train,1.45291758,0.000255734933121,0.24401318,540339.09,13073.10
7127,233537536,478.501552,train,1.44886029,0.0002556242965,0.24323055,541297.51,13073.10
7128,233570304,478.558615,train,1.41040826,0.000255513690974,0.24316888,542408.81,13073.10
7129,233603072,478.615709,train,1.43869209,0.000255403116556,0.23798117,543437.91,13073.10
7130,233635840,478.672959,train,1.47733521,0.000255292573258,0.25006869,544355.17,13073.10
7131,233668608,478.730503,train,1.46027970,0.000255182061092,0.24230139,545129.89,13073.10
7132,233701376,478.787886,train,1.39219594,0.000255071580068,0.24850293,545903.80,13073.10
7133,233734144,478.845426,train,1.38764286,0.000254961130199,0.23400442,546589.73,13073.10
7134,233766912,478.902006,train,1.44647622,0.000254850711496,0.24717283,547494.88,13073.10
7135,233799680,478.958870,train,1.46406555,0.000254740323971,0.24295810,548276.63,13073.10
7136,233832448,479.015726,train,1.44002843,0.000254629967636,0.24690683,549018.95,13073.10
7137,233865216,479.072978,train,1.46264625,0.000254519642502,0.25238800,549624.42,13073.10
7138,233897984,479.130097,train,1.47779846,0.000254409348581,0.24399231,550231.59,13073.10
7139,233930752,479.186698,train,1.42417026,0.000254299085885,0.23982453,550931.86,13073.10
7140,233963520,479.243232,train,1.44254279,0.000254188854425,0.23856963,551614.32,13073.10
7141,233996288,479.300483,train,1.45073295,0.000254078654213,0.24286242,552102.31,13073.10
7142,234029056,479.357714,train,1.44293773,0.00025396848526,0.24783060,552572.41,13073.10
7143,234061824,479.414490,train,1.47387135,0.000253858347578,0.26677740,553119.96,13073.10
7144,234094592,479.471522,train,1.47823310,0.00025374824118,0.24740937,553589.25,13073.10
7145,234127360,479.529339,train,1.39756465,0.000253638166075,0.23782602,553875.19,13073.10
7146,234160128,479.586833,train,1.44908762,0.000253528122277,0.24431044,554214.87,13073.10
7147,234192896,479.643649,train,1.52300739,0.000253418109797,0.25143436,554675.69,13073.10
7148,234225664,479.700146,train,1.43651140,0.000253308128645,0.24894243,555180.69,13073.10
7149,234258432,479.757344,train,1.43969274,0.000253198178835,0.24563286,555531.08,13073.10
7150,234291200,479.814066,train,1.42893028,0.000253088260377,0.25547609,555957.70,13073.10
7151,234323968,479.870813,train,1.43453085,0.000252978373284,0.24217501,556363.55,13073.10
7152,234356736,479.928015,train,1.45077538,0.000252868517566,0.24844941,556671.53,13073.10
7153,234389504,479.985485,train,1.42399395,0.000252758693235,0.24779567,556920.36,13073.10
7154,234422272,480.042356,train,1.46239233,0.000252648900304,0.25864318,557265.48,13073.10
7155,234455040,480.099195,train,1.40519536,0.000252539138783,0.23917802,557603.70,13073.10
7156,234487808,480.156411,train,1.44663072,0.000252429408684,0.24516678,557866.40,13073.10
7157,234520576,480.213220,train,1.48462272,0.000252319710019,0.25713792,558188.03,13073.10
7158,234553344,480.269789,train,1.44313002,0.000252210042799,0.24098609,558538.26,13073.10
7159,234586112,480.326811,train,1.44698024,0.000252100407037,0.24729367,558803.92,13073.10
7160,234618880,480.383797,train,1.43337107,0.000251990802742,0.23630291,559066.76,13073.10
7161,234651648,480.440521,train,1.40969062,0.000251881229928,0.25240156,559362.15,13073.10
7162,234684416,480.497116,train,1.43463278,0.000251771688606,0.24502195,559668.18,13073.10
7163,234717184,480.554669,train,1.44385564,0.000251662178786,0.25824675,559819.39,13073.10
7164,234749952,480.611672,train,1.45366073,0.000251552700482,0.25876355,560048.07,13073.10
7165,234782720,480.669051,train,1.43502164,0.000251443253704,0.24401370,560214.46,13073.10
7166,234815488,480.725870,train,1.42188466,0.000251333838463,0.26401988,560457.46,13073.10
7167,234848256,480.783383,train,1.43843758,0.000251224454773,0.24720873,560593.88,13073.10
7168,234881024,480.839571,train,1.41063380,0.000251115102643,0.24538653,560913.51,13073.10
7169,234913792,480.895655,train,1.40933788,0.000251005782086,0.24826033,561238.61,13073.10
7170,234946560,480.952847,train,1.42462337,0.000250896493113,0.26149213,561402.40,13073.10
7171,234979328,481.010034,train,1.43613231,0.000250787235735,0.24175768,561562.34,13073.10
7172,235012096,481.067428,train,1.45638835,0.000250678009965,0.25231671,561690.42,13073.10
7173,235044864,481.124383,train,1.44608593,0.000250568815814,0.24949551,561873.01,13073.10
7174,235077632,481.181568,train,1.45697582,0.000250459653293,0.24384756,562020.64,13073.10
7175,235110400,481.238914,train,1.46832037,0.000250350522413,0.24890342,562143.82,13073.10
7176,235143168,481.295959,train,1.42791104,0.000250241423187,0.24394862,562301.90,13073.10
7177,235175936,481.352974,train,1.42455459,0.000250132355626,0.24952856,562459.88,13073.10
7178,235208704,481.410293,train,1.45704484,0.000250023319742,0.24788369,562576.20,13073.10
7179,235241472,481.467483,train,1.49304605,0.000249914315545,0.27064440,562705.32,13073.10
7180,235274240,481.524533,train,1.42122257,0.000249805343048,0.25072622,562848.32,13073.10
7181,235307008,481.582413,train,1.42302191,0.000249696402261,0.24403195,562888.70,13073.10
7182,235339776,481.639348,train,1.42279077,0.000249587493197,0.24095811,563039.54,13073.10
7183,235372544,481.696545,train,1.44113636,0.000249478615868,0.24356563,563156.22,13073.10
7184,235405312,481.753438,train,1.52023101,0.000249369770283,0.24641834,563305.32,13073.10
7185,235438080,481.810347,train,1.39122832,0.000249260956455,0.24208620,563449.13,13073.10
7186,235470848,481.867611,train,1.45799160,0.000249152174396,0.25258639,563549.63,13073.10
7187,235503616,481.925053,train,1.43088651,0.000249043424117,0.24493544,563628.05,13073.10
7188,235536384,481.982000,train,1.41415858,0.000248934705629,0.24117188,563759.19,13073.10
7189,235569152,482.039533,train,1.45011783,0.000248826018945,0.25286451,563823.65,13073.10
7190,235601920,482.096912,train,1.44576347,0.000248717364074,0.24236847,563903.23,13073.10
7191,235634688,482.155179,train,1.45987236,0.00024860874103,0.25171310,563886.52,13073.10
7192,235667456,482.213796,train,1.44228840,0.000248500149822,0.25058714,563833.02,13073.10
7193,235700224,482.270773,train,1.45039272,0.000248391590464,0.24636811,563952.07,13073.10
7194,235732992,482.327691,train,1.44994938,0.000248283062966,0.24683544,564074.52,13073.10
7195,235765760,482.384832,train,1.45523238,0.000248174567339,0.25438815,564171.71,13073.10
7196,235798528,482.442084,train,1.45996034,0.000248066103596,0.26128078,564255.60,13073.10
7197,235831296,482.499082,train,1.46442723,0.000247957671748,0.24863701,564363.37,13073.10
7198,235864064,482.556113,train,1.43747652,0.000247849271805,0.24550374,564465.60,13073.10
7199,235896832,482.614024,train,1.45324063,0.00024774090378,0.24884671,564479.38,13073.10
7200,235929600,482.671614,train,1.43695962,0.000247632567685,0.25514939,564524.17,13073.10
7200,235929600,483.008800,valid,1.44257826,0.000247632567685,,564524.17,13073.10
7201,235962368,483.159494,train,1.44836688,0.000247524263529,0.25073379,219984.52,13073.10
7202,235995136,483.216887,train,1.46579456,0.000247415991326,0.25324008,317596.78,13073.10
7203,236027904,483.274389,train,1.47076356,0.000247307751086,0.24775471,372574.50,13073.10
7204,236060672,483.331423,train,1.44546843,0.00024719954282,0.25244725,408470.86,13073.10
7205,236093440,483.388831,train,1.41494048,0.000247091366541,0.24729803,433103.53,13073.10
7206,236126208,483.445904,train,1.39947414,0.00024698322226,0.24134862,451592.33,13073.10
7207,236158976,483.503421,train,1.42607713,0.000246875109987,0.24624775,465375.67,13073.10
7208,236191744,483.560498,train,1.41737890,0.000246767029735,0.24556710,476659.92,13073.10
7209,236224512,483.618041,train,1.41151857,0.000246658981515,0.24291408,485449.74,13073.10
7210,236257280,483.675233,train,1.48651183,0.000246550965338,0.24571158,492977.45,13073.10
7211,236290048,483.732175,train,1.40452683,0.000246442981216,0.23729092,499486.53,13073.10
7212,236322816,483.790074,train,1.45752835,0.00024633502916,0.25052196,504422.87,13073.10
7213,236355584,483.847060,train,1.42583847,0.000246227109182,0.24790685,509232.02,13073.10
7214,236388352,483.904277,train,1.47339463,0.000246119221292,0.24255052,513295.37,13073.10
7215,236421120,483.961386,train,1.46136296,0.000246011365503,0.24257359,516928.18,13073.10
7216,236453888,484.018876,train,1.46649086,0.000245903541826,0.24553987,519952.58,13073.10
7217,236486656,484.076652,train,1.43075454,0.000245795750271,0.25221601,522510.60,13073.10
7218,236519424,484.133610,train,1.45443034,0.000245687990852,0.25016713,525188.13,13073.10
7219,236552192,484.190637,train,1.44251716,0.000245580263578,0.24391265,527575.87,13073.10
7220,236584960,484.247191,train,1.42229319,0.000245472568461,0.24437656,529946.54,13073.10
7221,236617728,484.303323,train,1.44452238,0.000245364905513,0.23783313,532283.27,13073.10
7222,236650496,484.360529,train,1.45603585,0.000245257274745,0.24604112,534000.39,13073.10
7223,236683264,484.417492,train,1.47030199,0.000245149676168,0.25598300,535670.49,13073.10
7224,236716032,484.473869,train,1.42459297,0.000245042109794,0.23600702,537425.92,13073.10
7225,236748800,484.530809,train,1.43917656,0.000244934575634,0.25352919,538851.32,13073.10
7226,236781568,484.587551,train,1.41581750,0.0002448270737,0.25605345,540241.46,13073.10
7227,236814336,484.644985,train,1.42923164,0.000244719604002,0.24350177,541306.07,13073.10
7228,236847104,484.702365,train,1.42835879,0.000244612166553,0.24401836,542315.72,13073.10
7229,236879872,484.758837,train,1.44658911,0.000244504761363,0.24853878,543540.91,13073.10
7230,236912640,484.816045,train,1.42107260,0.000244397388444,0.24832670,544467.48,13073.10
7231,236945408,484.872942,train,1.46345890,0.000244290047807,0.25119492,545428.38,13073.10
7232,236978176,484.929454,train,1.53036761,0.000244182739463,0.25173771,546441.83,13073.10
7233,237010944,484.986337,train,1.36359429,0.000244075463425,0.23754221,547294.51,13073.10
7234,237043712,485.043578,train,1.47171390,0.000243968219703,0.24431515,548002.89,13073.10
7235,237076480,485.100948,train,1.46830225,0.000243861008308,0.24618046,548638.67,13073.10
7236,237109248,485.157798,train,1.41910732,0.000243753829252,0.24290217,549373.69,13073.10
7237,237142016,485.214494,train,1.44045413,0.000243646682547,0.24651235,550109.06,13073.10
7238,237174784,485.271484,train,1.40393102,0.000243539568203,0.24441719,550735.90,13073.10
7239,237207552,485.328691,train,1.47460079,0.000243432486231,0.25030127,551280.15,13073.10
7240,237240320,485.385820,train,1.46073341,0.000243325436644,0.23865998,551816.36,13073.10
7241,237273088,485.442554,train,1.40009284,0.000243218419453,0.24340755,552417.41,13073.10
7242,237305856,485.499320,train,1.44524837,0.000243111434668,0.24162893,552983.71,13073.10
7243,237338624,485.555939,train,1.37188399,0.000243004482301,0.24363218,553556.87,13073.10
7244,237371392,485.612636,train,1.46326673,0.000242897562363,0.24446619,554088.19,13073.10
7245,237404160,485.669323,train,1.45214033,0.000242790674866,0.25321648,554599.11,13073.10
7246,237436928,485.726177,train,1.46625519,0.000242683819821,0.24535364,555054.69,13073.10
7247,237469696,485.783261,train,1.37426412,0.000242576997239,0.23930131,555445.29,13073.10
7248,237502464,485.840475,train,1.45310998,0.000242470207132,0.24776919,555794.65,13073.10
7249,237535232,485.897835,train,1.41494083,0.000242363449511,0.24569997,556102.04,13073.10
7250,237568000,485.954824,train,1.49153900,0.000242256724386,0.25101647,556467.73,13073.10
7251,237600768,486.010961,train,1.45766258,0.00024215003177,0.24738275,556977.55,13073.10
7252,237633536,486.066831,train,1.48601246,0.000242043371674,0.25296938,557517.16,13073.10
7253,237666304,486.124440,train,1.42374933,0.000241936744108,0.24559666,557725.97,13073.10
7254,237699072,486.181293,train,1.46531737,0.000241830149085,0.24086785,558060.05,13073.10
7255,237731840,486.238045,train,1.43770075,0.000241723586615,0.24655291,558400.04,13073.10
7256,237764608,486.295751,train,1.43031263,0.000241617056709,0.24043785,558565.88,13073.10
7257,237797376,486.353326,train,1.44193006,0.00024151055938,0.24899681,558748.03,13073.10
7258,237830144,486.410333,train,1.47115874,0.000241404094637,0.25510398,559017.21,13073.10
7259,237862912,486.467768,train,1.42980576,0.000241297662493,0.23862024,559208.14,13073.10
7260,237895680,486.524607,train,1.43733716,0.000241191262959,0.24786572,559488.08,13073.10
7261,237928448,486.581819,train,1.44713902,0.000241084896046,0.24475493,559700.50,13073.10
7262,237961216,486.638313,train,1.47403669,0.000240978561764,0.24771421,560017.15,13073.10
7263,237993984,486.695309,train,1.42830026,0.000240872260126,0.24730693,560247.53,13073.10
7264,238026752,486.752706,train,1.47345924,0.000240765991143,0.24780664,560411.04,13073.10
7265,238059520,486.809803,train,1.44325590,0.000240659754825,0.24509045,560613.79,13073.10
7266,238092288,486.867052,train,1.49549508,0.000240553551185,0.25262401,560788.21,13073.10
7267,238125056,486.923847,train,1.41331637,0.000240447380233,0.24852198,561022.93,13073.10
7268,238157824,486.981003,train,1.38915658,0.00024034124198,0.25004414,561199.76,13073.10
7269,238190592,487.037599,train,1.44482338,0.000240235136438,0.24670723,561449.61,13073.10
7270,238223360,487.094774,train,1.41663277,0.000240129063618,0.25348574,561612.94,13073.10
7271,238256128,487.152342,train,1.45540428,0.00024002302353,0.25720257,561718.55,13073.10
7272,238288896,487.209347,train,1.40302730,0.000239917016187,0.25867119,561896.35,13073.10
7273,238321664,487.266625,train,1.45762992,0.0002398110416,0.24997891,562033.66,13073.10
7274,238354432,487.323489,train,1.44583869,0.000239705099779,0.24765132,562221.12,13073.10
7275,238387200,487.380655,train,1.44282866,0.000239599190737,0.24975990,562364.75,13073.10
7276,238419968,487.438247,train,1.44572592,0.000239493314483,0.25248161,562450.69,13073.10
7277,238452736,487.495217,train,1.43969393,0.000239387471029,0.24377964,562612.43,13073.10
7278,238485504,487.552365,train,1.45479870,0.000239281660387,0.25216189,562747.95,13073.10
7279,238518272,487.609051,train,1.45948064,0.000239175882568,0.25505644,562936.73,13073.10
7280,238551040,487.666607,train,1.40132737,0.000239070137582,0.24364775,563015.63,13073.10
7281,238583808,487.723602,train,1.39385521,0.000238964425441,0.24534415,563159.60,13073.10
7282,238616576,487.781260,train,1.45253670,0.000238858746157,0.25703588,563222.10,13073.10
7283,238649344,487.838366,train,1.39459252,0.000238753099739,0.25249234,563347.34,13073.10
7284,238682112,487.895056,train,1.38843966,0.0002386474862,0.24584323,563517.68,13073.10
7285,238714880,487.951561,train,1.38945723,0.000238541905551,0.24445902,563705.11,13073.10
7286,238747648,488.008360,train,1.39235437,0.000238436357803,0.24437989,563855.26,13073.10
7287,238780416,488.064606,train,1.37690866,0.000238330842966,0.25472036,564063.68,13073.10
7288,238813184,488.121903,train,1.46551728,0.000238225361052,0.24218549,564151.42,13073.10
7289,238845952,488.179377,train,1.44317496,0.000238119912073,0.25357914,564218.05,13073.10
7290,238878720,488.235956,train,1.45639622,0.000238014496039,0.24357407,564379.73,13073.10
7291,238911488,488.293283,train,1.47696030,0.000237909112961,0.24524575,564458.03,13073.10
7292,238944256,488.350928,train,1.39453530,0.000237803762851,0.23765397,564501.08,13073.10
7293,238977024,488.407418,train,1.39358997,0.00023769844572,0.25168309,564664.08,13073.10
7294,239009792,488.464169,train,1.47530413,0.000237593161578,0.25241950,564796.55,13073.10
7295,239042560,488.521277,train,1.42315888,0.000237487910438,0.26335207,564889.67,13073.10
7296,239075328,488.579049,train,1.47660851,0.000237382692309,0.24836005,564913.69,13073.10
7297,239108096,488.636060,train,1.42217851,0.000237277507204,0.24292363,565013.57,13073.10
7298,239140864,488.693374,train,1.46174741,0.000237172355133,0.24452078,565081.23,13073.10
7299,239173632,488.750264,train,1.36891162,0.000237067236108,0.23973459,565189.41,13073.10
7300,239206400,488.807109,train,1.44505692,0.000236962150139,0.24601576,565299.66,13073.10
7300,239206400,489.144166,valid,1.44134348,0.000236962150139,,565299.66,13073.10
7301,239239168,489.288294,train,1.48192263,0.000236857097237,0.25759354,229342.04,13073.10
7302,239271936,489.345225,train,1.42927480,0.000236752077415,0.24984142,327994.78,13073.10
7303,239304704,489.402538,train,1.44840097,0.000236647090682,0.24402170,382324.86,13073.10
7304,239337472,489.459677,train,1.46319985,0.00023654213705,0.24358964,417082.33,13073.10
7305,239370240,489.516059,train,1.45396733,0.00023643721653,0.24516685,442043.98,13073.10
7306,239403008,489.573187,train,1.50272357,0.000236332329133,0.25851217,459611.26,13073.10
7307,239435776,489.631070,train,1.38800359,0.000236227474871,0.24858156,472304.01,13073.10
7308,239468544,489.687956,train,1.40885222,0.000236122653753,0.24646272,483180.15,13073.10
7309,239501312,489.744758,train,1.42506289,0.000236017865792,0.24663012,492060.75,13073.10
7310,239534080,489.801475,train,1.43101263,0.000235913110998,0.24219720,499468.22,13073.10
7311,239566848,489.858989,train,1.43459010,0.000235808389383,0.24279025,505132.20,13073.10
7312,239599616,489.916725,train,1.41458571,0.000235703700957,0.24724364,509804.48,13073.10
7313,239632384,489.973063,train,1.45844555,0.000235599045732,0.23989767,514693.49,13073.10
7314,239665152,490.030353,train,1.46704602,0.000235494423718,0.24316029,518401.00,13073.10
7315,239697920,490.086745,train,1.38937342,0.000235389834927,0.24174306,522156.12,13073.10
7316,239730688,490.143324,train,1.42403650,0.00023528527937,0.24868730,525387.53,13073.10
7317,239763456,490.200446,train,1.42532575,0.000235180757058,0.24549384,528000.56,13073.10
7318,239796224,490.257491,train,1.39748216,0.000235076268001,0.24398917,530381.90,13073.10
7319,239828992,490.315040,train,1.38146400,0.000234971812211,0.23869440,532301.06,13073.10
7320,239861760,490.371795,train,1.46273649,0.000234867389699,0.24581945,534386.48,13073.10
7321,239894528,490.428457,train,1.46276450,0.000234763000476,0.24737225,536326.42,13073.10
7322,239927296,490.485520,train,1.39108133,0.000234658644553,0.24236400,537940.77,13073.10
7323,239960064,490.542395,train,1.42341280,0.000234554321941,0.24005929,539496.22,13073.10
7324,239992832,490.599052,train,1.41808558,0.00023445003265,0.24654067,541010.54,13073.10
7325,240025600,490.656755,train,1.43521345,0.000234345776693,0.24038441,542036.27,13073.10
7326,240058368,490.713166,train,1.41159010,0.00023424155408,0.23580508,543434.13,13073.10
7327,240091136,490.768831,train,1.38782382,0.000234137364822,0.23514307,544984.85,13073.10
7328,240123904,490.825687,train,1.40697002,0.00023403320893,0.24287383,546045.79,13073.10
7329,240156672,490.882568,train,1.40443254,0.000233929086414,0.24264801,547028.98,13073.10
7330,240189440,490.939556,train,1.42460227,0.000233824997287,0.24863338,547917.17,13073.10
7331,240222208,490.996767,train,1.45038426,0.000233720941559,0.25113347,548684.98,13073.10
7332,240254976,491.053805,train,1.45953870,0.000233616919241,0.24886836,549456.51,13073.10
7333,240287744,491.110869,train,1.47035146,0.000233512930344,0.24932382,550175.89,13073.10
7334,240320512,491.167938,train,1.43470788,0.000233408974879,0.24433517,550852.98,13073.10
7335,240353280,491.225109,train,1.40195775,0.000233305052857,0.24095741,551466.20,13073.10
7336,240386048,491.282073,train,1.46754742,0.000233201164289,0.24483801,552100.07,13073.10
7337,240418816,491.339284,train,1.46070027,0.000233097309185,0.24587600,552638.89,13073.10
7338,240451584,491.397227,train,1.47031128,0.000232993487558,0.24907663,552970.44,13073.10
7339,240484352,491.455495,train,1.40211809,0.000232889699417,0.24962401,553207.20,13073.10
7340,240517120,491.512830,train,1.44591284,0.000232785944774,0.24313259,553650.64,13073.10
7341,240549888,491.569615,train,1.41893077,0.000232682223641,0.24621482,554199.08,13073.10
7342,240582656,491.627019,train,1.39604521,0.000232578536026,0.24005070,554583.59,13073.10
7343,240615424,491.684736,train,1.43880761,0.000232474881943,0.25008583,554882.79,13073.10
7344,240648192,491.741648,train,1.37517548,0.000232371261401,0.24541101,555340.54,13073.10
7345,240680960,491.798727,train,1.45019209,0.000232267674412,0.23957166,555743.72,13073.10
7346,240713728,491.855506,train,1.39164710,0.000232164120986,0.23958847,556191.43,13073.10
7347,240746496,491.912367,train,1.44007444,0.000232060601134,0.24265830,556604.21,13073.10
7348,240779264,491.970096,train,1.41690099,0.000231957114868,0.24085148,556829.35,13073.10
7349,240812032,492.028368,train,1.43699682,0.000231853662199,0.24700348,556940.32,13073.10
7350,240844800,492.086214,train,1.39982057,0.000231750243136,0.24442554,557127.94,13073.10
7351,240877568,492.144268,train,1.45176983,0.000231646857692,0.24818583,557269.37,13073.10
7352,240910336,492.201848,train,1.46325040,0.000231543505877,0.24647944,557492.08,13073.10
7353,240943104,492.259179,train,1.44127750,0.000231440187702,0.24253792,557751.07,13073.10
7354,240975872,492.317066,train,1.43827415,0.000231336903178,0.24412973,557902.74,13073.10
7355,241008640,492.374490,train,1.42864847,0.000231233652316,0.24195677,558129.32,13073.10
7356,241041408,492.431907,train,1.40321767,0.000231130435126,0.24323477,558348.84,13073.10
7357,241074176,492.489230,train,1.38869739,0.00023102725162,0.24010830,558576.67,13073.10
7358,241106944,492.546875,train,1.42142832,0.000230924101809,0.24313709,558743.93,13073.10
7359,241139712,492.604649,train,1.42485380,0.000230820985703,0.24221449,558884.74,13073.10
7360,241172480,492.661630,train,1.42117453,0.000230717903314,0.24471186,559146.97,13073.10
7361,241205248,492.719436,train,1.38031602,0.000230614854652,0.24526440,559271.78,13073.10
7362,241238016,492.776766,train,1.43217504,0.000230511839727,0.24844429,559465.89,13073.10
7363,241270784,492.834363,train,1.47125626,0.000230408858552,0.24261625,559613.56,13073.10
7364,241303552,492.891146,train,1.47739899,0.000230305911137,0.24658114,559878.17,13073.10
7365,241336320,492.948549,train,1.42641878,0.000230202997493,0.24414821,560043.73,13073.10
7366,241369088,493.005992,train,1.46563554,0.00023010011763,0.24566969,560198.36,13073.10
7367,241401856,493.063534,train,1.48436368,0.000229997271559,0.25857776,560334.49,13073.10
7368,241434624,493.120417,train,1.38851213,0.000229894459292,0.24683656,560559.50,13073.10
7369,241467392,493.177892,train,1.39700818,0.000229791680839,0.24728110,560695.88,13073.10
7370,241500160,493.235522,train,1.44097507,0.000229688936212,0.24789470,560807.13,13073.10
7371,241532928,493.292368,train,1.43596244,0.00022958622542,0.24709755,561021.36,13073.10
7372,241565696,493.349904,train,1.44656014,0.000229483548475,0.25013268,561137.65,13073.10
7373,241598464,493.407463,train,1.41873503,0.000229380905387,0.24458535,561247.82,13073.10
7374,241631232,493.464847,train,1.43585515,0.000229278296169,0.25682449,561377.81,13073.10
7375,241664000,493.522378,train,1.47482800,0.000229175720829,0.26055297,561485.46,13073.10
7376,241696768,493.580104,train,1.44615185,0.000229073179379,0.24391614,561565.64,13073.10
7377,241729536,493.637381,train,1.40996408,0.000228970671831,0.24940094,561699.96,13073.10
7378,241762304,493.695502,train,1.45775485,0.000228868198194,0.25181356,561726.62,13073.10
7379,241795072,493.753186,train,1.41418862,0.00022876575848,0.25330850,561805.94,13073.10
7380,241827840,493.811238,train,1.44145155,0.000228663352699,0.24868782,561838.99,13073.10
7381,241860608,493.868515,train,1.41232920,0.000228560980863,0.24687532,561963.31,13073.10
7382,241893376,493.925965,train,1.39992619,0.000228458642982,0.24070764,562064.43,13073.10
7383,241926144,493.983437,train,1.45714378,0.000228356339066,0.24845421,562160.57,13073.10
7384,241958912,494.040976,train,1.43728757,0.000228254069128,0.25609472,562246.78,13073.10
7385,241991680,494.098482,train,1.38595092,0.000228151833176,0.24526709,562334.67,13073.10
7386,242024448,494.156100,train,1.42533040,0.000228049631224,0.24106373,562408.00,13073.10
7387,242057216,494.213267,train,1.46926010,0.00022794746328,0.24911754,562529.60,13073.10
7388,242089984,494.270900,train,1.45513129,0.000227845329356,0.24643525,562597.58,13073.10
7389,242122752,494.328307,train,1.40491354,0.000227743229463,0.24208647,562688.37,13073.10
7390,242155520,494.385409,train,1.47377110,0.000227641163611,0.25073570,562810.00,13073.10
7391,242188288,494.442725,train,1.47381902,0.000227539131811,0.25108489,562906.29,13073.10
7392,242221056,494.499578,train,1.44334960,0.000227437134075,0.23979762,563049.18,13073.10
7393,242253824,494.556776,train,1.46813703,0.000227335170412,0.24584502,563153.21,13073.10
7394,242286592,494.613574,train,1.42444468,0.000227233240834,0.24679480,563296.22,13073.10
7395,242319360,494.669915,train,1.42861414,0.000227131345351,0.24371424,563482.93,13073.10
7396,242352128,494.726422,train,1.43975019,0.000227029483974,0.24804419,563649.05,13073.10
7397,242384896,494.784984,train,1.47590768,0.000226927656714,0.24216865,563606.45,13073.10
7398,242417664,494.842410,train,1.43141556,0.000226825863582,0.24463074,563677.04,13073.10
7399,242450432,494.900488,train,1.43917704,0.000226724104588,0.24561657,563682.35,13073.10
7400,242483200,494.958204,train,1.43418813,0.000226622379744,0.25196683,563722.68,13073.10
7400,242483200,495.295847,valid,1.43982526,0.000226622379744,,563722.68,13073.10
7401,242515968,495.441625,train,1.41261172,0.000226520689059,0.24246724,227052.48,13073.10
7402,242548736,495.499364,train,1.42688906,0.000226419032544,0.24280137,324342.59,13073.10
7403,242581504,495.556536,train,1.43654478,0.000226317410211,0.25418037,379215.10,13073.10
7404,242614272,495.614158,train,1.45459759,0.000226215822071,0.25512999,413669.21,13073.10
7405,242647040,495.671231,train,1.46704745,0.000226114268133,0.24562071,438163.33,13073.10
7406,242679808,495.727614,train,1.38667250,0.000226012748408,0.24776611,456900.62,13073.10
7407,242712576,495.784984,train,1.41560531,0.000225911262908,0.24243438,470343.00,13073.10
7408,242745344,495.841574,train,1.44022095,0.000225809811643,0.24287105,481645.37,13073.10
7409,242778112,495.898070,train,1.44758368,0.000225708394623,0.25146323,490895.17,13073.10
7410,242810880,495.954865,train,1.43950438,0.00022560701186,0.24385586,498328.36,13073.10
7411,242843648,496.011208,train,1.41717172,0.000225505663364,0.24077091,504898.65,13073.10
7412,242876416,496.068273,train,1.37063479,0.000225404349145,0.24243979,510029.77,13073.10
7413,242909184,496.125236,train,1.46359158,0.000225303069216,0.25272006,514516.82,13073.10
7414,242941952,496.182336,train,1.52157378,0.000225201823585,0.24864386,518346.23,13073.10
7415,242974720,496.239931,train,1.44063079,0.000225100612265,0.24482866,521437.44,13073.10
7416,243007488,496.296589,train,1.45364285,0.000224999435265,0.24076328,524664.59,13073.10
7417,243040256,496.353343,train,1.49442577,0.000224898292596,0.24137340,527496.70,13073.10
7418,243073024,496.409695,train,1.48967719,0.00022479718427,0.24607848,530232.16,13073.10
7419,243105792,496.466499,train,1.44427145,0.000224696110296,0.24173483,532497.22,13073.10
7420,243138560,496.523278,train,1.39019966,0.000224595070685,0.24201408,534563.92,13073.10
7421,243171328,496.580138,train,1.45694160,0.000224494065448,0.23980194,536413.07,13073.10
7422,243204096,496.636939,train,1.42209435,0.000224393094596,0.24831454,538129.50,13073.10
7423,243236864,496.692958,train,1.42880344,0.00022429215814,0.24420956,540008.46,13073.10
7424,243269632,496.749792,train,1.46313202,0.000224191256089,0.24618348,541438.54,13073.10
7425,243302400,496.806150,train,1.43584824,0.000224090388455,0.24884813,542932.45,13073.10
7426,243335168,496.863190,train,1.40663838,0.000223989555249,0.24159248,544081.31,13073.10
7427,243367936,496.920072,train,1.42474008,0.00022388875648,0.24605097,545202.43,13073.10
7428,243400704,496.976909,train,1.43795252,0.00022378799216,0.24657518,546262.53,13073.10
7429,243433472,497.033944,train,1.41086400,0.0002236872623,0.24662746,547190.56,13073.10
7430,243466240,497.090834,train,1.50076294,0.000223586566909,0.24835616,548104.20,13073.10
7431,243499008,497.147008,train,1.41458726,0.000223485905999,0.24064918,549173.92,13073.10
7432,243531776,497.204487,train,1.39777732,0.00022338527958,0.23724349,549804.18,13073.10
7433,243564544,497.262317,train,1.40818560,0.000223284687663,0.24532582,550299.37,13073.10
7434,243597312,497.319102,train,1.41300774,0.000223184130258,0.24029729,551050.62,13073.10
7435,243630080,497.376449,train,1.39798784,0.000223083607376,0.24629287,551611.90,13073.10
7436,243662848,497.433772,train,1.41246200,0.000222983119028,0.24298663,552149.23,13073.10
7437,243695616,497.490939,train,1.40669346,0.000222882665224,0.25067964,552697.58,13073.10
7438,243728384,497.547658,train,1.45803320,0.000222782245975,0.24996009,553328.47,13073.10
7439,243761152,497.603711,train,1.40762854,0.000222681861292,0.24024068,554088.42,13073.10
7440,243793920,497.660588,train,1.41996562,0.000222581511185,0.24488795,554618.61,13073.10
7441,243826688,497.717247,train,1.45579243,0.000222481195664,0.25334659,555173.78,13073.10
7442,243859456,497.774422,train,1.42218447,0.000222380914741,0.25380561,555587.96,13073.10
7443,243892224,497.831294,train,1.42920864,0.000222280668426,0.25034133,556050.02,13073.10
7444,243924992,497.888185,train,1.40573335,0.000222180456729,0.24628998,556487.54,13073.10
7445,243957760,497.945081,train,1.47598565,0.000222080279662,0.25102034,556905.49,13073.10
7446,243990528,498.001946,train,1.44605756,0.000221980137234,0.26287848,557311.81,13073.10
7447,244023296,498.059081,train,1.47694445,0.000221880029456,0.26378277,557647.18,13073.10
7448,244056064,498.116040,train,1.43179059,0.000221779956339,0.24657884,558003.78,13073.10
7449,244088832,498.172901,train,1.47594118,0.000221679917893,0.25025848,558365.24,13073.10
7450,244121600,498.229698,train,1.39347816,0.00022157991413,0.24709612,558724.67,13073.10
7451,244154368,498.286895,train,1.41484189,0.000221479945059,0.24648206,558995.93,13073.10
7452,244187136,498.343798,train,1.42904282,0.000221380010691,0.24322884,559310.77,13073.10
7453,244219904,498.400295,train,1.43200088,0.000221280111036,0.24735783,559687.43,13073.10
7454,244252672,498.457355,train,1.41419721,0.000221180246106,0.25160453,559950.80,13073.10
7455,244285440,498.514522,train,1.41164732,0.000221080415911,0.24615020,560186.22,13073.10
7456,244318208,498.572110,train,1.42846656,0.000220980620461,0.24075471,560341.34,13073.10
7457,244350976,498.629646,train,1.43715441,0.000220880859766,0.24935275,560499.78,13073.10
7458,244383744,498.686689,train,1.43732047,0.000220781133838,0.25269327,560734.55,13073.10
7459,244416512,498.743945,train,1.41417587,0.000220681442687,0.25071746,560926.78,13073.10
7460,244449280,498.800940,train,1.43640959,0.000220581786324,0.24203718,561154.55,13073.10
7461,244482048,498.857509,train,1.42337346,0.000220482164758,0.24263243,561442.15,13073.10
7462,244514816,498.913509,train,1.41931820,0.000220382578001,0.25588500,561809.10,13073.10
7463,244547584,498.970338,train,1.49353194,0.000220283026063,0.24727118,562038.08,13073.10
7464,244580352,499.026705,train,1.46633852,0.000220183508954,0.26308650,562329.78,13073.10
7465,244613120,499.082444,train,1.41383111,0.000220084026685,0.23934375,562706.07,13073.10
7466,244645888,499.139718,train,1.41095698,0.000219984579267,0.24584855,562846.33,13073.10
7467,244678656,499.196856,train,1.42882180,0.00021988516671,0.24356794,563002.47,13073.10
7468,244711424,499.253880,train,1.43289709,0.000219785789025,0.25538132,563170.07,13073.10
7469,244744192,499.311612,train,1.39828491,0.000219686446221,0.24224025,563233.66,13073.10
7470,244776960,499.368608,train,1.44928753,0.00021958713831,0.26659778,563397.09,13073.10
7471,244809728,499.425770,train,1.43657255,0.000219487865303,0.24240056,563533.58,13073.10
7472,244842496,499.482753,train,1.41526651,0.000219388627208,0.25525740,563690.43,13073.10
7473,244875264,499.539454,train,1.44486833,0.000219289424038,0.25538346,563880.39,13073.10
7474,244908032,499.596155,train,1.49428737,0.000219190255802,0.24627101,564065.39,13073.10
7475,244940800,499.652667,train,1.45779097,0.000219091122511,0.24245849,564270.11,13073.10
7476,244973568,499.710154,train,1.43118632,0.000218992024175,0.24619974,564344.94,13073.10
7477,245006336,499.767568,train,1.45458710,0.000218892960806,0.24828903,564426.96,13073.10
7478,245039104,499.824994,train,1.44140708,0.000218793932413,0.25238809,564505.21,13073.10
7479,245071872,499.882677,train,1.42546093,0.000218694939006,0.24913977,564550.15,13073.10
7480,245104640,499.940455,train,1.45601010,0.000218595980597,0.24289112,564582.30,13073.10
7481,245137408,499.997528,train,1.36525989,0.000218497057196,0.25159732,564698.44,13073.10
7482,245170176,500.056546,train,1.42190790,0.000218398168812,0.24272488,564580.90,13073.10
7483,245202944,500.113861,train,1.41874361,0.000218299315458,0.25466275,564665.86,13073.10
7484,245235712,500.170695,train,1.43160820,0.000218200497142,0.25120571,564804.51,13073.10
7485,245268480,500.227071,train,1.47541094,0.000218101713876,0.25277483,564992.44,13073.10
7486,245301248,500.283952,train,1.43139970,0.00021800296567,0.24512741,565118.95,13073.10
7487,245334016,500.341496,train,1.41796076,0.000217904252534,0.24825522,565168.20,13073.10
7488,245366784,500.398676,train,1.44268632,0.000217805574479,0.24763435,565256.77,13073.10
7489,245399552,500.455479,train,1.41756749,0.000217706931515,0.24872002,565384.65,13073.10
7490,245432320,500.512255,train,1.40989518,0.000217608323653,0.24719331,565512.70,13073.10
7491,245465088,500.569570,train,1.39171660,0.000217509750903,0.24939546,565580.19,13073.10
7492,245497856,500.626601,train,1.43259263,0.000217411213276,0.25124976,565676.32,13073.10
7493,245530624,500.683794,train,1.50962853,0.000217312710781,0.24629165,565753.38,13073.10
7494,245563392,500.740294,train,1.47247946,0.00021721424343,0.25585145,565900.92,13073.10
7495,245596160,500.796539,train,1.43665600,0.000217115811232,0.25705957,566071.67,13073.10
7496,245628928,500.853357,train,1.43538749,0.000217017414198,0.24615385,566180.61,13073.10
7497,245661696,500.909782,train,1.41813517,0.000216919052339,0.24514243,566326.90,13073.10
7498,245694464,500.967394,train,1.46183968,0.000216820725665,0.25551817,566351.77,13073.10
7499,245727232,501.023781,train,1.44068134,0.000216722434186,0.24441186,566497.21,13073.10
7500,245760000,501.080462,train,1.44053125,0.000216624177912,0.24270678,566611.10,13073.10
7500,245760000,501.417763,valid,1.43752548,0.000216624177912,,566611.10,13073.10
7501,245792768,501.575210,train,1.42299390,0.000216525956855,0.24675970,209899.15,13073.10
7502,245825536,501.632671,train,1.43493843,0.000216427771024,0.24866655,306854.01,13073.10
7503,245858304,501.689924,train,1.45642221,0.00021632962043,0.24689093,362977.54,13073.10
7504,245891072,501.746646,train,1.41077876,0.000216231505083,0.24463154,400160.56,13073.10
7505,245923840,501.804250,train,1.41621089,0.000216133424993,0.24247512,425390.35,13073.10
7506,245956608,501.861516,train,1.42375684,0.000216035380172,0.24648319,444393.75,13073.10
7507,245989376,501.918366,train,1.38705921,0.000215937370628,0.23809652,459423.80,13073.10
7508,246022144,501.974714,train,1.45969272,0.000215839396373,0.24410896,471807.52,13073.10
7509,246054912,502.032127,train,1.43541861,0.000215741457417,0.24997923,481073.38,13073.10
7510,246087680,502.088813,train,1.45094383,0.00021564355377,0.24580228,489282.36,13073.10
7511,246120448,502.145505,train,1.43445718,0.000215545685443,0.25527143,496206.78,13073.10
7512,246153216,502.201839,train,1.42089379,0.000215447852446,0.23977862,502357.78,13073.10
7513,246185984,502.258954,train,1.42957950,0.000215350054789,0.24336390,507210.90,13073.10
7514,246218752,502.315988,train,1.43746495,0.000215252292483,0.23987545,511491.67,13073.10
7515,246251520,502.372834,train,1.46414280,0.000215154565538,0.25349450,515362.60,13073.10
7516,246284288,502.429652,train,1.46602678,0.000215056873964,0.24516764,518812.20,13073.10
7517,246317056,502.486054,train,1.45430374,0.000214959217771,0.24703684,522098.25,13073.10
7518,246349824,502.543011,train,1.44803214,0.00021486159697,0.25014147,524795.02,13073.10
7519,246382592,502.600651,train,1.43914986,0.000214764011572,0.24660364,526926.38,13073.10
7520,246415360,502.658738,train,1.45669270,0.000214666461586,0.24587901,528669.66,13073.10
7521,246448128,502.716085,train,1.48234451,0.000214568947023,0.25454494,530558.61,13073.10
7522,246480896,502.772716,train,1.39834690,0.000214471467893,0.23766898,532569.71,13073.10
7523,246513664,502.830794,train,1.41288435,0.000214374024207,0.23985508,533871.15,13073.10
7524,246546432,502.888192,train,1.44677985,0.000214276615974,0.24786054,535317.37,13073.10
7525,246579200,502.944974,train,1.44459677,0.000214179243205,0.24918115,536871.86,13073.10
7526,246611968,503.002589,train,1.46961546,0.00021408190591,0.24960360,538031.26,13073.10
7527,246644736,503.060161,train,1.39005995,0.0002139846041,0.24020097,539123.61,13073.10
7528,246677504,503.117512,train,1.43598366,0.000213887337785,0.24842291,540212.15,13073.10
7529,246710272,503.174550,train,1.45371926,0.000213790106975,0.25107715,541326.11,13073.10
7530,246743040,503.231275,train,1.41296816,0.000213692911681,0.24373513,542463.53,13073.10
7531,246775808,503.288517,train,1.41304660,0.000213595751912,0.24660656,543381.37,13073.10
7532,246808576,503.345517,train,1.46377957,0.000213498627679,0.25300187,544313.38,13073.10
7533,246841344,503.402301,train,1.39798141,0.000213401538992,0.24405110,545251.09,13073.10
7534,246874112,503.459681,train,1.49621105,0.000213304485862,0.24829236,545977.09,13073.10
7535,246906880,503.516951,train,1.50207007,0.000213207468298,0.25523892,546692.20,13073.10
7536,246939648,503.574514,train,1.38295317,0.000213110486311,0.24057251,547294.69,13073.10
7537,246972416,503.631425,train,1.49462271,0.000213013539912,0.28535563,548027.32,13073.10
7538,247005184,503.688077,train,1.45581698,0.00021291662911,0.24617703,548785.88,13073.10
7539,247037952,503.744758,train,1.41583550,0.000212819753915,0.23869301,549500.66,13073.10
7540,247070720,503.801468,train,1.44250345,0.000212722914339,0.24479581,550174.90,13073.10
7541,247103488,503.859081,train,1.41887999,0.00021262611039,0.24558507,550613.45,13073.10
7542,247136256,503.916164,train,1.40031707,0.00021252934208,0.24463998,551149.21,13073.10
7543,247169024,503.973834,train,1.40288699,0.000212432609419,0.24098763,551534.12,13073.10
7544,247201792,504.031006,train,1.37720478,0.000212335912416,0.24270786,552007.21,13073.10
7545,247234560,504.088134,train,1.40595472,0.000212239251082,0.24632244,552468.97,13073.10
7546,247267328,504.145706,train,1.43058872,0.000212142625428,0.24633421,552821.59,13073.10
7547,247300096,504.203237,train,1.44921803,0.000212046035463,0.23886204,553167.70,13073.10
7548,247332864,504.259863,train,1.39202404,0.000211949481197,0.25376552,553676.19,13073.10
7549,247365632,504.316623,train,1.47370505,0.000211852962642,0.25915885,554139.10,13073.10
7550,247398400,504.374051,train,1.41019070,0.000211756479806,0.23928846,554458.74,13073.10
7551,247431168,504.431463,train,1.40810788,0.000211660032701,0.24453963,554769.37,13073.10
7552,247463936,504.488581,train,1.48129976,0.000211563621336,0.24624465,555121.39,13073.10
7553,247496704,504.545706,train,1.41891646,0.000211467245721,0.24408896,555459.34,13073.10
7554,247529472,504.602455,train,1.46157956,0.000211370905868,0.24465878,555850.90,13073.10
7555,247562240,504.660103,train,1.40989423,0.000211274601785,0.24149415,556074.45,13073.10
7556,247595008,504.717107,train,1.41676700,0.000211178333484,0.24514866,556398.69,13073.10
7557,247627776,504.774672,train,1.44198096,0.000211082100973,0.25290486,556618.92,13073.10
7558,247660544,504.831824,train,1.44072628,0.000210985904265,0.24745947,556899.06,13073.10
7559,247693312,504.890651,train,1.38259768,0.000210889743367,0.25157571,556901.18,13073.10
7560,247726080,504.947612,train,1.40079141,0.000210793618292,0.24006130,557197.71,13073.10
7561,247758848,505.005191,train,1.38059425,0.000210697529048,0.25234058,557388.65,13073.10
7562,247791616,505.063254,train,1.43524194,0.000210601475647,0.24286444,557499.74,13073.10
7563,247824384,505.120723,train,1.44041395,0.000210505458098,0.25161812,557696.61,13073.10
7564,247857152,505.177944,train,1.43842256,0.000210409476411,0.24887164,557924.35,13073.10
7565,247889920,505.235630,train,1.44051647,0.000210313530597,0.24561577,558077.12,13073.10
7566,247922688,505.293039,train,1.44304109,0.000210217620665,0.24318963,558265.47,13073.10
7567,247955456,505.350518,train,1.45776558,0.000210121746626,0.24966605,558438.36,13073.10
7568,247988224,505.409711,train,1.39653492,0.00021002590849,0.24399656,558366.31,13073.10
7569,248020992,505.468130,train,1.45041990,0.000209930106267,0.24105914,558402.90,13073.10
7570,248053760,505.525971,train,1.49898076,0.000209834339968,0.25224769,558517.36,13073.10
7571,248086528,505.583424,train,1.42958117,0.000209738609601,0.24492103,558680.51,13073.10
7572,248119296,505.640970,train,1.44129086,0.000209642915178,0.25153929,558826.98,13073.10
7573,248152064,505.698434,train,1.45320916,0.000209547256708,0.24138209,558980.07,13073.10
7574,248184832,505.755846,train,1.44177032,0.000209451634202,0.25132269,559135.95,13073.10
7575,248217600,505.813095,train,1.42386496,0.00020935604767,0.25296995,559308.53,13073.10
7576,248250368,505.870056,train,1.39857984,0.000209260497121,0.25002995,559512.70,13073.10
7577,248283136,505.928413,train,1.41732574,0.000209164982566,0.24278896,559538.58,13073.10
7578,248315904,505.985718,train,1.44208765,0.000209069504015,0.24290931,559692.65,13073.10
7579,248348672,506.042863,train,1.41643643,0.000208974061479,0.24269575,559862.32,13073.10
7580,248381440,506.100322,train,1.42551661,0.000208878654966,0.24976455,559990.24,13073.10
7581,248414208,506.157687,train,1.39623237,0.000208783284488,0.25136480,560126.10,13073.10
7582,248446976,506.214829,train,1.40103054,0.000208687950054,0.23901422,560284.86,13073.10
7583,248479744,506.271893,train,1.45527112,0.000208592651674,0.24719542,560448.94,13073.10
7584,248512512,506.328584,train,1.43556762,0.000208497389359,0.24457876,560651.74,13073.10
7585,248545280,506.385822,train,1.44296455,0.000208402163118,0.25619397,560788.19,13073.10
7586,248578048,506.442656,train,1.42761505,0.000208306972961,0.24848239,560966.51,13073.10
7587,248610816,506.499945,train,1.44652665,0.0002082118189,0.24500839,561090.60,13073.10
7588,248643584,506.557053,train,1.40422726,0.000208116700943,0.24793936,561231.87,13073.10
7589,248676352,506.614044,train,1.42782688,0.0002080216191,0.24612336,561382.51,13073.10
7590,248709120,506.670707,train,1.37047613,0.000207926573383,0.24837393,561565.05,13073.10
7591,248741888,506.728304,train,1.37696922,0.0002078315638,0.23859216,561644.74,13073.10
7592,248774656,506.785704,train,1.44694698,0.000207736590362,0.25092447,561743.45,13073.10
7593,248807424,506.843015,train,1.41256428,0.000207641653079,0.25048983,561849.31,13073.10
7594,248840192,506.900075,train,1.42986202,0.000207546751961,0.24753280,561978.58,13073.10
7595,248872960,506.958159,train,1.43253708,0.000207451887018,0.26152176,562001.35,13073.10
7596,248905728,507.015342,train,1.45191395,0.000207357058259,0.25057966,562114.14,13073.10
7597,248938496,507.072758,train,1.46782458,0.000207262265696,0.25159708,562201.45,13073.10
7598,248971264,507.129414,train,1.38492012,0.000207167509337,0.24507076,562361.88,13073.10
7599,249004032,507.186999,train,1.40181446,0.000207072789194,0.24386314,562428.50,13073.10
7600,249036800,507.244460,train,1.45094800,0.000206978105275,0.24561109,562505.73,13073.10
7600,249036800,507.582350,valid,1.43617015,0.000206978105275,,562505.73,13073.10
7601,249069568,507.733134,train,1.41555083,0.000206883457592,0.25323048,219230.65,13073.10
7602,249102336,507.790496,train,1.36367619,0.000206788846153,0.24414974,316858.63,13073.10
7603,249135104,507.848157,train,1.43402505,0.00020669427097,0.24804498,371671.85,13073.10
7604,249167872,507.905467,train,1.40051925,0.000206599732051,0.25207725,407307.28,13073.10
7605,249200640,507.963110,train,1.40762103,0.000206505229407,0.23993869,431788.34,13073.10
7606,249233408,508.020321,train,1.42123055,0.000206410763049,0.24076104,450258.77,13073.10
7607,249266176,508.077956,train,1.42459774,0.000206316332985,0.24636346,464051.40,13073.10
7608,249298944,508.135397,train,1.41900480,0.000206221939226,0.23797047,475130.20,13073.10
7609,249331712,508.192664,train,1.44977188,0.000206127581782,0.24305539,484257.54,13073.10
7610,249364480,508.249572,train,1.45596337,0.000206033260662,0.24420248,492080.84,13073.10
7611,249397248,508.306645,train,1.41625309,0.000205938975878,0.25027764,498559.14,13073.10
7612,249430016,508.363321,train,1.50014126,0.000205844727438,0.24766499,504345.54,13073.10
7613,249462784,508.421093,train,1.42716610,0.000205750515353,0.25147790,508681.75,13073.10
7614,249495552,508.478097,train,1.42640257,0.000205656339633,0.23866464,512897.95,13073.10
7615,249528320,508.535390,train,1.46246290,0.000205562200287,0.24337701,516451.79,13073.10
7616,249561088,508.592202,train,1.48713112,0.000205468097326,0.25086641,519850.60,13073.10
7617,249593856,508.649545,train,1.45152855,0.000205374030759,0.24377279,522625.71,13073.10
7618,249626624,508.706837,train,1.41848898,0.000205280000596,0.24327934,525141.61,13073.10
7619,249659392,508.763984,train,1.43243003,0.000205186006848,0.24287997,527478.04,13073.10
7620,249692160,508.820920,train,1.41171992,0.000205092049525,0.24074082,529688.62,13073.10
7621,249724928,508.878140,train,1.43239260,0.000204998128635,0.24609083,531588.59,13073.10
7622,249757696,508.934885,train,1.48066819,0.00020490424419,0.25292209,533514.99,13073.10
7623,249790464,508.991759,train,1.35973966,0.000204810396199,0.23359124,535237.35,13073.10
7624,249823232,509.048631,train,1.46684146,0.000204716584671,0.25256068,536826.14,13073.10
7625,249856000,509.105051,train,1.44892895,0.000204622809618,0.25087300,538456.68,13073.10
7626,249888768,509.162092,train,1.39317775,0.000204529071048,0.23834355,539758.01,13073.10
7627,249921536,509.218845,train,1.40930676,0.000204435368972,0.24042742,541063.62,13073.10
7628,249954304,509.275841,train,1.43012631,0.0002043417034,0.24406797,542203.70,13073.10
7629,249987072,509.333003,train,1.44968176,0.000204248074341,0.24865793,543218.22,13073.10
7630,250019840,509.390177,train,1.37961245,0.000204154481805,0.24899471,544164.77,13073.10
7631,250052608,509.447409,train,1.43533385,0.000204060925803,0.24643590,545036.44,13073.10
7632,250085376,509.504543,train,1.42527044,0.000203967406344,0.24648711,545883.76,13073.10
7633,250118144,509.561551,train,1.44244564,0.000203873923437,0.24167369,546717.07,13073.10
7634,250150912,509.618374,train,1.42682683,0.000203780477094,0.24913655,547553.72,13073.10
7635,250183680,509.675294,train,1.44278884,0.000203687067324,0.24900272,548319.10,13073.10
7636,250216448,509.732558,train,1.43049848,0.000203593694136,0.24857390,548956.46,13073.10
7637,250249216,509.788931,train,1.40785599,0.00020350035754,0.23785666,549782.23,13073.10
7638,250281984,509.845720,train,1.37388420,0.000203407057547,0.24403027,550465.95,13073.10
7639,250314752,509.902852,train,1.39440119,0.000203313794166,0.25702909,551034.45,13073.10
7640,250347520,509.959832,train,1.38911319,0.000203220567407,0.24470671,551611.29,13073.10
7641,250380288,510.017061,train,1.43691349,0.00020312737728,0.24837992,552104.19,13073.10
7642,250413056,510.074540,train,1.39236999,0.000203034223795,0.24386004,552519.21,13073.10
7643,250445824,510.131666,train,1.38116920,0.000202941106962,0.25064504,552991.93,13073.10
7644,250478592,510.189039,train,1.44718230,0.000202848026789,0.25917003,553391.73,13073.10
7645,250511360,510.245899,train,1.42859149,0.000202754983289,0.24725352,553880.91,13073.10
7646,250544128,510.302393,train,1.38690555,0.000202661976469,0.24349539,554424.04,13073.10
7647,250576896,510.359463,train,1.43994272,0.00020256900634,0.24393065,554830.17,13073.10
7648,250609664,510.415912,train,1.46634555,0.000202476072912,0.24704969,555341.63,13073.10
7649,250642432,510.473677,train,1.39926159,0.000202383176194,0.24068183,555579.76,13073.10
7650,250675200,510.530818,train,1.41542029,0.000202290316197,0.24363431,555926.29,13073.10
7651,250707968,510.587734,train,1.42382193,0.00020219749293,0.24667306,556301.50,13073.10
7652,250740736,510.644679,train,1.43328786,0.000202104706403,0.24396011,556657.56,13073.10
7653,250773504,510.701872,train,1.45919192,0.000202011956625,0.24745767,556956.04,13073.10
7654,250806272,510.758620,train,1.39351594,0.000201919243607,0.24384756,557321.92,13073.10
7655,250839040,510.815617,train,1.44080949,0.000201826567359,0.24639875,557632.08,13073.10
7656,250871808,510.872342,train,1.41789019,0.00020173392789,0.25025666,557977.71,13073.10
7657,250904576,510.929523,train,1.46158624,0.000201641325209,0.24694821,558235.29,13073.10
7658,250937344,510.986395,train,1.40100646,0.000201548759328,0.23649171,558535.22,13073.10
7659,250970112,511.043151,train,1.39821374,0.000201456230255,0.24631087,558843.65,13073.10
7660,251002880,511.100157,train,1.42089128,0.000201363738,0.24470854,559102.67,13073.10
7661,251035648,511.157498,train,1.41273665,0.000201271282573,0.24801435,559300.96,13073.10
7662,251068416,511.214274,train,1.41375852,0.000201178863984,0.24768932,559580.12,13073.10
7663,251101184,511.271147,train,1.38518023,0.000201086482243,0.24056834,559835.71,13073.10
7664,251133952,511.328083,train,1.45598602,0.000200994137359,0.24936059,560074.35,13073.10
7665,251166720,511.385089,train,1.42435122,0.000200901829342,0.24662113,560295.41,13073.10
7666,251199488,511.441654,train,1.41447020,0.000200809558202,0.24645829,560573.93,13073.10
7667,251232256,511.499270,train,1.40677202,0.000200717323949,0.24874887,560694.04,13073.10
7668,251265024,511.556466,train,1.42395258,0.000200625126591,0.25405759,560869.88,13073.10
7669,251297792,511.613832,train,1.45435143,0.00020053296614,0.25185487,561016.94,13073.10
7670,251330560,511.671295,train,1.43389070,0.000200440842605,0.24816729,561146.81,13073.10
7671,251363328,511.727669,train,1.44299603,0.000200348755995,0.25150791,561420.29,13073.10
7672,251396096,511.785012,train,1.42239606,0.000200256706321,0.24247710,561557.17,13073.10
7673,251428864,511.842349,train,1.46326280,0.000200164693591,0.25661883,561690.95,13073.10
7674,251461632,511.900068,train,1.36959243,0.000200072717817,0.24500076,561771.57,13073.10
7675,251494400,511.957215,train,1.50084674,0.000199980779006,0.25232857,561923.52,13073.10
7676,251527168,512.014034,train,1.37906766,0.00019988887717,0.24311514,562113.14,13073.10
7677,251559936,512.071059,train,1.43854034,0.000199797012318,0.25360507,562272.11,13073.10
7678,251592704,512.128259,train,1.39555955,0.000199705184459,0.24180266,562405.37,13073.10
7679,251625472,512.185440,train,1.45401621,0.000199613393603,0.25201067,562537.73,13073.10
7680,251658240,512.242179,train,1.42514396,0.000199521639761,0.24845348,562720.34,13073.10
7681,251691008,512.298717,train,1.42574787,0.000199429922941,0.24640773,562922.45,13073.10
7682,251723776,512.355489,train,1.44715977,0.000199338243153,0.24307139,563092.11,13073.10
7683,251756544,512.412942,train,1.52187908,0.000199246600407,0.25054684,563178.31,13073.10
7684,251789312,512.469787,train,1.39515901,0.000199154994713,0.24740990,563332.69,13073.10
7685,251822080,512.527255,train,1.44721901,0.000199063426081,0.25201726,563412.48,13073.10
7686,251854848,512.584124,train,1.35241330,0.000198971894519,0.24457666,563557.90,13073.10
7687,251887616,512.641855,train,1.43777204,0.000198880400039,0.24005371,563603.95,13073.10
7688,251920384,512.699419,train,1.41447687,0.000198788942648,0.25098538,563667.52,13073.10
7689,251953152,512.756269,train,1.43695617,0.000198697522358,0.24765250,563807.34,13073.10
7690,251985920,512.813435,train,1.40414381,0.000198606139177,0.23979035,563910.14,13073.10
7691,252018688,512.871671,train,1.44924664,0.000198514793116,0.24384971,563896.58,13073.10
7692,252051456,512.928825,train,1.43214393,0.000198423484183,0.24612030,563997.35,13073.10
7693,252084224,512.985588,train,1.42404294,0.00019833221239,0.25370893,564136.90,13073.10
7694,252116992,513.042368,train,1.38972759,0.000198240977744,0.24799402,564271.79,13073.10
7695,252149760,513.099070,train,1.47055840,0.000198149780257,0.25101462,564411.92,13073.10
7696,252182528,513.155427,train,1.42682004,0.000198058619937,0.25125667,564584.14,13073.10
7697,252215296,513.212375,train,1.39652860,0.000197967496794,0.24818242,564693.55,13073.10
7698,252248064,513.269317,train,1.45137334,0.000197876410838,0.25191253,564801.46,13073.10
7699,252280832,513.326359,train,1.41258979,0.000197785362078,0.24478576,564897.27,13073.10
7700,252313600,513.383609,train,1.44798064,0.000197694350525,0.24651560,564971.02,13073.10
7700,252313600,513.720920,valid,1.43405244,0.000197694350525,,564971.02,13073.10
7701,252346368,513.858055,train,1.41693664,0.000197603376187,0.25235686,240931.28,13073.10
7702,252379136,513.915499,train,1.44422948,0.000197512439074,0.24442528,338774.90,13073.10
7703,252411904,513.972602,train,1.41166377,0.000197421539197,0.25082695,392348.43,13073.10
7704,252444672,514.029456,train,1.36247492,0.000197330676564,0.24253458,426380.64,13073.10
7705,252477440,514.086454,train,1.37762308,0.000197239851184,0.24903652,449610.41,13073.10
7706,252510208,514.143668,train,1.41827571,0.000197149063069,0.24049918,466317.39,13073.10
7707,252542976,514.200640,train,1.42491174,0.000197058312227,0.24500488,479273.71,13073.10
7708,252575744,514.258198,train,1.38575232,0.000196967598667,0.24103931,488938.73,13073.10
7709,252608512,514.315279,train,1.41348374,0.000196876922401,0.24554133,497128.67,13073.10
7710,252641280,514.372261,train,1.47687840,0.000196786283436,0.24981132,503958.90,13073.10
7711,252674048,514.428767,train,1.45394945,0.000196695681782,0.24496217,510031.09,13073.10
7712,252706816,514.485837,train,1.42749918,0.00019660511745,0.26882449,514824.04,13073.10
7713,252739584,514.542463,train,1.42847586,0.000196514590449,0.25370964,519231.07,13073.10
7714,252772352,514.599175,train,1.40367389,0.000196424100788,0.23984990,523017.49,13073.10
7715,252805120,514.656257,train,1.48623133,0.000196333648476,0.24948464,526135.91,13073.10
7716,252837888,514.713233,train,1.45328712,0.000196243233525,0.25438404,528951.33,13073.10
7717,252870656,514.770374,train,1.47312081,0.000196152855942,0.25793028,531377.01,13073.10
7718,252903424,514.827264,train,1.44578397,0.000196062515737,0.24447475,533673.84,13073.10
7719,252936192,514.883952,train,1.46014225,0.000195972212921,0.24736658,535838.33,13073.10
7720,252968960,514.940517,train,1.46930194,0.000195881947502,0.24146099,537855.83,13073.10
7721,253001728,514.998549,train,1.41450655,0.00019579171949,0.24990049,539074.35,13073.10
7722,253034496,515.055997,train,1.42995656,0.000195701528895,0.24546929,540422.99,13073.10
7723,253067264,515.112769,train,1.42076945,0.000195611375726,0.24437812,541923.81,13073.10
7724,253100032,515.169504,train,1.41483593,0.000195521259993,0.24645573,543320.59,13073.10
7725,253132800,515.226183,train,1.39062154,0.000195431181705,0.24544424,544632.54,13073.10
7726,253165568,515.282217,train,1.41831553,0.000195341140872,0.24935994,546074.58,13073.10
7727,253198336,515.338423,train,1.43015122,0.000195251137503,0.24183261,547358.73,13073.10
7728,253231104,515.395364,train,1.37980151,0.000195161171608,0.24075350,548315.22,13073.10
7729,253263872,515.452546,train,1.44907212,0.000195071243196,0.24929169,549132.51,13073.10
7730,253296640,515.509165,train,1.40036631,0.000194981352277,0.24534118,550070.71,13073.10
7731,253329408,515.566203,train,1.40248537,0.00019489149886,0.24785270,550826.04,13073.10
7732,253362176,515.623182,train,1.41450119,0.000194801682955,0.25063035,551553.37,13073.10
7733,253394944,515.680421,train,1.44134223,0.000194711904571,0.25573537,552164.81,13073.10
7734,253427712,515.737590,train,1.41779304,0.000194622163717,0.25273365,552760.88,13073.10
7735,253460480,515.794333,train,1.46902061,0.000194532460404,0.25176105,553437.90,13073.10
7736,253493248,515.849070,train,1.43298090,0.000194442794641,0.24984582,554601.10,13073.10
7737,253526016,515.905705,train,1.42310262,0.000194353166437,0.24226616,555222.97,13073.10
7738,253558784,515.962846,train,1.43223810,0.000194263575801,0.25622565,555687.91,13073.10
7739,253591552,516.020764,train,1.41060627,0.000194174022743,0.25269431,555941.99,13073.10
7740,253624320,516.077945,train,1.44460702,0.000194084507273,0.24708442,556357.54,13073.10
7741,253657088,516.135618,train,1.42309463,0.0001939950294,0.25166675,556639.63,13073.10
7742,253689856,516.193051,train,1.39170516,0.000193905589133,0.24603610,556962.70,13073.10
7743,253722624,516.250544,train,1.41651559,0.000193816186483,0.23972389,557257.89,13073.10
7744,253755392,516.307493,train,1.39569473,0.000193726821457,0.24762651,557657.43,13073.10
7745,253788160,516.364831,train,1.41558218,0.000193637494067,0.25061837,557957.51,13073.10
7746,253820928,516.421755,train,1.46870089,0.00019354820432,0.25116912,558330.58,13073.10
7747,253853696,516.479106,train,1.40974927,0.000193458952227,0.24845417,558601.59,13073.10
7748,253886464,516.536222,train,1.42941642,0.000193369737798,0.24477118,558908.19,13073.10
7749,253919232,516.593664,train,1.42471445,0.00019328056104,0.24522837,559138.97,13073.10
7750,253952000,516.651301,train,1.44761920,0.000193191421965,0.24781677,559323.71,13073.10
7751,253984768,516.708588,train,1.44576204,0.000193102320581,0.24683677,559566.97,13073.10
7752,254017536,516.765909,train,1.39771605,0.000193013256898,0.24520113,559794.55,13073.10
7753,254050304,516.823092,train,1.43364835,0.000192924230925,0.24686146,560038.78,13073.10
7754,254083072,516.880360,train,1.45603704,0.000192835242671,0.25489739,560258.96,13073.10
7755,254115840,516.938118,train,1.38447118,0.000192746292147,0.25265408,560386.03,13073.10
7756,254148608,516.995660,train,1.45384037,0.00019265737936,0.25088030,560545.64,13073.10
7757,254181376,517.053636,train,1.39770579,0.000192568504322,0.24094613,560626.52,13073.10
7758,254214144,517.110831,train,1.40133309,0.000192479667041,0.24666594,560834.01,13073.10
7759,254246912,517.168151,train,1.44138348,0.000192390867526,0.25166938,561014.26,13073.10
7760,254279680,517.225301,train,1.37476659,0.000192302105787,0.24388890,561215.70,13073.10
7761,254312448,517.282332,train,1.43028235,0.000192213381833,0.24521782,561429.59,13073.10
7762,254345216,517.339983,train,1.41539860,0.000192124695674,0.25495517,561540.45,13073.10
7763,254377984,517.397132,train,1.39848018,0.000192036047319,0.24641745,561724.49,13073.10
7764,254410752,517.454707,train,1.42662668,0.000191947436777,0.25115755,561838.79,13073.10
7765,254443520,517.511931,train,1.42394924,0.000191858864058,0.24904780,562001.69,13073.10
7766,254476288,517.569118,train,1.47227132,0.000191770329171,0.25124389,562165.19,13073.10
7767,254509056,517.626130,train,1.44034493,0.000191681832126,0.25070730,562349.04,13073.10
7768,254541824,517.683298,train,1.40193999,0.000191593372931,0.25583750,562505.48,13073.10
7769,254574592,517.740539,train,1.40908504,0.000191504951597,0.24535516,562647.16,13073.10
7770,254607360,517.797760,train,1.43296957,0.000191416568132,0.24448438,562787.85,13073.10
7771,254640128,517.855442,train,1.45767379,0.000191328222546,0.24267961,562861.62,13073.10
7772,254672896,517.913022,train,1.40405881,0.000191239914848,0.24336216,562947.19,13073.10
7773,254705664,517.970257,train,1.48597836,0.000191151645047,0.24327762,563076.02,13073.10
7774,254738432,518.027331,train,1.43464446,0.000191063413154,0.24480961,563222.57,13073.10
7775,254771200,518.085253,train,1.47912753,0.000190975219176,0.30587623,563255.80,13073.10
7776,254803968,518.142157,train,1.37724090,0.000190887063124,0.24338026,563417.95,13073.10
7777,254836736,518.199424,train,1.38167644,0.000190798945006,0.23943354,563530.21,13073.10
7778,254869504,518.256655,train,1.43692851,0.000190710864833,0.25583968,563644.18,13073.10
7779,254902272,518.313206,train,1.43647814,0.000190622822613,0.25005117,563838.76,13073.10
7780,254935040,518.370267,train,1.44325507,0.000190534818356,0.24670452,563966.77,13073.10
7781,254967808,518.427483,train,1.40411675,0.00019044685207,0.24921207,564072.98,13073.10
7782,255000576,518.484471,train,1.38139021,0.000190358923766,0.23642851,564203.64,13073.10
7783,255033344,518.541711,train,1.44084549,0.000190271033452,0.24698034,564301.79,13073.10
7784,255066112,518.599460,train,1.43096077,0.000190183181139,0.24793100,564338.75,13073.10
7785,255098880,518.656550,train,1.44633627,0.000190095366834,0.23968852,564450.17,13073.10
7786,255131648,518.714052,train,1.48186827,0.000190007590548,0.25208366,564512.49,13073.10
7787,255164416,518.771383,train,1.44369805,0.000189919852289,0.24437012,564592.46,13073.10
7788,255197184,518.828956,train,1.43757367,0.000189832152067,0.24850407,564644.00,13073.10
7789,255229952,518.886723,train,1.41831362,0.000189744489892,0.24098000,564672.99,13073.10
7790,255262720,518.944205,train,1.37389958,0.000189656865772,0.23999549,564732.31,13073.10
7791,255295488,519.001380,train,1.41928017,0.000189569279716,0.24078616,564823.10,13073.10
7792,255328256,519.058341,train,1.42554486,0.000189481731735,0.24663919,564934.68,13073.10
7793,255361024,519.115922,train,1.43319690,0.000189394221836,0.24222901,564978.93,13073.10
7794,255393792,519.173463,train,1.34690320,0.000189306750031,0.24282718,565026.31,13073.10
7795,255426560,519.231056,train,1.42277098,0.000189219316326,0.24098450,565067.40,13073.10
7796,255459328,519.288264,train,1.42478251,0.000189131920733,0.24904643,565146.76,13073.10
7797,255492096,519.345909,train,1.46788263,0.00018904456326,0.24857236,565180.54,13073.10
7798,255524864,519.403302,train,1.43265712,0.000188957243917,0.24500045,565238.68,13073.10
7799,255557632,519.460939,train,1.41194916,0.000188869962711,0.24394262,565271.69,13073.10
7800,255590400,519.518315,train,1.38301408,0.000188782719654,0.25036073,565329.45,13073.10
7800,255590400,519.855678,valid,1.43252535,0.000188782719654,,565329.45,13073.10
7801,255623168,519.998475,train,1.41167474,0.000188695514754,0.24729870,231338.51,13073.10
7802,255655936,520.056127,train,1.40156972,0.00018860834802,0.23876897,328836.83,13073.10
7803,255688704,520.113759,train,1.46830034,0.000188521219462,0.25220808,382611.62,13073.10
7804,255721472,520.170812,train,1.45978177,0.000188434129088,0.25414208,417450.59,13073.10
7805,255754240,520.228179,train,1.46545386,0.000188347076908,0.25484872,441202.05,13073.10
7806,255787008,520.285611,train,1.45439875,0.000188260062931,0.24781200,458527.84,13073.10
7807,255819776,520.342909,train,1.42001867,0.000188173087166,0.24352969,471889.71,13073.10
7808,255852544,520.400712,train,1.44625139,0.000188086149623,0.24726798,481986.68,13073.10
7809,255885312,520.457853,train,1.43834376,0.00018799925031,0.24977885,490683.64,13073.10
7810,255918080,520.515019,train,1.44746089,0.000187912389238,0.25007108,497850.28,13073.10
7811,255950848,520.573053,train,1.37300467,0.000187825566414,0.24122255,503262.29,13073.10
7812,255983616,520.630895,train,1.39618421,0.000187738781848,0.25152645,507988.44,13073.10
7813,256016384,520.687761,train,1.43660092,0.00018765203555,0.24920513,512658.74,13073.10
7814,256049152,520.745122,train,1.43404055,0.000187565327528,0.25425309,516442.85,13073.10
7815,256081920,520.802663,train,1.40387428,0.000187478657792,0.24416058,519668.97,13073.10
7816,256114688,520.860130,train,1.47752333,0.00018739202635,0.25461155,522563.53,13073.10
7817,256147456,520.917388,train,1.42896986,0.000187305433213,0.24871318,525248.02,13073.10
7818,256180224,520.974568,train,1.47752309,0.000187218878388,0.25752369,527694.52,13073.10
7819,256212992,521.031698,train,1.43861461,0.000187132361886,0.25139499,529925.13,13073.10
7820,256245760,521.089092,train,1.41748285,0.000187045883715,0.24965185,531834.78,13073.10
7821,256278528,521.146221,train,1.41039360,0.000186959443885,0.24578032,533684.46,13073.10
7822,256311296,521.203307,train,1.40184021,0.000186873042404,0.24207254,535394.10,13073.10
7823,256344064,521.260697,train,1.47298288,0.000186786679283,0.25311312,536848.39,13073.10
7824,256376832,521.318384,train,1.44001353,0.000186700354529,0.24297230,538079.51,13073.10
7825,256409600,521.375279,train,1.43685198,0.000186614068152,0.23852606,539497.85,13073.10
7826,256442368,521.432706,train,1.42186320,0.000186527820161,0.24271202,540631.18,13073.10
7827,256475136,521.489897,train,1.41494203,0.000186441610565,0.24896556,541763.46,13073.10
7828,256507904,521.547459,train,1.43988943,0.000186355439374,0.25116381,542699.71,13073.10
7829,256540672,521.605448,train,1.45373690,0.000186269306596,0.25360629,543441.62,13073.10
7830,256573440,521.663009,train,1.40630758,0.000186183212241,0.24314871,544264.82,13073.10
7831,256606208,521.719730,train,1.39658475,0.000186097156317,0.24343638,545283.21,13073.10
7832,256638976,521.776909,train,1.44482923,0.000186011138834,0.24720064,546110.67,13073.10
7833,256671744,521.834080,train,1.46635914,0.000185925159801,0.24923639,546892.86,13073.10
7834,256704512,521.891747,train,1.37146008,0.000185839219227,0.24317235,547497.53,13073.10
7835,256737280,521.948294,train,1.44423544,0.000185753317121,0.24131642,548362.35,13073.10
7836,256770048,522.005443,train,1.42129910,0.000185667453491,0.24522668,549027.56,13073.10
7837,256802816,522.062844,train,1.43938875,0.000185581628348,0.24861340,549595.67,13073.10
7838,256835584,522.120502,train,1.44214559,0.000185495841701,0.25182194,550072.61,13073.10
7839,256868352,522.178045,train,1.41149473,0.000185410093557,0.24815176,550553.12,13073.10
7840,256901120,522.234995,train,1.46186161,0.000185324383927,0.25104851,551147.71,13073.10
7841,256933888,522.292048,train,1.44487441,0.000185238712819,0.24836855,551691.12,13073.10
7842,256966656,522.348972,train,1.45148730,0.000185153080242,0.25264016,552238.20,13073.10
7843,256999424,522.405986,train,1.39889526,0.000185067486206,0.25329328,552741.32,13073.10
7844,257032192,522.463193,train,1.43625855,0.000184981930719,0.25284782,553181.59,13073.10
7845,257064960,522.519856,train,1.39052820,0.000184896413791,0.24918212,553715.89,13073.10
7846,257097728,522.577263,train,1.40325689,0.000184810935431,0.24829219,554076.59,13073.10
7847,257130496,522.635212,train,1.46336520,0.000184725495647,0.25203305,554314.00,13073.10
7848,257163264,522.692128,train,1.38814116,0.000184640094449,0.24140199,554743.70,13073.10
7849,257196032,522.749387,train,1.43925405,0.000184554731845,0.25113684,555090.93,13073.10
7850,257228800,522.806510,train,1.43836975,0.000184469407845,0.25738651,555450.05,13073.10
7851,257261568,522.863436,train,1.47542489,0.000184384122458,0.25055659,555832.05,13073.10
7852,257294336,522.920305,train,1.41976190,0.000184298875692,0.25103140,556210.16,13073.10
7853,257327104,522.977630,train,1.49039197,0.000184213667557,0.24928387,556493.10,13073.10
7854,257359872,523.034986,train,1.42383206,0.000184128498062,0.24838836,556760.54,13073.10
7855,257392640,523.092112,train,1.44107151,0.000184043367216,0.25734970,557058.19,13073.10
7856,257425408,523.149128,train,1.41532063,0.000183958275027,0.26374432,557363.88,13073.10
7857,257458176,523.206426,train,1.41888905,0.000183873221504,0.26224819,557612.25,13073.10
7858,257490944,523.263458,train,1.40534425,0.000183788206658,0.24694374,557895.92,13073.10
7859,257523712,523.320207,train,1.45625424,0.000183703230496,0.24720849,558215.94,13073.10
7860,257556480,523.377207,train,1.39700389,0.000183618293028,0.24592385,558485.61,13073.10
7861,257589248,523.433843,train,1.43341947,0.000183533394262,0.24685884,558803.67,13073.10
7862,257622016,523.491402,train,1.43677902,0.000183448534208,0.24726872,558969.80,13073.10
7863,257654784,523.548393,train,1.44332671,0.000183363712874,0.25621641,559216.77,13073.10
7864,257687552,523.605358,train,1.40251064,0.00018327893027,0.24415480,559460.18,13073.10
7865,257720320,523.663296,train,1.43814874,0.000183194186404,0.24823542,559553.18,13073.10
7866,257753088,523.720364,train,1.41840100,0.000183109481286,0.24505760,559769.23,13073.10
7867,257785856,523.777993,train,1.43345785,0.000183024814924,0.25179049,559899.18,13073.10
7868,257818624,523.835348,train,1.46401775,0.000182940187327,0.24505676,560063.76,13073.10
7869,257851392,523.893661,train,1.42935538,0.000182855598505,0.24486601,560090.75,13073.10
7870,257884160,523.951227,train,1.44965911,0.000182771048465,0.27166781,560219.16,13073.10
7871,257916928,524.008845,train,1.48281562,0.000182686537218,0.25727427,560337.12,13073.10
7872,257949696,524.066360,train,1.42531776,0.000182602064772,0.24952622,560465.18,13073.10
7873,257982464,524.124107,train,1.42476726,0.000182517631135,0.25470001,560559.73,13073.10
7874,258015232,524.182257,train,1.42575681,0.000182433236318,0.24654487,560599.33,13073.10
7875,258048000,524.239442,train,1.40147364,0.000182348880328,0.25657022,560761.45,13073.10
7876,258080768,524.296733,train,1.50987184,0.000182264563175,0.25405321,560906.02,13073.10
7877,258113536,524.354250,train,1.41931820,0.000182180284867,0.25242117,561018.46,13073.10
7878,258146304,524.411536,train,1.46409392,0.000182096045414,0.24477082,561156.76,13073.10
7879,258179072,524.468425,train,1.44246602,0.000182011844825,0.24295780,561339.82,13073.10
7880,258211840,524.526005,train,1.46353722,0.000181927683107,0.24981730,561435.40,13073.10
7881,258244608,524.583144,train,1.39989591,0.000181843560271,0.24761046,561580.98,13073.10
7882,258277376,524.640524,train,1.48748624,0.000181759476325,0.24352908,561694.80,13073.10
7883,258310144,524.698472,train,1.39246964,0.000181675431278,0.23848991,561740.02,13073.10
7884,258342912,524.755927,train,1.41467714,0.000181591425138,0.24676144,561840.61,13073.10
7885,258375680,524.813223,train,1.43743193,0.000181507457916,0.24404506,561956.97,13073.10
7886,258408448,524.870138,train,1.44584334,0.000181423529619,0.25209290,562113.47,13073.10
7887,258441216,524.927773,train,1.37948608,0.000181339640256,0.24485524,562186.59,13073.10
7888,258473984,524.985216,train,1.39399433,0.000181255789837,0.24078043,562279.05,13073.10
7889,258506752,525.042471,train,1.41489542,0.000181171978369,0.24761216,562389.88,13073.10
7890,258539520,525.099663,train,1.43884706,0.000181088205863,0.24109733,562505.04,13073.10
7891,258572288,525.157152,train,1.42682171,0.000181004472327,0.24193203,562586.24,13073.10
7892,258605056,525.213845,train,1.43778491,0.000180920777769,0.24304046,562749.27,13073.10
7893,258637824,525.271237,train,1.43318272,0.000180837122199,0.24632487,562836.16,13073.10
7894,258670592,525.327649,train,1.41785812,0.000180753505625,0.25358701,563022.09,13073.10
7895,258703360,525.385038,train,1.42919159,0.000180669928056,0.24802908,563104.69,13073.10
7896,258736128,525.442124,train,1.40383565,0.000180586389502,0.25310436,563216.15,13073.10
7897,258768896,525.498909,train,1.42549706,0.00018050288997,0.24705474,563355.40,13073.10
7898,258801664,525.556425,train,1.37054956,0.00018041942947,0.24292557,563419.65,13073.10
7899,258834432,525.613241,train,1.45823717,0.00018033600801,0.24353538,563551.14,13073.10
7900,258867200,525.670660,train,1.37267888,0.0001802526256,0.24221466,563621.61,13073.10
7900,258867200,526.008581,valid,1.43028492,0.0001802526256,,563621.61,13073.10
7901,258899968,526.155215,train,1.38009191,0.000180169282248,0.24494720,225406.77,13073.10
7902,258932736,526.212238,train,1.46491468,0.000180085977963,0.25534669,323800.39,13073.10
7903,258965504,526.269893,train,1.42287445,0.000180002712753,0.25917742,378017.58,13073.10
7904,258998272,526.327428,train,1.45291424,0.000179919486628,0.25043017,412713.32,13073.10
7905,259031040,526.386809,train,1.41380000,0.000179836299596,0.24558884,434626.12,13073.10
7906,259063808,526.443899,train,1.45014834,0.000179753151667,0.25354129,452954.36,13073.10
7907,259096576,526.501335,train,1.43960416,0.000179670042848,0.24831745,466692.09,13073.10
7908,259129344,526.559216,train,1.44434285,0.000179586973149,0.25128257,477168.40,13073.10
7909,259162112,526.616690,train,1.43660235,0.000179503942578,0.25776607,485973.50,13073.10
7910,259194880,526.674094,train,1.44691658,0.000179420951145,0.24719083,493306.71,13073.10
7911,259227648,526.731335,train,1.43996763,0.000179337998857,0.25203738,499586.69,13073.10
7912,259260416,526.789740,train,1.43088531,0.000179255085725,0.24351133,504188.54,13073.10
7913,259293184,526.847139,train,1.37977052,0.000179172211755,0.24317218,508760.72,13073.10
7914,259325952,526.903985,train,1.44171238,0.000179089376958,0.24316522,513063.19,13073.10
7915,259358720,526.961656,train,1.40232348,0.000179006581342,0.24453519,516402.93,13073.10
7916,259391488,527.019050,train,1.46052289,0.000178923824916,0.24742608,519504.30,13073.10
7917,259424256,527.076865,train,1.47403908,0.000178841107688,0.24598283,522065.70,13073.10
7918,259457024,527.133825,train,1.41158557,0.000178758429668,0.23995371,524762.50,13073.10
7919,259489792,527.192568,train,1.43533850,0.000178675790863,0.24668568,526404.09,13073.10
7920,259522560,527.250218,train,1.45697856,0.000178593191283,0.25469616,528356.09,13073.10
7921,259555328,527.307496,train,1.45294237,0.000178510630936,0.24750547,530286.20,13073.10
7922,259588096,527.365593,train,1.40960121,0.000178428109832,0.24515180,531731.84,13073.10
7923,259620864,527.422696,train,1.46146464,0.000178345627978,0.24886154,533433.57,13073.10
7924,259653632,527.480168,train,1.41426754,0.000178263185384,0.24562241,534869.31,13073.10
7925,259686400,527.537507,train,1.40646803,0.000178180782059,0.23962675,536243.29,13073.10
7926,259719168,527.594946,train,1.42957664,0.00017809841801,0.25110748,537483.65,13073.10
7927,259751936,527.652012,train,1.43377995,0.000178016093247,0.25018224,538760.26,13073.10
7928,259784704,527.710151,train,1.45953357,0.000177933807778,0.24380825,539610.19,13073.10
7929,259817472,527.768022,train,1.45953298,0.000177851561612,0.25824842,540485.94,13073.10
7930,259850240,527.824905,train,1.42581356,0.000177769354758,0.25600845,541600.68,13073.10
7931,259883008,527.882547,train,1.44307518,0.000177687187225,0.24614976,542428.26,13073.10
7932,259915776,527.940036,train,1.43050194,0.00017760505902,0.24653229,543249.08,13073.10
7933,259948544,527.997719,train,1.40548348,0.000177522970154,0.23834383,543969.42,13073.10
7934,259981312,528.054395,train,1.40391111,0.000177440920634,0.24439956,544917.25,13073.10
7935,260014080,528.111755,train,1.46258461,0.000177358910469,0.26014167,545636.30,13073.10
7936,260046848,528.169846,train,1.43863297,0.000177276939667,0.25597608,546132.16,13073.10
7937,260079616,528.228710,train,1.44946861,0.000177195008239,0.24854417,546411.83,13073.10
7938,260112384,528.285814,train,1.44334650,0.000177113116191,0.24767812,547099.85,13073.10
7939,260145152,528.342750,train,1.42320395,0.000177031263533,0.24539502,547793.67,13073.10
7940,260177920,528.399538,train,1.47461629,0.000176949450274,0.25507179,548488.28,13073.10
7941,260210688,528.457221,train,1.40027213,0.000176867676421,0.24944612,548949.82,13073.10
7942,260243456,528.515248,train,1.41678596,0.000176785941984,0.24558885,549314.57,13073.10
7943,260276224,528.572764,train,1.46969628,0.000176704246972,0.25282541,549772.54,13073.10
7944,260308992,528.629995,train,1.41081643,0.000176622591392,0.25276566,550270.26,13073.10
7945,260341760,528.687520,train,1.43858838,0.000176540975254,0.24880539,550686.15,13073.10
7946,260374528,528.743858,train,1.38788033,0.000176459398567,0.24908735,551323.78,13073.10
7947,260407296,528.801194,train,1.42593098,0.000176377861338,0.24854684,551738.48,13073.10
7948,260440064,528.858412,train,1.40141535,0.000176296363576,0.25075558,552159.21,13073.10
7949,260472832,528.916042,train,1.39096594,0.00017621490529,0.25522909,552485.08,13073.10
7950,260505600,528.973048,train,1.37253785,0.00017613348649,0.25068322,552914.58,13073.10
7951,260538368,529.029802,train,1.41037858,0.000176052107182,0.24604228,553374.24,13073.10
7952,260571136,529.086403,train,1.41874754,0.000175970767376,0.25577977,553844.50,13073.10
7953,260603904,529.143298,train,1.43394542,0.000175889467081,0.25787300,554245.48,13073.10
7954,260636672,529.200572,train,1.48847961,0.000175808206304,0.25554955,554566.43,13073.10
7955,260669440,529.258448,train,1.46767282,0.000175726985056,0.25372577,554773.29,13073.10
7956,260702208,529.314861,train,1.43284988,0.000175645803343,0.24191971,555218.67,13073.10
7957,260734976,529.371839,train,1.44059443,0.000175564661175,0.25457990,555555.55,13073.10
7958,260767744,529.428479,train,1.43285108,0.000175483558561,0.24407355,555936.29,13073.10
7959,260800512,529.485919,train,1.42723608,0.000175402495508,0.24765207,556176.34,13073.10
7960,260833280,529.543431,train,1.42671371,0.000175321472026,0.24799845,556397.51,13073.10
7961,260866048,529.601226,train,1.42690802,0.000175240488123,0.24409211,556567.60,13073.10
7962,260898816,529.658032,train,1.41124153,0.000175159543807,0.25297296,556883.08,13073.10
7963,260931584,529.715809,train,1.40120423,0.000175078639088,0.24942581,557043.26,13073.10
7964,260964352,529.772743,train,1.45627797,0.000174997773973,0.25071076,557323.30,13073.10
7965,260997120,529.830100,train,1.42454815,0.000174916948471,0.24302158,557533.07,13073.10
7966,261029888,529.887217,train,1.44080782,0.000174836162591,0.25708479,557771.10,13073.10
7967,261062656,529.945313,train,1.37850106,0.000174755416342,0.24782908,557863.59,13073.10
7968,261095424,530.002983,train,1.37507534,0.000174674709731,0.25681028,558012.92,13073.10
7969,261128192,530.060162,train,1.41885030,0.000174594042768,0.24650516,558225.55,13073.10
7970,261160960,530.116967,train,1.43384397,0.00017451341546,0.25447690,558483.18,13073.10
7971,261193728,530.174014,train,1.45153999,0.000174432827817,0.26647410,558701.15,13073.10
7972,261226496,530.229830,train,1.40270925,0.000174352279847,0.24496061,559076.53,13073.10
7973,261259264,530.287069,train,1.39959502,0.000174271771558,0.25326297,559255.72,13073.10
7974,261292032,530.344354,train,1.42593098,0.000174191302959,0.24855341,559424.55,13073.10
7975,261324800,530.401402,train,1.41909194,0.000174110874058,0.24942072,559618.88,13073.10
7976,261357568,530.458431,train,1.44866657,0.000174030484864,0.25935641,559810.81,13073.10
7977,261390336,530.515565,train,1.46878254,0.000173950135386,0.24908534,559984.76,13073.10
7978,261423104,530.572649,train,1.43333673,0.000173869825631,0.24722779,560160.37,13073.10
7979,261455872,530.629491,train,1.39126992,0.000173789555609,0.24259110,560361.24,13073.10
7980,261488640,530.686234,train,1.45354939,0.000173709325328,0.24420622,560568.98,13073.10
7981,261521408,530.745261,train,1.38095319,0.000173629134796,0.24766761,560501.17,13073.10
7982,261554176,530.802105,train,1.43435597,0.000173548984022,0.25044405,560690.45,13073.10
7983,261586944,530.858748,train,1.39786971,0.000173468873014,0.25719231,560898.46,13073.10
7984,261619712,530.916043,train,1.44767570,0.000173388801781,0.25242567,561027.12,13073.10
7985,261652480,530.973577,train,1.39066768,0.000173308770331,0.24595225,561125.89,13073.10
7986,261685248,531.030125,train,1.39239931,0.000173228778672,0.24809085,561332.44,13073.10
7987,261718016,531.087171,train,1.42354929,0.000173148826814,0.24315670,561479.51,13073.10
7988,261750784,531.144175,train,1.39528298,0.000173068914764,0.25488499,561627.80,13073.10
7989,261783552,531.201219,train,1.41141629,0.000172989042531,0.25060850,561768.49,13073.10
7990,261816320,531.258534,train,1.48631430,0.000172909210124,0.24822241,561877.16,13073.10
7991,261849088,531.316945,train,1.47158027,0.00017282941755,0.25044191,561867.36,13073.10
7992,261881856,531.373644,train,1.44849753,0.000172749664819,0.25638261,562037.14,13073.10
7993,261914624,531.430386,train,1.41210115,0.000172669951938,0.24220559,562198.99,13073.10
7994,261947392,531.487201,train,1.39309907,0.000172590278916,0.24892595,562349.85,13073.10
7995,261980160,531.544138,train,1.39265132,0.000172510645762,0.24241240,562485.33,13073.10
7996,262012928,531.600424,train,1.42818534,0.000172431052484,0.24975222,562683.47,13073.10
7997,262045696,531.657592,train,1.41429484,0.00017235149909,0.24983105,562789.76,13073.10
7998,262078464,531.714956,train,1.42559052,0.000172271985589,0.24592589,562874.64,13073.10
7999,262111232,531.772267,train,1.40215015,0.000172192511989,0.25396320,562963.03,13073.10
8000,262144000,531.829373,train,1.44915354,0.000172113078299,0.25338641,563069.45,13073.10
8000,262144000,532.166011,valid,1.42841630,0.000172113078299,,563069.45,13073.10
8001,262176768,536.833386,train,1.44029355,0.000172033684527,0.24947695,7022.38,13073.10
8002,262209536,536.893709,train,1.46296453,0.00017195433068,0.25269336,13865.52,13073.10
8003,262242304,536.949342,train,1.38936782,0.000171875016769,0.24973972,20556.33,13073.10
8004,262275072,537.004601,train,1.38440025,0.000171795742801,0.24930471,27095.34,13073.10
8005,262307840,537.061065,train,1.40790236,0.000171716508784,0.24517174,33478.41,13073.10
8006,262340608,537.118509,train,1.44032145,0.000171637314727,0.24671035,39708.01,13073.10
8007,262373376,537.176576,train,1.42795444,0.000171558160638,0.25306243,45789.02,13073.10
8008,262406144,537.233766,train,1.41064596,0.000171479046526,0.24690165,51739.61,13073.10
8009,262438912,537.291895,train,1.42187572,0.000171399972398,0.24069743,57546.83,13073.10
8010,262471680,537.348698,train,1.41504455,0.000171320938264,0.24606910,63239.97,13073.10
8011,262504448,537.405876,train,1.39017153,0.000171241944131,0.24842180,68804.71,13073.10
8012,262537216,537.461629,train,1.41045022,0.000171162990009,0.24764745,74269.27,13073.10
8013,262569984,537.518437,train,1.40875685,0.000171084075905,0.23777646,79604.25,13073.10
8014,262602752,537.575257,train,1.39721227,0.000171005201827,0.24010845,84826.96,13073.10
8015,262635520,537.631954,train,1.40263677,0.000170926367784,0.24088553,89943.07,13073.10
8016,262668288,537.688788,train,1.42308974,0.000170847573785,0.24645743,94951.79,13073.10
8017,262701056,537.744894,train,1.40613186,0.000170768819837,0.24330507,99871.46,13073.10
8018,262733824,537.801137,train,1.48159313,0.000170690105949,0.24946357,104690.61,13073.10
8019,262766592,537.857287,train,1.42329347,0.000170611432129,0.24961556,109416.28,13073.10
8020,262799360,537.913304,train,1.42468786,0.000170532798386,0.24336462,114052.23,13073.10
8021,262832128,537.970310,train,1.36433971,0.000170454204728,0.24521744,118578.46,13073.10
8022,262864896,538.027452,train,1.46559691,0.000170375651163,0.25031301,123013.77,13073.10
8023,262897664,538.083564,train,1.39740455,0.000170297137699,0.24219145,127385.58,13073.10
8024,262930432,538.139620,train,1.40639162,0.000170218664346,0.23933111,131676.50,13073.10
8025,262963200,538.195554,train,1.42440319,0.00017014023111,0.25485560,135890.36,13073.10
8026,262995968,538.252067,train,1.39570379,0.000170061838,0.24327566,140013.41,13073.10
8027,263028736,538.308382,train,1.41655874,0.000169983485026,0.24357755,144065.25,13073.10
8028,263061504,538.364337,train,1.43639779,0.000169905172194,0.25009498,148052.03,13073.10
8029,263094272,538.420631,train,1.41947937,0.000169826899513,0.24153356,151959.22,13073.10
8030,263127040,538.475996,train,1.47013497,0.000169748666991,0.24920771,155819.67,13073.10
8031,263159808,538.531627,train,1.44497406,0.000169670474638,0.24259047,159606.25,13073.10
8032,263192576,538.588421,train,1.40233731,0.00016959232246,0.24609344,163297.64,13073.10
8033,263225344,538.645054,train,1.43217254,0.000169514210467,0.24948935,166928.44,13073.10
8034,263258112,538.701765,train,1.39648604,0.000169436138665,0.24564141,170494.29,13073.10
8035,263290880,538.758572,train,1.44897914,0.000169358107065,0.25632563,173996.24,13073.10
8036,263323648,538.815254,train,1.44323242,0.000169280115674,0.25098243,177441.66,13073.10
8037,263356416,538.871925,train,1.41598845,0.0001692021645,0.24641339,180829.13,13073.10
8038,263389184,538.928140,train,1.46802223,0.000169124253551,0.25737455,184172.24,13073.10
8039,263421952,538.985240,train,1.43104672,0.000169046382836,0.25191176,187435.88,13073.10
8040,263454720,539.041895,train,1.39685190,0.000168968552362,0.24590681,190657.65,13073.10
8041,263487488,539.098280,train,1.44198775,0.000168890762139,0.24337983,193834.30,13073.10
8042,263520256,539.154240,train,1.44825685,0.000168813012175,0.24387574,196971.68,13073.10
8043,263553024,539.210499,train,1.42498422,0.000168735302476,0.25016567,200050.71,13073.10
8044,263585792,539.266492,train,1.44852245,0.000168657633053,0.24213921,203088.54,13073.10
8045,263618560,539.322978,train,1.44000077,0.000168580003912,0.25395361,206064.62,13073.10
8046,263651328,539.379000,train,1.43217337,0.000168502415063,0.25566569,209007.53,13073.10
8047,263684096,539.433838,train,1.45139420,0.000168424866513,0.24552217,211939.62,13073.10
8048,263716864,539.489565,train,1.39770889,0.00016834735827,0.24358520,214801.67,13073.10
8049,263749632,539.546556,train,1.43664932,0.000168269890343,0.25307211,217583.23,13073.10
8050,263782400,539.603712,train,1.43678439,0.00016819246274,0.25211710,220317.30,13073.10
8051,263815168,539.661015,train,1.42018843,0.000168115075469,0.25140831,223005.24,13073.10
8052,263847936,539.718419,train,1.39975321,0.000168037728539,0.25072938,225649.40,13073.10
8053,263880704,539.775902,train,1.40548086,0.000167960421957,0.24663702,228251.27,13073.10
8054,263913472,539.832816,train,1.43178701,0.000167883155731,0.24280712,230831.27,13073.10
8055,263946240,539.889272,train,1.41269743,0.00016780592987,0.25104222,233387.07,13073.10
8056,263979008,539.946272,train,1.39814377,0.000167728744382,0.24716580,235889.25,13073.10
8057,264011776,540.003856,train,1.41849375,0.000167651599275,0.25070125,238337.31,13073.10
8058,264044544,540.061058,train,1.44914126,0.000167574494558,0.24448882,240761.31,13073.10
8059,264077312,540.118308,train,1.42477083,0.000167497430238,0.24298607,243148.90,13073.10
8060,264110080,540.175395,train,1.40057778,0.000167420406323,0.24589439,245507.41,13073.10
8061,264142848,540.231962,train,1.43426800,0.000167343422822,0.25048432,247848.50,13073.10
8062,264175616,540.288781,train,1.41416192,0.000167266479742,0.24800652,250149.24,13073.10
8063,264208384,540.346153,train,1.40211475,0.000167189577093,0.24439831,252400.90,13073.10
8064,264241152,540.403539,train,1.43990481,0.000167112714881,0.25431412,254620.76,13073.10
8065,264273920,540.461198,train,1.46915197,0.000167035893116,0.25122821,256801.45,13073.10
8066,264306688,540.518725,train,1.39237034,0.000166959111805,0.24883755,258956.15,13073.10
8067,264339456,540.575858,train,1.40915155,0.000166882370956,0.24167356,261093.59,13073.10
8068,264372224,540.633327,train,1.36538911,0.000166805670578,0.24221942,263191.73,13073.10
8069,264404992,540.690786,train,1.42285132,0.000166729010679,0.24758562,265261.90,13073.10
8070,264437760,540.747812,train,1.41736984,0.000166652391266,0.24929082,267317.81,13073.10
8071,264470528,540.805141,train,1.40227056,0.000166575812348,0.23977338,269337.15,13073.10
8072,264503296,540.863184,train,1.38803959,0.000166499273932,0.24612923,271307.58,13073.10
8073,264536064,540.920631,train,1.46176517,0.000166422776028,0.24988951,273270.48,13073.10
8074,264568832,540.978568,train,1.40311241,0.000166346318643,0.25449982,275192.49,13073.10
8075,264601600,541.035898,train,1.42243552,0.000166269901784,0.24330623,277108.35,13073.10
8076,264634368,541.093445,train,1.36296749,0.000166193525461,0.24149939,278992.78,13073.10
8077,264667136,541.150955,train,1.40927577,0.000166117189681,0.25043884,280854.28,13073.10
8078,264699904,541.207716,train,1.48677421,0.000166040894453,0.25353435,282715.50,13073.10
8079,264732672,541.264775,train,1.41523182,0.000165964639784,0.25089139,284544.19,13073.10
8080,264765440,541.322535,train,1.41194963,0.000165888425682,0.24957213,286328.10,13073.10
8081,264798208,541.380874,train,1.41722238,0.000165812252156,0.24326912,288071.60,13073.10
8082,264830976,541.438187,train,1.39482355,0.000165736119213,0.24677821,289825.21,13073.10
8083,264863744,541.495141,train,1.48418534,0.000165660026862,0.24466574,291568.47,13073.10
8084,264896512,541.552622,train,1.42542696,0.00016558397511,0.24639136,293274.14,13073.10
8085,264929280,541.610375,train,1.42329943,0.000165507963966,0.24510314,294950.53,13073.10
8086,264962048,541.667533,train,1.38153327,0.000165431993438,0.25326085,296625.12,13073.10
8087,264994816,541.724815,train,1.42980647,0.000165356063533,0.24445567,298275.82,13073.10
8088,265027584,541.782385,train,1.47751141,0.00016528017426,0.25084615,299897.87,13073.10
8089,265060352,541.839436,train,1.42836690,0.000165204325627,0.24827009,301516.76,13073.10
8090,265093120,541.896684,train,1.39916015,0.000165128517642,0.24235447,303110.55,13073.10
8091,265125888,541.954196,train,1.42675185,0.000165052750312,0.25010261,304677.48,13073.10
8092,265158656,542.011237,train,1.42405570,0.000164977023646,0.24658044,306240.75,13073.10
8093,265191424,542.068289,train,1.41992760,0.000164901337652,0.24735385,307785.66,13073.10
8094,265224192,542.125329,train,1.42019105,0.000164825692337,0.24287914,309313.21,13073.10
8095,265256960,542.182773,train,1.40526342,0.000164750087711,0.24175668,310810.88,13073.10
8096,265289728,542.239824,train,1.42227626,0.000164674523779,0.23726073,312303.63,13073.10
8097,265322496,542.296241,train,1.49166822,0.000164599000552,0.24389172,313799.21,13073.10
8098,265355264,542.353333,train,1.46543980,0.000164523518036,0.25611079,315257.28,13073.10
8099,265388032,542.411589,train,1.42088842,0.00016444807624,0.25070953,316663.18,13073.10
8100,265420800,542.468546,train,1.44433653,0.000164372675172,0.24462217,318093.27,13073.10
8100,265420800,542.805953,valid,1.42708048,0.000164372675172,,318093.27,13073.10
8101,265453568,542.949549,train,1.41888964,0.000164297314839,0.24888593,230689.59,13073.10
8102,265486336,543.007536,train,1.45856488,0.00016422199525,0.25128880,327629.61,13073.10
8103,265519104,543.064826,train,1.39759421,0.000164146716412,0.24335590,382028.05,13073.10
8104,265551872,543.121862,train,1.40316737,0.000164071478334,0.24680987,416953.35,13073.10
8105,265584640,543.179542,train,1.43573499,0.000163996281023,0.24675384,440386.85,13073.10
8106,265617408,543.237332,train,1.43782210,0.000163921124487,0.24910511,457412.55,13073.10
8107,265650176,543.294878,train,1.39399290,0.000163846008735,0.25123155,470638.32,13073.10
8108,265682944,543.352274,train,1.40113866,0.000163770933774,0.25427124,481202.13,13073.10
8109,265715712,543.409532,train,1.43132591,0.000163695899612,0.24765511,489865.10,13073.10
8110,265748480,543.466934,train,1.40791452,0.000163620906257,0.24809267,496914.37,13073.10
8111,265781248,543.524797,train,1.45672655,0.000163545953718,0.24932598,502512.38,13073.10
8112,265814016,543.582656,train,1.38679695,0.000163471042001,0.24390227,507277.05,13073.10
8113,265846784,543.639696,train,1.37185502,0.000163396171115,0.24483784,511882.85,13073.10
8114,265879552,543.697845,train,1.43269801,0.000163321341067,0.24714300,515255.32,13073.10
8115,265912320,543.755884,train,1.38660419,0.000163246551867,0.23946400,518273.66,13073.10
8116,265945088,543.813870,train,1.41569936,0.00016317180352,0.24782698,520972.36,13073.10
8117,265977856,543.872319,train,1.40981960,0.000163097096037,0.25082079,523148.80,13073.10
8118,266010624,543.929631,train,1.45391774,0.000163022429423,0.25137797,525631.08,13073.10
8119,266043392,543.987343,train,1.42810488,0.000162947803688,0.24205495,527692.95,13073.10
8120,266076160,544.044158,train,1.39620185,0.000162873218839,0.24862400,529946.99,13073.10
8121,266108928,544.101952,train,1.40179205,0.000162798674884,0.26020706,531600.07,13073.10
8122,266141696,544.159087,train,1.39089942,0.000162724171831,0.24925384,533372.31,13073.10
8123,266174464,544.216490,train,1.37494266,0.000162649709687,0.23988120,534898.63,13073.10
8124,266207232,544.273063,train,1.40989661,0.000162575288461,0.24754138,536609.61,13073.10
8125,266240000,544.330461,train,1.40568900,0.000162500908161,0.24662428,537901.55,13073.10
8126,266272768,544.388026,train,1.39599538,0.000162426568794,0.24506778,539042.79,13073.10
8127,266305536,544.445531,train,1.44665420,0.000162352270368,0.25368273,540123.32,13073.10
8128,266338304,544.502795,train,1.39137149,0.000162278012891,0.24598832,541207.94,13073.10
8129,266371072,544.559647,train,1.41048992,0.00016220379637,0.24253158,542348.87,13073.10
8130,266403840,544.617906,train,1.41315556,0.000162129620815,0.23995481,542995.81,13073.10
8131,266436608,544.675050,train,1.40314984,0.000162055486232,0.24613315,543927.12,13073.10
8132,266469376,544.732412,train,1.40044415,0.000161981392629,0.24380811,544741.30,13073.10
8133,266502144,544.790007,train,1.39735401,0.000161907340015,0.24427818,545444.22,13073.10
8134,266534912,544.847451,train,1.42743158,0.000161833328397,0.24780500,546147.99,13073.10
8135,266567680,544.905369,train,1.40652919,0.000161759357782,0.24226731,546689.45,13073.10
8136,266600448,544.962216,train,1.44665277,0.000161685428179,0.24775714,547474.04,13073.10
8137,266633216,545.020376,train,1.47137022,0.000161611539596,0.24904016,547892.84,13073.10
8138,266665984,545.077832,train,1.39735246,0.00016153769204,0.24009962,548460.22,13073.10
8139,266698752,545.135619,train,1.42650938,0.000161463885519,0.25569937,548921.77,13073.10
8140,266731520,545.192926,train,1.44877481,0.00016139012004,0.24707589,549471.18,13073.10
8141,266764288,545.249861,train,1.43588066,0.000161316395613,0.24504817,550078.75,13073.10
8142,266797056,545.307075,train,1.41103733,0.000161242712243,0.25307480,550597.17,13073.10
8143,266829824,545.365339,train,1.43239927,0.00016116906994,0.24383098,550866.04,13073.10
8144,266862592,545.423270,train,1.40440941,0.000161095468711,0.24456649,551193.18,13073.10
8145,266895360,545.480882,train,1.42068791,0.000161021908564,0.24785002,551572.19,13073.10
8146,266928128,545.539311,train,1.39739466,0.000160948389507,0.24288887,551769.77,13073.10
8147,266960896,545.597262,train,1.39046645,0.000160874911546,0.24272911,552053.98,13073.10
8148,266993664,545.654210,train,1.39489436,0.000160801474691,0.24744149,552520.91,13073.10
8149,267026432,545.711482,train,1.43341398,0.000160728078949,0.23744914,552908.07,13073.10
8150,267059200,545.768873,train,1.41827178,0.000160654724327,0.25037116,553257.93,13073.10
8151,267091968,545.826343,train,1.40600646,0.000160581410833,0.24477641,553579.96,13073.10
8152,267124736,545.883549,train,1.41519475,0.000160508138476,0.24996106,553937.54,13073.10
8153,267157504,545.941396,train,1.47996163,0.000160434907262,0.25237072,554168.59,13073.10
8154,267190272,545.998801,train,1.43557191,0.0001603617172,0.25104135,554468.26,13073.10
8155,267223040,546.056334,train,1.41914773,0.000160288568297,0.25914970,554735.20,13073.10
8156,267255808,546.112896,train,1.45024109,0.000160215460561,0.25202903,555156.18,13073.10
8157,267288576,546.169776,train,1.38075054,0.000160142394,0.23926017,555510.30,13073.10
8158,267321344,546.226953,train,1.42125392,0.000160069368621,0.24342494,555804.44,13073.10
8159,267354112,546.284300,train,1.39592755,0.000159996384433,0.24774975,556061.53,13073.10
8160,267386880,546.341360,train,1.42015100,0.000159923441442,0.24887732,556355.62,13073.10
8161,267419648,546.398431,train,1.44826353,0.000159850539657,0.25749278,556638.60,13073.10
8162,267452416,546.455765,train,1.39861524,0.000159777679086,0.25700837,556872.67,13073.10
8163,267485184,546.512895,train,1.44383907,0.000159704859735,0.24999410,557130.05,13073.10
8164,267517952,546.570351,train,1.42598391,0.000159632081613,0.25013676,557331.43,13073.10
8165,267550720,546.627512,train,1.41709971,0.000159559344727,0.25170162,557569.71,13073.10
8166,267583488,546.684591,train,1.40577722,0.000159486649085,0.24651437,557812.76,13073.10
8167,267616256,546.741399,train,1.46633995,0.000159413994695,0.24652466,558087.33,13073.10
8168,267649024,546.798344,train,1.43746376,0.000159341381565,0.24517436,558334.81,13073.10
8169,267681792,546.855357,train,1.40177083,0.000159268809701,0.24943319,558565.95,13073.10
8170,267714560,546.912510,train,1.41209269,0.000159196279112,0.24738735,558771.56,13073.10
8171,267747328,546.970078,train,1.42645168,0.000159123789806,0.24204998,558915.85,13073.10
8172,267780096,547.027266,train,1.41549098,0.00015905134179,0.24663599,559106.70,13073.10
8173,267812864,547.084774,train,1.46045935,0.000158978935071,0.25011632,559250.40,13073.10
8174,267845632,547.141649,train,1.40305114,0.000158906569658,0.24010213,559472.01,13073.10
8175,267878400,547.198677,train,1.43688881,0.000158834245557,0.25243118,559668.51,13073.10
8176,267911168,547.256330,train,1.40255404,0.000158761962778,0.24053700,559781.17,13073.10
8177,267943936,547.313648,train,1.38111293,0.000158689721326,0.24945945,559932.62,13073.10
8178,267976704,547.370998,train,1.44321585,0.000158617521211,0.24503610,560076.34,13073.10
8179,268009472,547.428388,train,1.42537689,0.000158545362439,0.25052714,560211.61,13073.10
8180,268042240,547.485797,train,1.42498636,0.000158473245018,0.24503152,560341.36,13073.10
8181,268075008,547.543247,train,1.38955188,0.000158401168956,0.24476862,560463.00,13073.10
8182,268107776,547.600421,train,1.47830582,0.00015832913426,0.25638527,560614.04,13073.10
8183,268140544,547.657695,train,1.41822529,0.000158257140938,0.25439006,560750.02,13073.10
8184,268173312,547.714697,train,1.46216941,0.000158185188998,0.25172246,560913.93,13073.10
8185,268206080,547.772097,train,1.46441007,0.000158113278447,0.24472690,561029.03,13073.10
8186,268238848,547.829753,train,1.43315232,0.000158041409293,0.24480112,561112.99,13073.10
8187,268271616,547.887181,train,1.44310617,0.000157969581544,0.26906386,561220.08,13073.10
8188,268304384,547.944428,train,1.38833404,0.000157897795206,0.24339840,561344.68,13073.10
8189,268337152,548.002402,train,1.45686626,0.000157826050288,0.25032052,561387.89,13073.10
8190,268369920,548.059498,train,1.38675559,0.000157754346797,0.24965620,561524.06,13073.10
8191,268402688,548.117310,train,1.43948019,0.00015768268474,0.25267944,561581.49,13073.10
8192,268435456,548.174211,train,1.40223646,0.000157611064126,0.24387033,561733.03,13073.10
8193,268468224,548.231583,train,1.42300701,0.000157539484962,0.24533194,561832.63,13073.10
8194,268500992,548.288905,train,1.40130329,0.000157467947255,0.24454796,561935.35,13073.10
8195,268533760,548.346738,train,1.36970305,0.000157396451013,0.24243009,561983.96,13073.10
8196,268566528,548.403877,train,1.42836142,0.000157324996244,0.24857035,562101.35,13073.10
8197,268599296,548.461617,train,1.44052017,0.000157253582955,0.25320739,562156.56,13073.10
8198,268632064,548.518380,train,1.36376858,0.000157182211153,0.24400286,562306.91,13073.10
8199,268664832,548.575484,train,1.43068886,0.000157110880847,0.24943042,562420.93,13073.10
8200,268697600,548.633092,train,1.41051483,0.000157039592043,0.24229091,562484.14,13073.10
8200,268697600,548.971185,valid,1.42543338,0.000157039592043,,562484.14,13073.10
8201,268730368,549.120420,train,1.38726580,0.000156968344749,0.24306031,221737.53,13073.10
8202,268763136,549.177410,train,1.44441903,0.000156897138973,0.24589051,320049.19,13073.10
8203,268795904,549.234960,train,1.41402709,0.000156825974723,0.23897991,374750.83,13073.10
8204,268828672,549.292420,train,1.40944970,0.000156754852005,0.24242644,409884.89,13073.10
8205,268861440,549.349897,train,1.46365547,0.000156683770827,0.25466833,434294.42,13073.10
8206,268894208,549.407130,train,1.44705248,0.000156612731198,0.25055867,452504.17,13073.10
8207,268926976,549.465882,train,1.44538999,0.000156541733123,0.24586113,465038.91,13073.10
8208,268959744,549.524160,train,1.44558835,0.000156470776612,0.25417507,475313.77,13073.10
8209,268992512,549.581706,train,1.43403268,0.00015639986167,0.24712464,484205.16,13073.10
8210,269025280,549.638561,train,1.42726994,0.000156328988307,0.24303548,492071.61,13073.10
8211,269058048,549.695737,train,1.41032732,0.000156258156528,0.24523452,498479.27,13073.10
8212,269090816,549.754278,train,1.41796279,0.000156187366343,0.24881712,503067.76,13073.10
8213,269123584,549.811530,train,1.38634920,0.000156116617758,0.24846868,507796.26,13073.10
8214,269156352,549.869147,train,1.39712453,0.00015604591078,0.23856893,511711.60,13073.10
8215,269189120,549.926975,train,1.42675686,0.000155975245418,0.24107248,515040.44,13073.10
8216,269221888,549.984703,train,1.39091134,0.000155904621678,0.24692146,518039.78,13073.10
8217,269254656,550.042464,train,1.38152266,0.000155834039568,0.24395916,520699.54,13073.10
8218,269287424,550.099829,train,1.39495850,0.000155763499096,0.24829562,523270.57,13073.10
8219,269320192,550.157430,train,1.41358459,0.000155693000269,0.24866822,525488.07,13073.10
8220,269352960,550.215317,train,1.42596292,0.000155622543095,0.24753149,527378.56,13073.10
8221,269385728,550.272713,train,1.41991246,0.00015555212758,0.24708179,529300.23,13073.10
8222,269418496,550.330058,train,1.46902215,0.000155481753732,0.24664345,531079.51,13073.10
8223,269451264,550.387422,train,1.41213560,0.00015541142156,0.24518730,532707.59,13073.10
8224,269484032,550.445229,train,1.47600389,0.000155341131069,0.25163889,534047.85,13073.10
8225,269516800,550.502692,train,1.39554286,0.000155270882269,0.24414162,535407.42,13073.10
8226,269549568,550.560180,train,1.42099023,0.000155200675165,0.24419564,536659.90,13073.10
8227,269582336,550.617310,train,1.41578221,0.000155130509766,0.24631307,537942.04,13073.10
8228,269615104,550.674549,train,1.40636826,0.000155060386078,0.25167632,539103.41,13073.10
8229,269647872,550.732204,train,1.38073874,0.00015499030411,0.24190678,540061.64,13073.10
8230,269680640,550.789922,train,1.42102134,0.000154920263869,0.25278309,540940.18,13073.10
8231,269713408,550.847133,train,1.42949486,0.000154850265362,0.24787009,541911.25,13073.10
8232,269746176,550.904807,train,1.43752241,0.000154780308596,0.24771021,542694.91,13073.10
8233,269778944,550.961515,train,1.43489146,0.000154710393579,0.24474223,543696.82,13073.10
8234,269811712,551.018810,train,1.39305830,0.000154640520318,0.24209706,544487.15,13073.10
8235,269844480,551.075870,train,1.40590096,0.000154570688821,0.25006869,545294.97,13073.10
8236,269877248,551.132854,train,1.41623354,0.000154500899095,0.25245193,546079.75,13073.10
8237,269910016,551.190305,train,1.39966023,0.000154431151147,0.24992037,546708.82,13073.10
8238,269942784,551.247104,train,1.42568302,0.000154361444985,0.24582571,547462.92,13073.10
8239,269975552,551.305014,train,1.38657951,0.000154291780617,0.25105435,547919.49,13073.10
8240,270008320,551.361740,train,1.41978765,0.000154222158048,0.24672954,548625.54,13073.10
8241,270041088,551.418598,train,1.40316093,0.000154152577288,0.24503967,549269.04,13073.10
8242,270073856,551.475508,train,1.34498930,0.000154083038343,0.24831752,549871.92,13073.10
8243,270106624,551.533052,train,1.37933230,0.00015401354122,0.24476099,550311.88,13073.10
8244,270139392,551.590812,train,1.44928312,0.000153944085927,0.25025600,550686.86,13073.10
8245,270172160,551.648711,train,1.41790342,0.000153874672471,0.24856561,551017.17,13073.10
8246,270204928,551.705674,train,1.42902887,0.00015380530086,0.24855128,551522.28,13073.10
8247,270237696,551.762727,train,1.41678309,0.000153735971101,0.24424346,551988.85,13073.10
8248,270270464,551.819745,train,1.47971272,0.000153666683201,0.33047211,552443.71,13073.10
8249,270303232,551.876879,train,1.44147825,0.000153597437167,0.25060529,552858.51,13073.10
8250,270336000,551.934428,train,1.42259395,0.000153528233007,0.25409868,553179.67,13073.10
8251,270368768,551.991567,train,1.42804480,0.000153459070729,0.24994829,553563.94,13073.10
8252,270401536,552.048522,train,1.38545191,0.000153389950338,0.24749652,553967.08,13073.10
8253,270434304,552.105332,train,1.43402553,0.000153320871844,0.25017282,554381.00,13073.10
8254,270467072,552.163032,train,1.41493380,0.000153251835253,0.25324339,554625.61,13073.10
8255,270499840,552.220199,train,1.41888320,0.000153182840571,0.24400873,554952.58,13073.10
8256,270532608,552.278331,train,1.37026739,0.000153113887808,0.24967040,555106.10,13073.10
8257,270565376,552.335566,train,1.41834891,0.000153044976969,0.24180031,555402.39,13073.10
8258,270598144,552.393722,train,1.42965317,0.000152976108063,0.24382523,555539.14,13073.10
8259,270630912,552.450533,train,1.37197948,0.000152907281096,0.24513988,555886.34,13073.10
8260,270663680,552.507905,train,1.36725175,0.000152838496076,0.24483219,556133.95,13073.10
8261,270696448,552.565884,train,1.42151356,0.00015276975301,0.25114793,556279.76,13073.10
8262,270729216,552.622715,train,1.40296531,0.000152701051905,0.23911932,556596.06,13073.10
8263,270761984,552.680386,train,1.49062657,0.000152632392768,0.25178918,556776.22,13073.10
8264,270794752,552.737517,train,1.43083405,0.000152563775608,0.24601847,557030.88,13073.10
8265,270827520,552.795576,train,1.44989586,0.00015249520043,0.24164507,557142.51,13073.10
8266,270860288,552.853095,train,1.46309566,0.000152426667242,0.25184119,557328.71,13073.10
8267,270893056,552.910139,train,1.40996408,0.000152358176053,0.25228697,557576.60,13073.10
8268,270925824,552.967837,train,1.38745677,0.000152289726867,0.24640805,557725.89,13073.10
8269,270958592,553.025335,train,1.43163538,0.000152221319694,0.24228211,557898.68,13073.10
8270,270991360,553.082689,train,1.41050887,0.00015215295454,0.25271961,558086.09,13073.10
8271,271024128,553.140169,train,1.44627762,0.000152084631413,0.25202557,558251.45,13073.10
8272,271056896,553.197229,train,1.39036775,0.000152016350319,0.24550809,558467.82,13073.10
8273,271089664,553.253957,train,1.45630741,0.000151948111265,0.25168753,558721.84,13073.10
8274,271122432,553.311614,train,1.47761464,0.00015187991426,0.25129956,558849.47,13073.10
8275,271155200,553.369323,train,1.39957023,0.00015181175931,0.24411906,558967.11,13073.10
8276,271187968,553.427540,train,1.43680179,0.000151743646423,0.26536131,559017.93,13073.10
8277,271220736,553.486592,train,1.45210242,0.000151675575605,0.25395292,558964.09,13073.10
8278,271253504,553.544202,train,1.47262084,0.000151607546864,0.24487132,559087.93,13073.10
8279,271286272,553.602852,train,1.42934990,0.000151539560207,0.25439638,559083.06,13073.10
8280,271319040,553.660175,train,1.42284799,0.000151471615642,0.25103164,559236.57,13073.10
8281,271351808,553.718139,train,1.42693830,0.000151403713175,0.25414860,559310.83,13073.10
8282,271384576,553.776058,train,1.41147768,0.000151335852813,0.24816014,559388.49,13073.10
8283,271417344,553.833698,train,1.39863467,0.000151268034564,0.24289517,559496.49,13073.10
8284,271450112,553.890686,train,1.38834763,0.000151200258435,0.24553290,559676.10,13073.10
8285,271482880,553.948310,train,1.40311158,0.000151132524433,0.24332961,559780.15,13073.10
8286,271515648,554.005596,train,1.40947795,0.000151064832565,0.24543342,559919.28,13073.10
8287,271548416,554.063829,train,1.39546108,0.000150997182838,0.24942128,559951.17,13073.10
8288,271581184,554.121173,train,1.41182983,0.00015092957526,0.25571319,560078.99,13073.10
8289,271613952,554.178973,train,1.41455102,0.000150862009838,0.24886933,560154.98,13073.10
8290,271646720,554.236232,train,1.42894185,0.000150794486578,0.25597957,560286.79,13073.10
8291,271679488,554.294285,train,1.44206631,0.000150727005488,0.26066849,560332.15,13073.10
8292,271712256,554.351990,train,1.42516494,0.000150659566576,0.24931853,560412.91,13073.10
8293,271745024,554.410053,train,1.39246345,0.000150592169847,0.25674081,560454.95,13073.10
8294,271777792,554.467708,train,1.42922831,0.00015052481531,0.24531622,560537.76,13073.10
8295,271810560,554.525116,train,1.36047018,0.000150457502971,0.24886948,560643.82,13073.10
8296,271843328,554.583693,train,1.40551710,0.000150390232838,0.24731554,560630.77,13073.10
8297,271876096,554.642729,train,1.46991587,0.000150323004917,0.24596165,560572.65,13073.10
8298,271908864,554.700444,train,1.44959378,0.000150255819216,0.25116092,560645.05,13073.10
8299,271941632,554.757823,train,1.46256137,0.000150188675742,0.25578365,560748.56,13073.10
8300,271974400,554.815490,train,1.42078876,0.000150121574502,0.24932697,560822.37,13073.10
8300,271974400,555.152706,valid,1.42411485,0.000150121574502,,560822.37,13073.10
8301,272007168,555.306620,train,1.36322975,0.000150054515503,0.24986897,215091.08,13073.10
8302,272039936,555.364403,train,1.37609577,0.000149987498752,0.24603128,311887.70,13073.10
8303,272072704,555.421996,train,1.42742372,0.000149920524256,0.24624382,367190.36,13073.10
8304,272105472,555.480372,train,1.45341969,0.000149853592022,0.25836375,401943.00,13073.10
8305,272138240,555.537933,train,1.40764761,0.000149786702057,0.25194985,427048.23,13073.10
8306,272171008,555.595346,train,1.40323901,0.000149719854369,0.24239998,445752.43,13073.10
8307,272203776,555.652341,train,1.43952918,0.000149653048964,0.24464811,460534.77,13073.10
8308,272236544,555.709566,train,1.41061032,0.00014958628585,0.24892102,472084.94,13073.10
8309,272269312,555.766923,train,1.37518525,0.000149519565034,0.25067499,481373.84,13073.10
8310,272302080,555.824411,train,1.43010008,0.000149452886522,0.24939469,488976.17,13073.10
8311,272334848,555.881641,train,1.38562286,0.000149386250321,0.24382569,495553.26,13073.10
8312,272367616,555.939019,train,1.42109704,0.000149319656439,0.24444275,501076.86,13073.10
8313,272400384,555.996348,train,1.44692159,0.000149253104883,0.25216910,505876.05,13073.10
8314,272433152,556.053817,train,1.42885971,0.00014918659566,0.24495970,509984.37,13073.10
8315,272465920,556.111814,train,1.42515540,0.000149120128776,0.24460755,513316.46,13073.10
8316,272498688,556.169274,train,1.44515610,0.00014905370424,0.24702373,516541.22,13073.10
8317,272531456,556.226608,train,1.41884983,0.000148987322057,0.24543746,519481.20,13073.10
8318,272564224,556.283807,train,1.40774417,0.000148920982234,0.24426548,522185.29,13073.10
8319,272596992,556.341525,train,1.42564046,0.00014885468478,0.24037631,524399.05,13073.10
8320,272629760,556.398672,train,1.41654897,0.000148788429701,0.24847715,526649.21,13073.10
8321,272662528,556.455591,train,1.47456264,0.000148722217003,0.25055334,528794.28,13073.10
8322,272695296,556.513660,train,1.42185867,0.000148656046694,0.25097072,530310.39,13073.10
8323,272728064,556.571241,train,1.41143680,0.000148589918781,0.24064282,531886.09,13073.10
8324,272760832,556.629248,train,1.44341874,0.00014852383327,0.24572442,533184.56,13073.10
8325,272793600,556.687347,train,1.44924808,0.00014845779017,0.25591183,534352.51,13073.10
8326,272826368,556.744444,train,1.41447353,0.000148391789486,0.24655388,535772.57,13073.10
8327,272859136,556.801591,train,1.41811025,0.000148325831226,0.24664438,537077.71,13073.10
8328,272891904,556.858378,train,1.39177942,0.000148259915397,0.24273139,538409.27,13073.10
8329,272924672,556.915139,train,1.40040684,0.000148194042005,0.23756890,539662.55,13073.10
8330,272957440,556.972425,train,1.40475893,0.000148128211058,0.24531434,540681.77,13073.10
8331,272990208,557.030167,train,1.44175768,0.000148062422562,0.24973750,541506.95,13073.10
8332,273022976,557.087753,train,1.43706536,0.000147996676525,0.25340995,542326.76,13073.10
8333,273055744,557.145988,train,1.40714574,0.000147930972954,0.24586992,542921.86,13073.10
8334,273088512,557.203784,train,1.38796532,0.000147865311854,0.24671416,543599.70,13073.10
8335,273121280,557.261768,train,1.41495609,0.000147799693235,0.24999143,544191.81,13073.10
8336,273154048,557.319620,train,1.48852003,0.000147734117101,0.25940505,544785.58,13073.10
8337,273186816,557.377298,train,1.43327665,0.000147668583461,0.24351193,545390.94,13073.10
8338,273219584,557.434376,train,1.38794875,0.00014760309232,0.24720769,546109.46,13073.10
8339,273252352,557.491493,train,1.42618239,0.000147537643687,0.24602564,546783.78,13073.10
8340,273285120,557.548571,train,1.42709458,0.000147472237568,0.24594994,547434.62,13073.10
8341,273317888,557.606335,train,1.45911515,0.000147406873969,0.25752619,547901.75,13073.10
8342,273350656,557.663804,train,1.40213227,0.000147341552899,0.24859022,548412.32,13073.10
8343,273383424,557.720546,train,1.41718709,0.000147276274363,0.24815974,549055.38,13073.10
8344,273416192,557.777696,train,1.42286205,0.000147211038368,0.24696614,549584.95,13073.10
8345,273448960,557.835011,train,1.38549817,0.000147145844922,0.23922119,550057.98,13073.10
8346,273481728,557.893090,train,1.45537448,0.000147080694031,0.24786802,550357.97,13073.10
8347,273514496,557.950887,train,1.40936685,0.000147015585703,0.24316770,550700.89,13073.10
8348,273547264,558.008250,train,1.43561769,0.000146950519944,0.25024459,551113.72,13073.10
8349,273580032,558.065836,train,1.44465518,0.00014688549676,0.24541928,551468.04,13073.10
8350,273612800,558.123466,train,1.42243409,0.00014682051616,0.24900563,551800.41,13073.10
8351,273645568,558.181572,train,1.44870329,0.000146755578149,0.25493637,552033.20,13073.10
8352,273678336,558.239331,train,1.40765774,0.000146690682734,0.24843037,552319.64,13073.10
8353,273711104,558.296533,train,1.40325594,0.000146625829923,0.24783860,552693.18,13073.10
8354,273743872,558.353668,train,1.39069140,0.000146561019723,0.24900958,553065.00,13073.10
8355,273776640,558.411634,train,1.45585346,0.000146496252139,0.25192744,553282.83,13073.10
8356,273809408,558.468572,train,1.38423884,0.00014643152718,0.24488582,553664.54,13073.10
8357,273842176,558.525218,train,1.40571952,0.000146366844851,0.24836464,554081.39,13073.10
8358,273874944,558.581706,train,1.42968488,0.00014630220516,0.24636197,554509.92,13073.10
8359,273907712,558.638754,train,1.39433384,0.000146237608113,0.24947944,554835.59,13073.10
8360,273940480,558.695852,train,1.41333842,0.000146173053718,0.24255809,555142.66,13073.10
8361,273973248,558.752555,train,1.40806150,0.00014610854198,0.24420626,555501.18,13073.10
8362,274006016,558.810321,train,1.39064431,0.000146044072908,0.24578045,555686.82,13073.10
8363,274038784,558.868095,train,1.39653111,0.000145979646507,0.24699648,555865.53,13073.10
8364,274071552,558.925256,train,1.44598508,0.000145915262785,0.25514725,556129.17,13073.10
8365,274104320,558.982675,train,1.40050673,0.000145850921748,0.24383116,556347.52,13073.10
8366,274137088,559.039888,train,1.40730977,0.000145786623403,0.24978477,556588.92,13073.10
8367,274169856,559.096739,train,1.38163126,0.000145722367758,0.24861267,556874.24,13073.10
8368,274202624,559.154101,train,1.43002975,0.000145658154818,0.24675460,557080.40,13073.10
8369,274235392,559.212660,train,1.45354104,0.00014559398459,0.25165921,557116.31,13073.10
8370,274268160,559.269840,train,1.41421068,0.000145529857082,0.24502027,557337.99,13073.10
8371,274300928,559.328160,train,1.46953261,0.000145465772299,0.25003374,557401.24,13073.10
8372,274333696,559.385242,train,1.47170591,0.00014540173025,0.25768632,557625.93,13073.10
8373,274366464,559.442487,train,1.41448522,0.00014533773094,0.25237036,557823.26,13073.10
8374,274399232,559.499929,train,1.43446708,0.000145273774376,0.24413908,557990.15,13073.10
8375,274432000,559.557135,train,1.40100610,0.000145209860566,0.24868253,558182.80,13073.10
8376,274464768,559.614077,train,1.37556124,0.000145145989515,0.24772005,558403.43,13073.10
8377,274497536,559.671462,train,1.37934148,0.000145082161231,0.24349284,558563.64,13073.10
8378,274530304,559.729253,train,1.43319094,0.00014501837572,0.25069198,558670.41,13073.10
8379,274563072,559.787301,train,1.41989231,0.000144954632989,0.25175592,558743.42,13073.10
8380,274595840,559.844472,train,1.41350198,0.000144890933046,0.25083700,558919.13,13073.10
8381,274628608,559.902563,train,1.44013906,0.000144827275895,0.24547216,558982.23,13073.10
8382,274661376,559.959609,train,1.44806695,0.000144763661545,0.25079554,559165.48,13073.10
8383,274694144,560.016787,train,1.35516596,0.000144700090002,0.24598971,559329.23,13073.10
8384,274726912,560.074296,train,1.42915678,0.000144636561273,0.24281481,559451.46,13073.10
8385,274759680,560.131303,train,1.44432545,0.000144573075364,0.25325134,559627.27,13073.10
8386,274792448,560.189072,train,1.40554714,0.000144509632282,0.24324130,559714.47,13073.10
8387,274825216,560.247093,train,1.42199850,0.000144446232034,0.25020409,559771.91,13073.10
8388,274857984,560.304538,train,1.47417152,0.000144382874626,0.25294489,559890.82,13073.10
8389,274890752,560.361638,train,1.46019840,0.000144319560066,0.25395080,560044.11,13073.10
8390,274923520,560.419148,train,1.36668491,0.000144256288359,0.24451186,560150.46,13073.10
8391,274956288,560.476890,train,1.41244841,0.000144193059513,0.24941529,560230.04,13073.10
8392,274989056,560.533889,train,1.41223037,0.000144129873534,0.25069946,560385.38,13073.10
8393,275021824,560.590468,train,1.43863916,0.00014406673043,0.25316662,560580.72,13073.10
8394,275054592,560.647531,train,1.43276644,0.000144003630205,0.25377554,560722.62,13073.10
8395,275087360,560.704946,train,1.41699362,0.000143940572868,0.24269934,560826.01,13073.10
8396,275120128,560.761833,train,1.42099166,0.000143877558425,0.24222937,560980.17,13073.10
8397,275152896,560.819061,train,1.43314278,0.000143814586883,0.24319281,561097.41,13073.10
8398,275185664,560.875748,train,1.40184999,0.000143751658248,0.24321385,561265.44,13073.10
8399,275218432,560.932553,train,1.41536903,0.000143688772527,0.24672566,561418.60,13073.10
8400,275251200,560.989012,train,1.42629731,0.000143625929726,0.24904242,561602.11,13073.10
8400,275251200,561.326172,valid,1.42218375,0.000143625929726,,561602.11,13073.10
8401,275283968,561.466679,train,1.40749085,0.000143563129852,0.24644800,235039.26,13073.10
8402,275316736,561.524823,train,1.43003392,0.000143500372912,0.24809517,331728.71,13073.10
8403,275349504,561.582386,train,1.42518318,0.000143437658913,0.25101390,385323.00,13073.10
8404,275382272,561.639919,train,1.46510732,0.000143374987861,0.24760410,419222.54,13073.10
8405,275415040,561.698375,train,1.36132693,0.000143312359762,0.24468718,441485.39,13073.10
8406,275447808,561.755929,train,1.41705179,0.000143249774623,0.24682549,458652.37,13073.10
8407,275480576,561.812860,train,1.45240831,0.000143187232452,0.25084150,472360.26,13073.10
8408,275513344,561.870252,train,1.42965746,0.000143124733254,0.26419640,482781.20,13073.10
8409,275546112,561.927738,train,1.38105166,0.000143062277036,0.24809177,491132.54,13073.10
8410,275578880,561.985086,train,1.42249131,0.000142999863805,0.24580909,498128.55,13073.10
8411,275611648,562.042926,train,1.42774725,0.000142937493567,0.24222049,503656.77,13073.10
8412,275644416,562.100578,train,1.46550798,0.000142875166329,0.25862101,508481.49,13073.10
8413,275677184,562.158587,train,1.39321613,0.000142812882097,0.25507003,512417.04,13073.10
8414,275709952,562.216788,train,1.38380146,0.000142750640879,0.25111151,515727.57,13073.10
8415,275742720,562.274778,train,1.40600312,0.00014268844268,0.24462982,518746.83,13073.10
8416,275775488,562.331780,train,1.38275933,0.000142626287507,0.24489917,521931.20,13073.10
8417,275808256,562.389147,train,1.42291105,0.000142564175367,0.24714397,524592.86,13073.10
8418,275841024,562.446226,train,1.39816976,0.000142502106266,0.24313819,527117.35,13073.10
8419,275873792,562.502758,train,1.43877435,0.000142440080212,0.24730287,529642.90,13073.10
8420,275906560,562.559235,train,1.37885749,0.000142378097209,0.24743295,531960.91,13073.10
8421,275939328,562.615851,train,1.47325683,0.000142316157266,0.24952960,534017.44,13073.10
8422,275972096,562.673061,train,1.42709684,0.000142254260388,0.24763261,535664.71,13073.10
8423,276004864,562.730885,train,1.42122364,0.000142192406582,0.24930981,536942.99,13073.10
8424,276037632,562.788281,train,1.42887092,0.000142130595855,0.25330564,538277.46,13073.10
8425,276070400,562.845269,train,1.41298962,0.000142068828213,0.24038363,539655.87,13073.10
8426,276103168,562.902092,train,1.37402034,0.000142007103663,0.24358042,540991.22,13073.10
8427,276135936,562.959324,train,1.39520264,0.00014194542221,0.24318856,542097.58,13073.10
8428,276168704,563.016405,train,1.44297743,0.000141883783863,0.24346593,543177.83,13073.10
8429,276201472,563.073373,train,1.44620752,0.000141822188626,0.24958377,544222.87,13073.10
8430,276234240,563.130383,train,1.44726872,0.000141760636508,0.24262781,545188.77,13073.10
8431,276267008,563.186844,train,1.38194668,0.000141699127513,0.24816915,546256.86,13073.10
8432,276299776,563.243551,train,1.40645123,0.000141637661649,0.24446926,547191.74,13073.10
8433,276332544,563.300565,train,1.41599429,0.000141576238923,0.24563918,547987.52,13073.10
8434,276365312,563.357387,train,1.45215774,0.00014151485934,0.24578248,548790.56,13073.10
8435,276398080,563.414123,train,1.45655441,0.000141453522907,0.25287563,549572.60,13073.10
8436,276430848,563.470998,train,1.43277693,0.000141392229631,0.24542257,550277.23,13073.10
8437,276463616,563.527638,train,1.43592072,0.000141330979518,0.24318138,551004.63,13073.10
8438,276496384,563.584406,train,1.42623448,0.000141269772574,0.24647878,551664.25,13073.10
8439,276529152,563.641165,train,1.43202901,0.000141208608807,0.24893510,552293.22,13073.10
8440,276561920,563.698416,train,1.35253930,0.000141147488222,0.24127512,552777.73,13073.10
8441,276594688,563.756896,train,1.42694187,0.000141086410826,0.24397139,552959.25,13073.10
8442,276627456,563.813628,train,1.43456340,0.000141025376625,0.25217706,553521.61,13073.10
8443,276660224,563.870617,train,1.40471697,0.000140964385627,0.24053662,554002.59,13073.10
8444,276692992,563.927526,train,1.44337153,0.000140903437836,0.24423139,554479.58,13073.10
8445,276725760,563.985008,train,1.43842840,0.000140842533261,0.25531599,554816.52,13073.10
8446,276758528,564.041587,train,1.43409252,0.000140781671906,0.25024503,555323.74,13073.10
8447,276791296,564.098265,train,1.40992177,0.00014072085378,0.24762744,555790.47,13073.10
8448,276824064,564.154622,train,1.43456829,0.000140660078887,0.24623281,556301.71,13073.10
8449,276856832,564.211373,train,1.45707011,0.000140599347235,0.25244635,556716.83,13073.10
8450,276889600,564.268368,train,1.43798316,0.000140538658829,0.25122800,557069.85,13073.10
8451,276922368,564.325253,train,1.45727766,0.000140478013677,0.26367271,557429.68,13073.10
8452,276955136,564.382538,train,1.42539763,0.000140417411785,0.24951412,557703.10,13073.10
8453,276987904,564.440009,train,1.42221594,0.000140356853158,0.24947770,557933.41,13073.10
8454,277020672,564.496936,train,1.35335445,0.000140296337804,0.23958474,558250.79,13073.10
8455,277053440,564.554319,train,1.40600371,0.000140235865729,0.24189244,558478.19,13073.10
8456,277086208,564.611297,train,1.42585218,0.00014017543694,0.25002277,558766.57,13073.10
8457,277118976,564.668489,train,1.40449297,0.000140115051442,0.25003099,559009.50,13073.10
8458,277151744,564.725296,train,1.42179751,0.000140054709241,0.25050616,559307.32,13073.10
8459,277184512,564.783462,train,1.37529993,0.000139994410346,0.24356721,559375.39,13073.10
8460,277217280,564.840531,train,1.36587834,0.000139934154761,0.24291101,559616.00,13073.10
8461,277250048,564.896765,train,1.46560502,0.000139873942493,0.25424773,559979.66,13073.10
8462,277282816,564.953694,train,1.37681532,0.000139813773549,0.25296777,560224.96,13073.10
8463,277315584,565.010495,train,1.39370561,0.000139753647935,0.24616420,560481.84,13073.10
8464,277348352,565.067035,train,1.43419552,0.000139693565656,0.24709247,560770.23,13073.10
8465,277381120,565.123902,train,1.43564773,0.000139633526721,0.24896662,561001.63,13073.10
8466,277413888,565.180648,train,1.38511395,0.000139573531134,0.24129768,561243.84,13073.10
8467,277446656,565.237618,train,1.43616199,0.000139513578903,0.24545729,561446.88,13073.10
8468,277479424,565.294402,train,1.45723569,0.000139453670033,0.24606244,561670.40,13073.10
8469,277512192,565.350578,train,1.38993955,0.000139393804531,0.24791846,561972.56,13073.10
8470,277544960,565.407523,train,1.43075514,0.000139333982403,0.24783869,562160.42,13073.10
8471,277577728,565.465013,train,1.40259743,0.000139274203656,0.24388410,562268.97,13073.10
8472,277610496,565.522376,train,1.42824960,0.000139214468295,0.24391356,562391.75,13073.10
8473,277643264,565.579503,train,1.37803602,0.000139154776328,0.24322495,562542.22,13073.10
8474,277676032,565.636979,train,1.45402408,0.00013909512776,0.24608734,562643.29,13073.10
8475,277708800,565.694008,train,1.44431949,0.000139035522598,0.25450099,562799.23,13073.10
8476,277741568,565.750735,train,1.44472432,0.000138975960848,0.25995687,562989.49,13073.10
8477,277774336,565.807928,train,1.43628359,0.000138916442516,0.24568954,563116.53,13073.10
8478,277807104,565.864751,train,1.44749761,0.000138856967609,0.24461211,563286.26,13073.10
8479,277839872,565.923699,train,1.40963292,0.000138797536133,0.24479356,563191.25,13073.10
8480,277872640,565.980811,train,1.49163795,0.000138738148095,0.25421330,563320.93,13073.10
8481,277905408,566.037869,train,1.40002012,0.000138678803499,0.26750827,563453.82,13073.10
8482,277938176,566.095412,train,1.44024587,0.000138619502354,0.25279567,563526.01,13073.10
8483,277970944,566.152868,train,1.38563752,0.000138560244664,0.24633463,563607.01,13073.10
8484,278003712,566.210306,train,1.42339206,0.000138501030437,0.24091263,563688.01,13073.10
8485,278036480,566.267340,train,1.46664405,0.000138441859678,0.25764632,563813.22,13073.10
8486,278069248,566.324426,train,1.44966459,0.000138382732394,0.24742912,563929.69,13073.10
8487,278102016,566.381619,train,1.43309307,0.000138323648591,0.25349364,564031.62,13073.10
8488,278134784,566.438885,train,1.42901564,0.000138264608275,0.25128356,564123.19,13073.10
8489,278167552,566.495918,train,1.40085185,0.000138205611453,0.24573544,564238.27,13073.10
8490,278200320,566.553652,train,1.38544035,0.00013814665813,0.24235636,564275.00,13073.10
8491,278233088,566.612207,train,1.40726399,0.000138087748314,0.25542530,564223.25,13073.10
8492,278265856,566.669778,train,1.43196154,0.000138028882009,0.24824715,564276.70,13073.10
8493,278298624,566.727464,train,1.42326772,0.000137970059223,0.24246682,564316.91,13073.10
8494,278331392,566.784974,train,1.40162897,0.000137911279962,0.24631821,564374.49,13073.10
8495,278364160,566.842917,train,1.42513919,0.000137852544232,0.25086766,564386.51,13073.10
8496,278396928,566.900694,train,1.37190998,0.000137793852038,0.24628483,564415.17,13073.10
8497,278429696,566.958064,train,1.40281117,0.000137735203388,0.24075285,564483.92,13073.10
8498,278462464,567.015574,train,1.42640007,0.000137676598287,0.24475963,564537.47,13073.10
8499,278495232,567.072314,train,1.40617394,0.000137618036742,0.24678898,564665.65,13073.10
8500,278528000,567.128736,train,1.38948715,0.000137559518758,0.24469875,564822.20,13073.10
8500,278528000,567.466561,valid,1.42118071,0.000137559518758,,564822.20,13073.10
8501,278560768,567.621182,train,1.42121029,0.000137501044343,0.24467821,213950.42,13073.10
8502,278593536,567.679433,train,1.41386700,0.000137442613502,0.24506435,309996.88,13073.10
8503,278626304,567.736827,train,1.41981804,0.000137384226241,0.25791046,365711.69,13073.10
8504,278659072,567.794277,train,1.42473388,0.000137325882566,0.24389859,401751.28,13073.10
8505,278691840,567.851531,train,1.43070126,0.000137267582484,0.25309759,427216.42,13073.10
8506,278724608,567.908818,train,1.38940096,0.000137209326001,0.25044119,446032.78,13073.10
8507,278757376,567.966350,train,1.41220450,0.000137151113123,0.24995245,460293.82,13073.10
8508,278790144,568.023488,train,1.44725513,0.000137092943857,0.24939983,471936.95,13073.10
8509,278822912,568.080769,train,1.40769827,0.000137034818207,0.24875294,481296.99,13073.10
8510,278855680,568.137782,train,1.39109325,0.000136976736181,0.24765857,489252.23,13073.10
8511,278888448,568.194690,train,1.44011211,0.000136918697784,0.24692653,496030.67,13073.10
8512,278921216,568.251753,train,1.41650820,0.000136860703023,0.24937037,501725.27,13073.10
8513,278953984,568.309436,train,1.46936464,0.000136802751904,0.25133529,506273.16,13073.10
8514,278986752,568.366764,train,1.40850401,0.000136744844433,0.24872071,510439.44,13073.10
8515,279019520,568.423842,train,1.40870357,0.000136686980615,0.24612907,514240.71,13073.10
8516,279052288,568.481500,train,1.40970826,0.000136629160458,0.24821712,517317.07,13073.10
8517,279085056,568.538498,train,1.42155194,0.000136571383968,0.25538972,520382.91,13073.10
8518,279117824,568.595732,train,1.42032695,0.000136513651149,0.25310594,523029.41,13073.10
8519,279150592,568.652788,train,1.38465405,0.000136455962009,0.24851124,525498.95,13073.10
8520,279183360,568.711100,train,1.38104630,0.000136398316554,0.24421953,527208.67,13073.10
8521,279216128,568.769035,train,1.39696622,0.000136340714789,0.25270638,528917.83,13073.10
8522,279248896,568.826607,train,1.40025294,0.000136283156721,0.25180843,530623.85,13073.10
8523,279281664,568.884196,train,1.44660854,0.000136225642356,0.24970053,532184.10,13073.10
8524,279314432,568.942054,train,1.37298155,0.000136168171699,0.24908784,533525.11,13073.10
8525,279347200,568.999280,train,1.43935037,0.000136110744758,0.24711341,534985.82,13073.10
8526,279379968,569.056884,train,1.42740214,0.000136053361537,0.25256607,536213.62,13073.10
8527,279412736,569.113796,train,1.46697760,0.000135996022044,0.25146243,537581.53,13073.10
8528,279445504,569.170800,train,1.38700569,0.000135938726284,0.24013749,538828.59,13073.10
8529,279478272,569.227856,train,1.40804064,0.000135881474263,0.25065464,539979.17,13073.10
8530,279511040,569.284752,train,1.40579081,0.000135824265987,0.25830671,541104.98,13073.10
8531,279543808,569.342548,train,1.40973067,0.000135767101463,0.24806783,541902.04,13073.10
8532,279576576,569.400132,train,1.44987369,0.000135709980696,0.24875882,542711.20,13073.10
8533,279609344,569.457508,train,1.43382895,0.000135652903692,0.24983092,543530.17,13073.10
8534,279642112,569.514103,train,1.43641078,0.000135595870458,0.24672008,544511.05,13073.10
8535,279674880,569.571884,train,1.44875336,0.000135538880999,0.25238249,545131.67,13073.10
8536,279707648,569.628208,train,1.40603471,0.000135481935321,0.24548808,546086.83,13073.10
8537,279740416,569.685196,train,1.46282625,0.000135425033431,0.25675204,546830.10,13073.10
8538,279773184,569.743139,train,1.43552673,0.000135368175335,0.24749817,547305.93,13073.10
8539,279805952,569.800937,train,1.39093947,0.000135311361037,0.24574707,547792.51,13073.10
8540,279838720,569.857955,train,1.42951083,0.000135254590546,0.25074321,548434.46,13073.10
8541,279871488,569.915214,train,1.40515530,0.000135197863865,0.25246724,548992.27,13073.10
8542,279904256,569.972942,train,1.42000735,0.000135141181003,0.24269487,549421.61,13073.10
8543,279937024,570.031117,train,1.45630944,0.000135084541963,0.25227740,549736.03,13073.10
8544,279969792,570.088777,train,1.42778873,0.000135027946753,0.26079351,550144.25,13073.10
8545,280002560,570.146831,train,1.46216607,0.000134971395379,0.25370499,550454.17,13073.10
8546,280035328,570.204552,train,1.37374747,0.000134914887846,0.24718192,550817.96,13073.10
8547,280068096,570.262140,train,1.43179822,0.00013485842416,0.24740310,551192.79,13073.10
8548,280100864,570.319929,train,1.39947176,0.000134802004328,0.25375599,551513.56,13073.10
8549,280133632,570.377926,train,1.39632928,0.000134745628354,0.24093947,551782.25,13073.10
8550,280166400,570.435379,train,1.42559028,0.000134689296246,0.25087234,552141.83,13073.10
8551,280199168,570.492698,train,1.40495896,0.00013463300801,0.24953204,552511.97,13073.10
8552,280231936,570.550262,train,1.43415689,0.00013457676365,0.24893516,552824.50,13073.10
8553,280264704,570.607624,train,1.41143155,0.000134520563173,0.24580142,553161.08,13073.10
8554,280297472,570.665487,train,1.44106984,0.000134464406586,0.25022253,553398.91,13073.10
8555,280330240,570.723244,train,1.43084860,0.000134408293893,0.25239000,553646.44,13073.10
8556,280363008,570.780908,train,1.40551186,0.000134352225101,0.25960785,553900.69,13073.10
8557,280395776,570.838943,train,1.39883041,0.000134296200216,0.24854389,554085.23,13073.10
8558,280428544,570.896771,train,1.43944097,0.000134240219244,0.24477960,554297.13,13073.10
8559,280461312,570.953695,train,1.39892614,0.00013418428219,0.24919316,554645.70,13073.10
8560,280494080,571.011069,train,1.45542145,0.000134128389061,0.24927056,554912.63,13073.10
8561,280526848,571.068744,train,1.42334461,0.000134072539862,0.25076783,555124.49,13073.10
8562,280559616,571.126687,train,1.40140724,0.0001340167346,0.24585798,555289.32,13073.10
8563,280592384,571.184946,train,1.40502501,0.00013396097328,0.25028998,555401.58,13073.10
8564,280625152,571.242678,train,1.41386187,0.000133905255908,0.24731380,555587.94,13073.10
8565,280657920,571.300372,train,1.43561316,0.000133849582489,0.24236602,555774.27,13073.10
8566,280690688,571.357603,train,1.49947214,0.000133793953031,0.25011083,556021.21,13073.10
8567,280723456,571.413926,train,1.40775514,0.000133738367539,0.24540623,556389.08,13073.10
8568,280756224,571.471359,train,1.42792654,0.000133682826018,0.24972907,556592.04,13073.10
8569,280788992,571.528797,train,1.40657806,0.000133627328475,0.24677536,556788.73,13073.10
8570,280821760,571.585827,train,1.37507415,0.000133571874915,0.24132240,557035.00,13073.10
8571,280854528,571.643030,train,1.39696741,0.000133516465344,0.24158902,557251.50,13073.10
8572,280887296,571.700218,train,1.39295030,0.000133461099768,0.24848732,557464.15,13073.10
8573,280920064,571.757327,train,1.38890934,0.000133405778193,0.24096909,557681.36,13073.10
8574,280952832,571.814037,train,1.38681281,0.000133350500625,0.24730375,557944.09,13073.10
8575,280985600,571.871572,train,1.40089440,0.00013329526707,0.24632154,558095.52,13073.10
8576,281018368,571.928152,train,1.44161010,0.000133240077533,0.25224343,558362.45,13073.10
8577,281051136,571.985408,train,1.42051446,0.00013318493202,0.24735221,558539.30,13073.10
8578,281083904,572.042118,train,1.41243267,0.000133129830538,0.24241410,558778.37,13073.10
8579,281116672,572.099279,train,1.46622491,0.000133074773091,0.24829467,558957.02,13073.10
8580,281149440,572.156187,train,1.41531062,0.000133019759686,0.24020149,559161.53,13073.10
8581,281182208,572.213212,train,1.45364809,0.000132964790328,0.24755710,559347.40,13073.10
8582,281214976,572.269919,train,1.41792428,0.000132909865024,0.25014693,559565.87,13073.10
8583,281247744,572.326284,train,1.38283658,0.000132854983779,0.25164142,559818.61,13073.10
8584,281280512,572.384104,train,1.41689253,0.000132800146599,0.24706945,559899.84,13073.10
8585,281313280,572.442295,train,1.44124794,0.00013274535349,0.25281426,559937.46,13073.10
8586,281346048,572.499762,train,1.42253160,0.000132690604457,0.24967864,560054.75,13073.10
8587,281378816,572.557005,train,1.45617974,0.000132635899507,0.24876785,560193.94,13073.10
8588,281411584,572.615000,train,1.43614006,0.000132581238645,0.24415027,560248.26,13073.10
8589,281444352,572.672647,train,1.42562962,0.000132526621876,0.25199264,560338.92,13073.10
8590,281477120,572.729327,train,1.43326116,0.000132472049207,0.24841118,560530.50,13073.10
8591,281509888,572.787998,train,1.41861892,0.000132417520644,0.25174499,560508.11,13073.10
8592,281542656,572.845690,train,1.46255243,0.000132363036191,0.25473854,560588.31,13073.10
8593,281575424,572.902751,train,1.43407536,0.000132308595856,0.24913251,560731.82,13073.10
8594,281608192,572.960248,train,1.34150493,0.000132254199643,0.23979031,560827.91,13073.10
8595,281640960,573.017590,train,1.43578374,0.000132199847559,0.25211740,560937.67,13073.10
8596,281673728,573.074664,train,1.41352987,0.000132145539609,0.25168902,561071.87,13073.10
8597,281706496,573.132247,train,1.44435763,0.000132091275798,0.24714530,561153.13,13073.10
8598,281739264,573.189560,train,1.42099488,0.000132037056134,0.24465846,561259.12,13073.10
8599,281772032,573.246722,train,1.44360387,0.00013198288062,0.24837093,561377.74,13073.10
8600,281804800,573.305046,train,1.43127108,0.000131928749264,0.24983422,561382.23,13073.10
8600,281804800,573.642555,valid,1.42004963,0.000131928749264,,561382.23,13073.10
8601,281837568,573.790458,train,1.44113159,0.00013187466207,0.24992348,224497.19,13073.10
8602,281870336,573.848074,train,1.43335605,0.000131820619045,0.24799845,321923.08,13073.10
8603,281903104,573.906385,train,1.43337953,0.000131766620195,0.24724488,375365.67,13073.10
8604,281935872,573.963907,train,1.45690680,0.000131712665524,0.24380505,410356.61,13073.10
8605,281968640,574.021321,train,1.41958475,0.000131658755039,0.25069600,434791.38,13073.10
8606,282001408,574.078894,train,1.39384055,0.000131604888745,0.24421683,452599.54,13073.10
8607,282034176,574.136315,train,1.36441350,0.000131551066648,0.24420632,466383.80,13073.10
8608,282066944,574.193266,train,1.41663241,0.000131497288753,0.25094536,477695.04,13073.10
8609,282099712,574.250594,train,1.46648753,0.000131443555067,0.25105816,486575.29,13073.10
8610,282132480,574.307816,train,1.40929282,0.000131389865596,0.24914384,494000.35,13073.10
8611,282165248,574.365484,train,1.42438936,0.000131336220343,0.24573849,499936.77,13073.10
8612,282198016,574.424249,train,1.40564907,0.000131282619317,0.25123850,504283.30,13073.10
8613,282230784,574.482618,train,1.43894076,0.000131229062521,0.25290504,508260.43,13073.10
8614,282263552,574.540544,train,1.39392745,0.000131175549962,0.24735473,511973.24,13073.10
8615,282296320,574.598051,train,1.41835129,0.000131122081645,0.24176481,515461.24,13073.10
8616,282329088,574.655660,train,1.41154051,0.000131068657576,0.24209747,518499.91,13073.10
8617,282361856,574.713490,train,1.36812198,0.000131015277761,0.24580179,521103.22,13073.10
8618,282394624,574.771223,train,1.38390088,0.000130961942206,0.24729316,523484.72,13073.10
8619,282427392,574.828385,train,1.41922998,0.000130908650915,0.24398340,525887.71,13073.10
8620,282460160,574.886524,train,1.41525805,0.000130855403894,0.25093505,527653.52,13073.10
8621,282492928,574.944840,train,1.42376876,0.00013080220115,0.24752380,529189.51,13073.10
8622,282525696,575.002036,train,1.41187119,0.000130749042688,0.24853338,531031.62,13073.10
8623,282558464,575.059627,train,1.40710413,0.000130695928513,0.24686065,532575.74,13073.10
8624,282591232,575.117337,train,1.40386581,0.000130642858631,0.24544130,533956.28,13073.10
8625,282624000,575.174613,train,1.42347312,0.000130589833048,0.25150046,535384.35,13073.10
8626,282656768,575.231406,train,1.40692210,0.000130536851768,0.24512254,536872.66,13073.10
8627,282689536,575.289031,train,1.42208469,0.000130483914799,0.24752985,537985.58,13073.10
8628,282722304,575.346925,train,1.38863075,0.000130431022145,0.24716014,538938.34,13073.10
8629,282755072,575.404579,train,1.41500831,0.000130378173812,0.24967772,539901.94,13073.10
8630,282787840,575.462059,train,1.51443660,0.000130325369806,0.25286967,540856.43,13073.10
8631,282820608,575.519606,train,1.39189649,0.000130272610132,0.25089169,541732.56,13073.10
8632,282853376,575.577073,train,1.37330413,0.000130219894796,0.25417429,542579.37,13073.10
8633,282886144,575.634846,train,1.44559681,0.000130167223803,0.25052497,543293.54,13073.10
8634,282918912,575.692192,train,1.46043956,0.000130114597158,0.25581279,544081.10,13073.10
8635,282951680,575.749544,train,1.38901222,0.000130062014868,0.24442318,544823.89,13073.10
8636,282984448,575.807277,train,1.41048896,0.000130009476939,0.24786469,545431.41,13073.10
8637,283017216,575.864200,train,1.41922474,0.000129956983374,0.24430610,546206.07,13073.10
8638,283049984,575.921366,train,1.42619824,0.000129904534181,0.24633755,546884.34,13073.10
8639,283082752,575.979241,train,1.47600758,0.000129852129364,0.25440198,547362.84,13073.10
8640,283115520,576.036608,train,1.41069007,0.00012979976893,0.24717741,547934.38,13073.10
8641,283148288,576.094416,train,1.44060314,0.000129747452883,0.26300645,548380.34,13073.10
8642,283181056,576.152160,train,1.41343820,0.00012969518123,0.24322923,548820.20,13073.10
8643,283213824,576.208975,train,1.42335320,0.000129642953975,0.25167462,549438.88,13073.10
8644,283246592,576.266380,train,1.39127374,0.000129590771124,0.25450775,549906.99,13073.10
8645,283279360,576.324427,train,1.37246335,0.000129538632683,0.24943441,550223.29,13073.10
8646,283312128,576.382504,train,1.44406164,0.000129486538658,0.24923004,550520.11,13073.10
8647,283344896,576.440341,train,1.40687561,0.000129434489053,0.25840569,550851.92,13073.10
8648,283377664,576.497786,train,1.41266060,0.000129382483874,0.24883299,551245.81,13073.10
8649,283410432,576.554823,train,1.41178906,0.000129330523127,0.24336362,551701.83,13073.10
8650,283443200,576.611779,train,1.36013210,0.000129278606818,0.25459501,552154.97,13073.10
8651,283475968,576.669384,train,1.40903962,0.000129226734951,0.24743882,552472.78,13073.10
8652,283508736,576.726301,train,1.39783025,0.000129174907532,0.24905179,552902.07,13073.10
8653,283541504,576.784092,train,1.39017582,0.000129123124568,0.24539368,553161.86,13073.10
8654,283574272,576.840849,train,1.43266702,0.000129071386062,0.25182718,553591.11,13073.10
8655,283607040,576.897714,train,1.44561028,0.000129019692021,0.24875216,553987.02,13073.10
8656,283639808,576.954657,train,1.40760040,0.00012896804245,0.24150994,554356.21,13073.10
8657,283672576,577.013026,train,1.49368262,0.000128916437354,0.25169402,554478.17,13073.10
8658,283705344,577.070321,train,1.40403533,0.000128864876739,0.24526189,554769.87,13073.10
8659,283738112,577.127513,train,1.39286053,0.000128813360611,0.25092423,555068.27,13073.10
8660,283770880,577.184419,train,1.38216650,0.000128761888975,0.25351167,555402.12,13073.10
8661,283803648,577.241573,train,1.40104043,0.000128710461836,0.24576674,555686.80,13073.10
8662,283836416,577.299077,train,1.40826178,0.0001286590792,0.25054166,555909.58,13073.10
8663,283869184,577.356105,train,1.40838778,0.000128607741072,0.24540251,556196.58,13073.10
8664,283901952,577.413108,train,1.37989497,0.000128556447458,0.24768749,556478.81,13073.10
8665,283934720,577.470093,train,1.45106459,0.000128505198362,0.24473588,556754.99,13073.10
8666,283967488,577.527263,train,1.42651165,0.000128453993791,0.24905507,556996.75,13073.10
8667,284000256,577.584928,train,1.39847445,0.00012840283375,0.25907579,557161.36,13073.10
8668,284033024,577.642049,train,1.40839016,0.000128351718245,0.24568483,557397.12,13073.10
8669,284065792,577.698879,train,1.42704916,0.000128300647279,0.25008410,557666.27,13073.10
8670,284098560,577.755696,train,1.36077130,0.00012824962086,0.24738149,557929.68,13073.10
8671,284131328,577.812711,train,1.39402199,0.000128198638992,0.24675518,558159.38,13073.10
8672,284164096,577.870021,train,1.40862370,0.000128147701682,0.24567160,558343.99,13073.10
8673,284196864,577.927631,train,1.40368629,0.000128096808933,0.25182173,558484.50,13073.10
8674,284229632,577.985208,train,1.43179703,0.000128045960752,0.24949951,558625.43,13073.10
8675,284262400,578.043305,train,1.41746211,0.000127995157144,0.25256684,558696.67,13073.10
8676,284295168,578.100548,train,1.43792284,0.000127944398114,0.25330567,558873.26,13073.10
8677,284327936,578.158070,train,1.45275450,0.000127893683667,0.25652844,559010.75,13073.10
8678,284360704,578.215797,train,1.42684078,0.00012784301381,0.24562998,559119.74,13073.10
8679,284393472,578.273400,train,1.43158376,0.000127792388547,0.25340110,559240.94,13073.10
8680,284426240,578.330951,train,1.46126318,0.000127741807884,0.25694862,559365.33,13073.10
8681,284459008,578.388443,train,1.40925026,0.000127691271826,0.24866994,559493.64,13073.10
8682,284491776,578.445691,train,1.39042234,0.000127640780379,0.24404621,559647.42,13073.10
8683,284524544,578.502780,train,1.39478302,0.000127590333547,0.24830744,559815.87,13073.10
8684,284557312,578.560124,train,1.39972866,0.000127539931336,0.24815746,559951.27,13073.10
8685,284590080,578.617544,train,1.43436182,0.000127489573752,0.25690469,560075.16,13073.10
8686,284622848,578.673953,train,1.39046168,0.000127439260799,0.24691945,560308.74,13073.10
8687,284655616,578.731728,train,1.37062228,0.000127388992483,0.24555016,560386.59,13073.10
8688,284688384,578.788815,train,1.40245295,0.00012733876881,0.24248825,560537.59,13073.10
8689,284721152,578.846260,train,1.38768017,0.000127288589784,0.24847686,560646.87,13073.10
8690,284753920,578.903692,train,1.42688036,0.000127238455412,0.24904044,560755.01,13073.10
8691,284786688,578.961148,train,1.44156051,0.000127188365697,0.24907315,560858.25,13073.10
8692,284819456,579.018509,train,1.42198730,0.000127138320646,0.25026023,560969.30,13073.10
8693,284852224,579.076652,train,1.41759396,0.000127088320264,0.25304419,560997.15,13073.10
8694,284884992,579.133767,train,1.41795599,0.000127038364556,0.24781869,561129.61,13073.10
8695,284917760,579.190380,train,1.39246476,0.000126988453528,0.24719372,561310.07,13073.10
8696,284950528,579.247811,train,1.41605496,0.000126938587184,0.25101036,561404.85,13073.10
8697,284983296,579.304862,train,1.38756084,0.00012688876553,0.24537075,561535.51,13073.10
8698,285016064,579.361862,train,1.44269204,0.000126838988571,0.25166929,561668.50,13073.10
8699,285048832,579.419063,train,1.37813067,0.000126789256312,0.24416602,561779.34,13073.10
8700,285081600,579.476473,train,1.46174645,0.00012673956876,0.24770379,561867.82,13073.10
8700,285081600,579.813508,valid,1.41906202,0.00012673956876,,561867.82,13073.10
8701,285114368,579.963698,train,1.41161537,0.000126689925918,0.23707333,220244.42,13073.10
8702,285147136,580.021098,train,1.42711258,0.000126640327792,0.24653821,317858.42,13073.10
8703,285179904,580.078429,train,1.37433302,0.000126590774388,0.25020859,373054.54,13073.10
8704,285212672,580.135918,train,1.42875028,0.00012654126571,0.25377417,408323.98,13073.10
8705,285245440,580.192542,train,1.41278148,0.000126491801765,0.24263069,433871.73,13073.10
8706,285278208,580.249903,train,1.42375159,0.000126442382556,0.25066742,451988.79,13073.10
8707,285310976,580.307807,train,1.39821935,0.00012639300809,0.24130666,465371.03,13073.10
8708,285343744,580.364873,train,1.38247025,0.000126343678372,0.24662516,476664.59,13073.10
8709,285376512,580.421973,train,1.38501561,0.000126294393406,0.24720028,485807.86,13073.10
8710,285409280,580.480093,train,1.40058637,0.000126245153198,0.25139382,492622.42,13073.10
8711,285442048,580.537785,train,1.40356922,0.000126195957753,0.24082273,498637.26,13073.10
8712,285474816,580.594994,train,1.42202377,0.000126146807077,0.25041053,504074.08,13073.10
8713,285507584,580.651944,train,1.41228533,0.000126097701174,0.25084338,508925.93,13073.10
8714,285540352,580.709122,train,1.39773536,0.00012604864005,0.24274820,513028.61,13073.10
8715,285573120,580.766540,train,1.40979135,0.00012599962371,0.24870846,516507.68,13073.10
8716,285605888,580.823801,train,1.38676667,0.000125950652159,0.24607360,519672.26,13073.10
8717,285638656,580.880596,train,1.40619445,0.000125901725402,0.24668032,522724.73,13073.10
8718,285671424,580.938455,train,1.42831695,0.000125852843445,0.25087804,524970.49,13073.10
8719,285704192,580.996292,train,1.41669691,0.000125804006292,0.25061762,527006.82,13073.10
8720,285736960,581.053706,train,1.37123775,0.000125755213949,0.24405411,529033.61,13073.10
8721,285769728,581.110958,train,1.37855053,0.000125706466421,0.24100249,530946.86,13073.10
8722,285802496,581.168036,train,1.44283473,0.000125657763713,0.24709941,532766.38,13073.10
8723,285835264,581.225208,train,1.43678916,0.000125609105831,0.24324332,534403.67,13073.10
8724,285868032,581.282576,train,1.37315726,0.000125560492778,0.24524015,535841.37,13073.10
8725,285900800,581.340477,train,1.37700343,0.000125511924562,0.24783455,536983.57,13073.10
8726,285933568,581.398463,train,1.43051529,0.000125463401185,0.25573805,538013.09,13073.10
8727,285966336,581.456114,train,1.40134358,0.000125414922655,0.24560888,539079.95,13073.10
8728,285999104,581.513993,train,1.38838720,0.000125366488975,0.25216091,540002.14,13073.10
8729,286031872,581.573041,train,1.39333951,0.000125318100152,0.25040987,540503.70,13073.10
8730,286064640,581.629720,train,1.38599682,0.000125269756189,0.24598625,541678.90,13073.10
8731,286097408,581.687681,train,1.41514909,0.000125221457093,0.25419444,542411.57,13073.10
8732,286130176,581.744674,train,1.37122667,0.000125173202868,0.24242155,543372.56,13073.10
8733,286162944,581.802439,train,1.38153529,0.000125124993519,0.24632509,544066.71,13073.10
8734,286195712,581.856492,train,1.42261028,0.000125076829052,0.24353042,545712.17,13073.10
8735,286228480,581.913849,train,1.42508817,0.000125028709472,0.25384626,546411.43,13073.10
8736,286261248,581.970738,train,1.45762599,0.000124980634783,0.24476567,547192.38,13073.10
8737,286294016,582.028191,train,1.43478990,0.000124932604991,0.24636860,547793.42,13073.10
8738,286326784,582.085894,train,1.43167448,0.000124884620101,0.24855022,548303.52,13073.10
8739,286359552,582.143309,train,1.45940614,0.000124836680117,0.24801233,548856.34,13073.10
8740,286392320,582.201043,train,1.39573753,0.000124788785046,0.24573141,549309.02,13073.10
8741,286425088,582.258674,train,1.41955996,0.000124740934891,0.24518418,549763.48,13073.10
8742,286457856,582.316340,train,1.38001239,0.000124693129659,0.24715799,550189.67,13073.10
8743,286490624,582.373618,train,1.37766194,0.000124645369354,0.24160126,550679.74,13073.10
8744,286523392,582.430485,train,1.40160179,0.000124597653981,0.24618165,551235.16,13073.10
8745,286556160,582.488017,train,1.43958151,0.000124549983545,0.24837521,551629.48,13073.10
8746,286588928,582.545386,train,1.41780102,0.000124502358051,0.24676506,552040.22,13073.10
8747,286621696,582.603778,train,1.42385173,0.000124454777505,0.24597092,552231.35,13073.10
8748,286654464,582.660521,train,1.41426480,0.000124407241911,0.24425626,552734.92,13073.10
8749,286687232,582.717587,train,1.38474941,0.000124359751274,0.24410225,553157.07,13073.10
8750,286720000,582.774835,train,1.42335367,0.0001243123056,0.25343591,553529.07,13073.10
8751,286752768,582.832562,train,1.42837214,0.000124264904893,0.24283640,553798.80,13073.10
8752,286785536,582.889833,train,1.40757275,0.000124217549158,0.24209590,554140.91,13073.10
8753,286818304,582.947683,train,1.41452539,0.000124170238401,0.26139677,554367.80,13073.10
8754,286851072,583.005378,train,1.43115652,0.000124122972626,0.24942137,554613.39,13073.10
8755,286883840,583.062893,train,1.42480767,0.000124075751838,0.24816097,554881.12,13073.10
8756,286916608,583.120348,train,1.39310467,0.000124028576043,0.24279524,555149.53,13073.10
8757,286949376,583.177386,train,1.37422156,0.000123981445245,0.24976352,555477.75,13073.10
8758,286982144,583.234601,train,1.42427003,0.000123934359449,0.25391006,555766.20,13073.10
8759,287014912,583.291857,train,1.40777528,0.000123887318661,0.24565484,556038.59,13073.10
8760,287047680,583.349086,train,1.46629024,0.000123840322885,0.25497648,556306.38,13073.10
8761,287080448,583.406231,train,1.42019439,0.000123793372126,0.24824157,556578.65,13073.10
8762,287113216,583.463512,train,1.41152215,0.000123746466389,0.25264797,556821.62,13073.10
8763,287145984,583.520508,train,1.41906786,0.000123699605679,0.24994908,557099.97,13073.10
8764,287178752,583.578104,train,1.44415522,0.000123652790002,0.24898487,557280.93,13073.10
8765,287211520,583.636017,train,1.39957535,0.000123606019361,0.25083977,557410.39,13073.10
8766,287244288,583.692660,train,1.36442876,0.000123559293762,0.24397916,557718.45,13073.10
8767,287277056,583.750000,train,1.45376062,0.000123512613211,0.25346905,557918.80,13073.10
8768,287309824,583.806507,train,1.42263722,0.000123465977711,0.25812647,558229.80,13073.10
8769,287342592,583.864229,train,1.41637003,0.000123419387268,0.24469617,558364.71,13073.10
8770,287375360,583.921673,train,1.44620252,0.000123372841886,0.24946550,558533.43,13073.10
8771,287408128,583.978705,train,1.42258966,0.000123326341571,0.24294868,558752.99,13073.10
8772,287440896,584.035777,train,1.39208913,0.000123279886328,0.24517943,558961.15,13073.10
8773,287473664,584.093422,train,1.45025194,0.000123233476161,0.25038239,559088.94,13073.10
8774,287506432,584.150623,train,1.42770040,0.000123187111075,0.25634930,559270.47,13073.10
8775,287539200,584.208756,train,1.47263098,0.000123140791075,0.25373745,559328.85,13073.10
8776,287571968,584.266060,train,1.42869616,0.000123094516167,0.25165296,559489.64,13073.10
8777,287604736,584.323512,train,1.41936362,0.000123048286354,0.24766421,559628.11,13073.10
8778,287637504,584.380763,train,1.42484307,0.000123002101643,0.24277899,559787.77,13073.10
8779,287670272,584.437581,train,1.40063190,0.000122955962037,0.25086096,559995.87,13073.10
8780,287703040,584.495059,train,1.38220274,0.000122909867542,0.24942443,560119.88,13073.10
8781,287735808,584.551705,train,1.43085802,0.000122863818162,0.25921407,560339.32,13073.10
8782,287768576,584.608932,train,1.38741934,0.000122817813903,0.24945369,560485.66,13073.10
8783,287801344,584.666827,train,1.43420887,0.000122771854769,0.24744336,560551.23,13073.10
8784,287834112,584.724918,train,1.37603736,0.000122725940765,0.24449117,560593.10,13073.10
8785,287866880,584.782663,train,1.39290428,0.000122680071895,0.24776225,560672.91,13073.10
8786,287899648,584.840214,train,1.41326666,0.000122634248166,0.24978128,560772.61,13073.10
8787,287932416,584.897833,train,1.44578218,0.000122588469581,0.25275466,560862.47,13073.10
8788,287965184,584.955776,train,1.48283184,0.000122542736146,0.25029179,560914.90,13073.10
8789,287997952,585.013227,train,1.44072247,0.000122497047865,0.24929814,561019.33,13073.10
8790,288030720,585.070834,train,1.44112968,0.000122451404743,0.25280583,561104.90,13073.10
8791,288063488,585.128711,train,1.37057078,0.000122405806785,0.24685620,561159.98,13073.10
8792,288096256,585.186493,train,1.45263505,0.000122360253996,0.24950078,561223.83,13073.10
8793,288129024,585.243775,train,1.43677330,0.00012231474638,0.25229669,561337.97,13073.10
8794,288161792,585.301313,train,1.38096285,0.000122269283943,0.24634650,561423.69,13073.10
8795,288194560,585.359021,train,1.42791474,0.000122223866688,0.24774538,561490.36,13073.10
8796,288227328,585.416842,train,1.40990508,0.000122178494622,0.24989206,561544.26,13073.10
8797,288260096,585.474630,train,1.43896580,0.000122133167749,0.25267494,561600.32,13073.10
8798,288292864,585.532060,train,1.41872597,0.000122087886073,0.24601927,561690.42,13073.10
8799,288325632,585.589108,train,1.39862037,0.000122042649599,0.24787515,561816.00,13073.10
8800,288358400,585.646245,train,1.36867452,0.000121997458332,0.24340779,561930.47,13073.10
8800,288358400,585.983787,valid,1.41831555,0.000121997458332,,561930.47,13073.10
8801,288391168,586.130331,train,1.44224775,0.000121952312278,0.24508689,225451.21,13073.10
8802,288423936,586.187816,train,1.42701960,0.00012190721144,0.24817620,323108.82,13073.10
8803,288456704,586.245204,train,1.40780389,0.000121862155823,0.24556760,377776.97,13073.10
8804,288489472,586.302533,train,1.42521191,0.000121817145433,0.25013760,412766.02,13073.10
8805,288522240,586.360116,train,1.44352794,0.000121772180273,0.24799462,436756.52,13073.10
8806,288555008,586.417303,train,1.37571633,0.000121727260349,0.24480645,454778.99,13073.10
8807,288587776,586.474089,train,1.36040282,0.000121682385666,0.24421090,468973.92,13073.10
8808,288620544,586.530950,train,1.41527915,0.000121637556227,0.24830391,480150.12,13073.10
8809,288653312,586.588004,train,1.41222095,0.000121592772039,0.24741411,489060.60,13073.10
8810,288686080,586.644983,train,1.38367653,0.000121548033105,0.24351929,496488.45,13073.10
8811,288718848,586.702224,train,1.42594695,0.000121503339431,0.24939930,502551.33,13073.10
8812,288751616,586.759108,train,1.39996338,0.00012145869102,0.25181752,507951.57,13073.10
8813,288784384,586.815816,train,1.40930200,0.000121414087879,0.25402766,512722.11,13073.10
8814,288817152,586.872140,train,1.40071559,0.000121369530011,0.25164220,517106.02,13073.10
8815,288849920,586.928815,train,1.35484374,0.000121325017421,0.24353482,520773.22,13073.10
8816,288882688,586.985755,train,1.42413235,0.000121280550114,0.24565034,523886.19,13073.10
8817,288915456,587.042668,train,1.43657291,0.000121236128094,0.24903983,526677.08,13073.10
8818,288948224,587.099989,train,1.44555449,0.000121191751367,0.25411117,528989.49,13073.10
8819,288980992,587.158289,train,1.47367358,0.000121147419937,0.25584269,530632.36,13073.10
8820,289013760,587.214979,train,1.41885424,0.000121103133809,0.25366044,532816.63,13073.10
8821,289046528,587.272152,train,1.45434022,0.000121058892987,0.25007114,534607.55,13073.10
8822,289079296,587.329862,train,1.41668808,0.000121014697476,0.26020935,536031.93,13073.10
8823,289112064,587.386934,train,1.42958188,0.00012097054728,0.25594482,537583.62,13073.10
8824,289144832,587.443937,train,1.41670239,0.000120926442405,0.25454986,539040.04,13073.10
8825,289177600,587.501190,train,1.37539732,0.000120882382855,0.24566124,540297.16,13073.10
8826,289210368,587.557568,train,1.35491693,0.000120838368635,0.24538644,541764.10,13073.10
8827,289243136,587.614899,train,1.40948486,0.000120794399749,0.24808891,542812.03,13073.10
8828,289275904,587.671929,train,1.41247272,0.000120750476202,0.24864966,543885.91,13073.10
8829,289308672,587.729283,train,1.40402699,0.000120706597999,0.24440183,544788.34,13073.10
8830,289341440,587.786364,train,1.46297097,0.000120662765143,0.25345749,545715.76,13073.10
8831,289374208,587.843331,train,1.38091707,0.000120618977641,0.24358460,546620.14,13073.10
8832,289406976,587.900025,train,1.38702273,0.000120575235496,0.24636382,547548.43,13073.10
8833,289439744,587.956847,train,1.39726520,0.000120531538713,0.24863851,548388.06,13073.10
8834,289472512,588.013998,train,1.39735341,0.000120487887297,0.24395269,549091.16,13073.10
8835,289505280,588.071401,train,1.40088415,0.000120444281252,0.25087696,549689.50,13073.10
8836,289538048,588.128858,train,1.38701272,0.000120400720584,0.25628370,550242.16,13073.10
8837,289570816,588.186017,train,1.40638363,0.000120357205296,0.24677627,550840.33,13073.10
8838,289603584,588.242827,train,1.40222573,0.000120313735392,0.25536144,551493.46,13073.10
8839,289636352,588.300511,train,1.39135885,0.000120270310879,0.24175435,551906.10,13073.10
8840,289669120,588.357349,train,1.41700029,0.00012022693176,0.25855145,552495.82,13073.10
8841,289701888,588.414255,train,1.35305452,0.00012018359804,0.24703720,553042.28,13073.10
8842,289734656,588.471369,train,1.42013264,0.000120140309723,0.24636038,553517.53,13073.10
8843,289767424,588.528369,train,1.43407714,0.000120097066815,0.24793658,553996.25,13073.10
8844,289800192,588.585374,train,1.41107273,0.000120053869319,0.25100225,554452.92,13073.10
8845,289832960,588.641201,train,1.41199327,0.00012001071724,0.24971120,555135.94,13073.10
8846,289865728,588.698579,train,1.40219903,0.000119967610583,0.25017020,555473.48,13073.10
8847,289898496,588.755931,train,1.43783212,0.000119924549352,0.25590777,555802.03,13073.10
8848,289931264,588.812656,train,1.43976760,0.000119881533552,0.25689802,556240.59,13073.10
8849,289964032,588.870217,train,1.42695212,0.000119838563188,0.25138894,556500.47,13073.10
8850,289996800,588.927475,train,1.38425481,0.000119795638263,0.25162157,556807.85,13073.10
8851,290029568,588.985081,train,1.42008293,0.000119752758783,0.24931638,557038.64,13073.10
8852,290062336,589.042426,train,1.42366803,0.000119709924752,0.25795424,557308.40,13073.10
8853,290095104,589.099756,train,1.43781376,0.000119667136174,0.25613075,557570.60,13073.10
8854,290127872,589.157421,train,1.41904378,0.000119624393055,0.24937071,557764.65,13073.10
8855,290160640,589.215735,train,1.37112474,0.000119581695398,0.25114515,557839.83,13073.10
8856,290193408,589.272946,train,1.41489816,0.000119539043208,0.24786593,558099.39,13073.10
8857,290226176,589.329545,train,1.47421169,0.000119496436489,0.25942433,558452.40,13073.10
8858,290258944,589.387083,train,1.42997503,0.000119453875247,0.24609321,558639.16,13073.10
8859,290291712,589.443751,train,1.47056532,0.000119411359485,0.24586192,558960.38,13073.10
8860,290324480,589.500848,train,1.40369987,0.000119368889209,0.25543582,559203.01,13073.10
8861,290357248,589.557973,train,1.37031496,0.000119326464421,0.24727945,559433.48,13073.10
8862,290390016,589.614633,train,1.37314212,0.000119284085128,0.24137878,559728.38,13073.10
8863,290422784,589.671255,train,1.40809810,0.000119241751334,0.25014859,560020.17,13073.10
8864,290455552,589.729067,train,1.39116490,0.000119199463042,0.24384555,560124.80,13073.10
8865,290488320,589.786558,train,1.43943834,0.000119157220258,0.25306186,560273.70,13073.10
8866,290521088,589.843191,train,1.42906761,0.000119115022985,0.25482240,560542.73,13073.10
8867,290553856,589.900636,train,1.43402815,0.000119072871229,0.24621187,560687.60,13073.10
8868,290586624,589.957591,train,1.48717523,0.000119030764994,0.24700965,560897.58,13073.10
8869,290619392,590.015925,train,1.46635568,0.000118988704284,0.25521746,560909.63,13073.10
8870,290652160,590.073336,train,1.36192715,0.000118946689104,0.24996939,561048.03,13073.10
8871,290684928,590.130421,train,1.44017231,0.000118904719458,0.26702431,561226.57,13073.10
8872,290717696,590.188432,train,1.41117501,0.000118862795351,0.24798456,561276.80,13073.10
8873,290750464,590.245730,train,1.42349505,0.000118820916786,0.25245377,561419.52,13073.10
8874,290783232,590.302403,train,1.40433896,0.000118779083769,0.24659492,561639.75,13073.10
8875,290816000,590.359711,train,1.39492679,0.000118737296304,0.24849665,561772.66,13073.10
8876,290848768,590.416109,train,1.39603412,0.000118695554395,0.24455315,562017.59,13073.10
8877,290881536,590.472446,train,1.42349267,0.000118653858047,0.25257060,562263.94,13073.10
8878,290914304,590.528845,train,1.41370273,0.000118612207263,0.25185394,562496.52,13073.10
8879,290947072,590.585779,train,1.40332401,0.00011857060205,0.25173697,562657.94,13073.10
8880,290979840,590.642350,train,1.42215490,0.00011852904241,0.24658136,562859.32,13073.10
8881,291012608,590.699228,train,1.42426038,0.000118487528348,0.24763636,563019.21,13073.10
8882,291045376,590.755640,train,1.39989340,0.000118446059869,0.25476018,563230.33,13073.10
8883,291078144,590.812125,train,1.37769544,0.000118404636977,0.24513283,563427.89,13073.10
8884,291110912,590.868239,train,1.44427586,0.000118363259677,0.24838679,563663.76,13073.10
8885,291143680,590.924868,train,1.41153812,0.000118321927972,0.24590349,563835.46,13073.10
8886,291176448,590.981467,train,1.40660262,0.000118280641867,0.24897629,564006.72,13073.10
8887,291209216,591.038019,train,1.38976336,0.000118239401367,0.24411881,564179.40,13073.10
8888,291241984,591.094794,train,1.37573981,0.000118198206476,0.24198879,564323.48,13073.10
8889,291274752,591.151331,train,1.42487073,0.000118157057198,0.24380946,564490.43,13073.10
8890,291307520,591.208616,train,1.37546253,0.000118115953537,0.24439858,564573.03,13073.10
8891,291340288,591.266256,train,1.42030716,0.000118074895499,0.24918230,564615.89,13073.10
8892,291373056,591.322709,train,1.41752386,0.000118033883086,0.25155294,564783.24,13073.10
8893,291405824,591.379542,train,1.37854290,0.000117992916305,0.24125384,564907.49,13073.10
8894,291438592,591.436699,train,1.43279421,0.000117951995158,0.24612588,564995.28,13073.10
8895,291471360,591.493625,train,1.40369344,0.00011791111965,0.24360973,565105.21,13073.10
8896,291504128,591.550370,train,1.40728974,0.000117870289786,0.25137836,565231.17,13073.10
8897,291536896,591.607010,train,1.44301319,0.000117829505569,0.24615097,565365.09,13073.10
8898,291569664,591.663834,train,1.37489510,0.000117788767005,0.24599500,565478.24,13073.10
8899,291602432,591.719512,train,1.42005610,0.000117748074097,0.25443092,565701.93,13073.10
8900,291635200,591.776199,train,1.37210703,0.00011770742685,0.24939592,565822.88,13073.10
8900,291635200,592.113991,valid,1.41716866,0.00011770742685,,565822.88,13073.10
8901,291667968,592.261092,train,1.35186160,0.000117666825269,0.24304265,224633.49,13073.10
8902,291700736,592.318857,train,1.38698006,0.000117626269356,0.24832411,321826.33,13073.10
8903,291733504,592.376048,train,1.41962445,0.000117585759117,0.24611111,376890.48,13073.10
8904,291766272,592.433290,train,1.41987884,0.000117545294556,0.24869874,412084.69,13073.10
8905,291799040,592.490429,train,1.39861488,0.000117504875677,0.25167739,436662.78,13073.10
8906,291831808,592.547512,train,1.43704629,0.000117464502485,0.25179648,454803.56,13073.10
8907,291864576,592.604339,train,1.42986870,0.000117424174983,0.25106767,468957.00,13073.10
8908,291897344,592.660981,train,1.44286776,0.000117383893176,0.25274226,480327.12,13073.10
8909,291930112,592.718722,train,1.42856193,0.000117343657069,0.25249338,488666.67,13073.10
8910,291962880,592.776247,train,1.39556396,0.000117303466665,0.25174490,495713.09,13073.10
8911,291995648,592.833820,train,1.42018604,0.000117263321968,0.25095558,501596.92,13073.10
8912,292028416,592.891259,train,1.42148840,0.000117223222984,0.24632375,506696.31,13073.10
8913,292061184,592.948222,train,1.38584399,0.000117183169716,0.24380371,511383.72,13073.10
8914,292093952,593.005326,train,1.43955898,0.000117143162168,0.25016642,515390.27,13073.10
8915,292126720,593.062419,train,1.43137693,0.000117103200345,0.25067851,518918.75,13073.10
8916,292159488,593.119871,train,1.39141500,0.000117063284251,0.24420929,521860.73,13073.10
8917,292192256,593.176543,train,1.38847804,0.00011702341389,0.24700703,524869.24,13073.10
8918,292225024,593.233813,train,1.42998207,0.000116983589266,0.24438699,527290.76,13073.10
8919,292257792,593.291338,train,1.37861776,0.000116943810383,0.24852560,529361.58,13073.10
8920,292290560,593.348787,train,1.44404030,0.000116904077247,0.24881025,531271.92,13073.10
8921,292323328,593.405896,train,1.43122482,0.00011686438986,0.24527118,533153.11,13073.10
8922,292356096,593.463067,train,1.45228624,0.000116824748228,0.25018337,534849.89,13073.10
8923,292388864,593.520267,train,1.36465442,0.000116785152353,0.24730523,536397.55,13073.10
8924,292421632,593.577552,train,1.44221139,0.000116745602242,0.25179881,537792.81,13073.10
8925,292454400,593.634588,train,1.43764615,0.000116706097896,0.24608231,539171.45,13073.10
8926,292487168,593.691069,train,1.38168263,0.000116666639322,0.24567904,540640.31,13073.10
8927,292519936,593.748560,train,1.40224147,0.000116627226523,0.24466026,541672.73,13073.10
8928,292552704,593.804852,train,1.40154040,0.000116587859503,0.25147229,543019.85,13073.10
8929,292585472,593.862047,train,1.38407934,0.000116548538266,0.24906616,543998.52,13073.10
8930,292618240,593.918730,train,1.43959832,0.000116509262816,0.25513828,545070.40,13073.10
8931,292651008,593.975531,train,1.43432236,0.000116470033158,0.24783610,546041.77,13073.10
8932,292683776,594.032341,train,1.39091909,0.000116430849296,0.24281634,546953.20,13073.10
8933,292716544,594.089332,train,1.49232233,0.000116391711234,0.25362703,547762.05,13073.10
8934,292749312,594.146220,train,1.39514613,0.000116352618976,0.24631058,548553.14,13073.10
8935,292782080,594.203488,train,1.38978636,0.000116313572526,0.24857625,549201.46,13073.10
8936,292814848,594.261127,train,1.40605640,0.000116274571889,0.24166103,549719.55,13073.10
8937,292847616,594.318774,train,1.43681228,0.000116235617067,0.24479717,550209.06,13073.10
8938,292880384,594.376532,train,1.38950670,0.000116196708067,0.25387469,550646.75,13073.10
8939,292913152,594.434604,train,1.43520510,0.000116157844891,0.25608408,550987.37,13073.10
8940,292945920,594.492246,train,1.38759398,0.000116119027543,0.24533848,551411.53,13073.10
8941,292978688,594.549486,train,1.35198379,0.000116080256029,0.24352758,551906.66,13073.10
8942,293011456,594.605433,train,1.42675948,0.000116041530351,0.24578713,552665.81,13073.10
8943,293044224,594.661828,train,1.41952229,0.000116002850515,0.24557944,553294.41,13073.10
8944,293076992,594.718670,train,1.38318491,0.000115964216523,0.24784489,553800.38,13073.10
8945,293109760,594.776219,train,1.41728914,0.000115925628381,0.25240356,554137.64,13073.10
8946,293142528,594.833285,train,1.42343450,0.000115887086092,0.25567916,554559.08,13073.10
8947,293175296,594.890699,train,1.39184737,0.000115848589661,0.24319045,554893.58,13073.10
8948,293208064,594.946678,train,1.38989902,0.00011581013909,0.24395984,555496.16,13073.10
8949,293240832,595.004137,train,1.43635654,0.000115771734386,0.25124544,555790.26,13073.10
8950,293273600,595.061163,train,1.44758236,0.000115733375551,0.24740402,556154.58,13073.10
8951,293306368,595.117734,train,1.43638635,0.000115695062589,0.24107777,556589.38,13073.10
8952,293339136,595.174927,train,1.45319796,0.000115656795505,0.25366718,556895.00,13073.10
8953,293371904,595.231981,train,1.43787718,0.000115618574303,0.25356528,557214.21,13073.10
8954,293404672,595.288705,train,1.44401550,0.000115580398986,0.25187466,557580.01,13073.10
8955,293437440,595.345354,train,1.44866538,0.000115542269559,0.25320131,557945.74,13073.10
8956,293470208,595.402363,train,1.42841268,0.000115504186026,0.25315887,558237.82,13073.10
8957,293502976,595.459340,train,1.40318489,0.000115466148391,0.24823403,558525.26,13073.10
8958,293535744,595.516440,train,1.43367851,0.000115428156657,0.25683844,558782.95,13073.10
8959,293568512,595.573955,train,1.37132812,0.000115390210829,0.24615845,558964.97,13073.10
8960,293601280,595.630735,train,1.39704990,0.000115352310911,0.24633658,559257.87,13073.10
8961,293634048,595.688264,train,1.38075590,0.000115314456907,0.25575015,559424.15,13073.10
8962,293666816,595.745379,train,1.41291785,0.000115276648821,0.24542932,559649.26,13073.10
8963,293699584,595.803023,train,1.43977058,0.000115238886657,0.24728648,559786.86,13073.10
8964,293732352,595.860104,train,1.43496323,0.000115201170418,0.24914815,560004.30,13073.10
8965,293765120,595.917091,train,1.39741158,0.000115163500109,0.24929053,560229.36,13073.10
8966,293797888,595.974446,train,1.43419039,0.000115125875734,0.25343138,560394.20,13073.10
8967,293830656,596.030410,train,1.40417933,0.000115088297297,0.25118589,560753.29,13073.10
8968,293863424,596.087196,train,1.43203568,0.000115050764802,0.25404492,560986.15,13073.10
8969,293896192,596.144259,train,1.41458702,0.000115013278252,0.25188032,561173.82,13073.10
8970,293928960,596.201325,train,1.41498458,0.000114975837651,0.24837925,561356.04,13073.10
8971,293961728,596.257933,train,1.39779222,0.000114938443005,0.24974908,561595.08,13073.10
8972,293994496,596.314617,train,1.40583229,0.000114901094316,0.25001106,561817.82,13073.10
8973,294027264,596.371249,train,1.41171026,0.000114863791588,0.26122507,562041.16,13073.10
8974,294060032,596.427738,train,1.47343671,0.000114826534826,0.25711328,562277.48,13073.10
8975,294092800,596.484835,train,1.38769650,0.000114789324033,0.24899316,562429.33,13073.10
8976,294125568,596.540853,train,1.35003233,0.000114752159214,0.24524455,562714.45,13073.10
8977,294158336,596.597364,train,1.39379978,0.000114715040372,0.25808474,562930.58,13073.10
8978,294191104,596.655746,train,1.38428891,0.000114677967511,0.24544539,562909.23,13073.10
8979,294223872,596.712431,train,1.40002632,0.000114640940635,0.25569409,563096.15,13073.10
8980,294256640,596.768874,train,1.41694903,0.000114603959747,0.24925087,563307.80,13073.10
8981,294289408,596.825618,train,1.43347907,0.000114567024853,0.25571644,563478.45,13073.10
8982,294322176,596.882103,train,1.41186023,0.000114530135956,0.25281599,563675.60,13073.10
8983,294354944,596.938802,train,1.42282534,0.000114493293059,0.25003958,563843.12,13073.10
8984,294387712,596.995773,train,1.48719740,0.000114456496167,0.25337410,563975.38,13073.10
8985,294420480,597.053065,train,1.44087660,0.000114419745283,0.25428471,564067.84,13073.10
8986,294453248,597.109498,train,1.40700746,0.000114383040412,0.25779346,564255.26,13073.10
8987,294486016,597.165829,train,1.42049885,0.000114346381557,0.24945024,564449.91,13073.10
8988,294518784,597.222171,train,1.49070108,0.000114309768722,0.25485513,564639.00,13073.10
8989,294551552,597.278622,train,1.40835595,0.000114273201911,0.24452472,564812.06,13073.10
8990,294584320,597.335656,train,1.39995718,0.000114236681128,0.24603195,564918.25,13073.10
8991,294617088,597.392300,train,1.44207656,0.000114200206376,0.25383604,565063.91,13073.10
8992,294649856,597.448816,train,1.41420364,0.00011416377766,0.24852696,565220.14,13073.10
8993,294682624,597.505138,train,1.38160861,0.000114127394984,0.24506555,565393.35,13073.10
8994,294715392,597.561188,train,1.44323730,0.00011409105835,0.25297636,565591.17,13073.10
8995,294748160,597.617832,train,1.39292812,0.000114054767764,0.25270483,565723.96,13073.10
8996,294780928,597.673936,train,1.38894951,0.000114018523228,0.24403283,565909.10,13073.10
8997,294813696,597.730552,train,1.39613593,0.000113982324748,0.24345589,566038.76,13073.10
8998,294846464,597.787143,train,1.43973064,0.000113946172326,0.24886127,566168.37,13073.10
8999,294879232,597.844003,train,1.42478359,0.000113910065966,0.24435823,566268.93,13073.10
9000,294912000,597.900524,train,1.43275654,0.000113874005672,0.24830081,566400.58,13073.10
9000,294912000,598.237591,valid,1.41639792,0.000113874005672,,566400.58,13073.10
9001,294944768,603.347441,train,1.43254364,0.000113837991449,0.25514451,6414.07,13073.10
9002,294977536,603.403182,train,1.42849576,0.000113802023299,0.24552090,12689.69,13073.10
9003,295010304,603.462183,train,1.42064822,0.000113766101227,0.24762776,18819.53,13073.10
9004,295043072,603.519628,train,1.45336294,0.000113730225236,0.25080779,24819.76,13073.10
9005,295075840,603.576908,train,1.40392351,0.00011369439533,0.25408918,30691.80,13073.10
9006,295108608,603.633589,train,1.43231618,0.000113658611513,0.25288743,36443.21,13073.10
9007,295141376,603.690544,train,1.38438225,0.000113622873789,0.23960428,42072.91,13073.10
9008,295174144,603.747718,train,1.38480556,0.000113587182162,0.24628803,47584.31,13073.10
9009,295206912,603.806623,train,1.42228246,0.000113551536635,0.25580961,52966.01,13073.10
9010,295239680,603.863898,train,1.40431845,0.000113515937212,0.24528906,58251.91,13073.10
9011,295272448,603.920795,train,1.40031660,0.000113480383896,0.24490608,63435.47,13073.10
9012,295305216,603.977929,train,1.48795068,0.000113444876693,0.25093442,68513.44,13073.10
9013,295337984,604.035340,train,1.44019914,0.000113409415604,0.25628424,73487.77,13073.10
9014,295370752,604.092198,train,1.41670299,0.000113374000635,0.25891557,78371.94,13073.10
9015,295403520,604.150002,train,1.41306090,0.000113338631789,0.25077409,83148.84,13073.10
9016,295436288,604.207489,train,1.42237771,0.000113303309069,0.24558638,87837.87,13073.10
9017,295469056,604.265905,train,1.43051028,0.000113268032479,0.25321850,92423.21,13073.10
9018,295501824,604.323895,train,1.43476486,0.000113232802023,0.25184843,96927.29,13073.10
9019,295534592,604.380958,train,1.40693378,0.000113197617705,0.24657375,101361.64,13073.10
9020,295567360,604.438300,train,1.42817926,0.000113162479529,0.24811271,105709.61,13073.10
9021,295600128,604.495657,train,1.41319704,0.000113127387497,0.24539535,109977.61,13073.10
9022,295632896,604.552235,train,1.37605393,0.000113092341615,0.24782251,114182.16,13073.10
9023,295665664,604.608098,train,1.42385650,0.000113057341885,0.25338629,118325.31,13073.10
9024,295698432,604.665091,train,1.46250987,0.000113022388311,0.26228651,122374.89,13073.10
9025,295731200,604.719517,train,1.39447391,0.000112987480898,0.25401711,126403.33,13073.10
9026,295763968,604.775902,train,1.43256128,0.000112952619648,0.24962616,130325.58,13073.10
9027,295796736,604.832607,train,1.44449580,0.000112917804565,0.24997404,134174.26,13073.10
9028,295829504,604.889010,train,1.42181289,0.000112883035653,0.24894555,137963.56,13073.10
9029,295862272,604.945118,train,1.41738379,0.000112848312916,0.25035700,141695.37,13073.10
9030,295895040,605.002289,train,1.43583870,0.000112813636357,0.24986270,145342.40,13073.10
9031,295927808,605.059152,train,1.44585979,0.00011277900598,0.25513929,148935.02,13073.10
9032,295960576,605.115567,train,1.37393522,0.000112744421789,0.24138710,152478.18,13073.10
9033,295993344,605.172369,train,1.39658093,0.000112709883788,0.25830778,155954.96,13073.10
9034,296026112,605.227725,train,1.41820407,0.000112675391979,0.24772783,159408.21,13073.10
9035,296058880,605.285559,train,1.44283652,0.000112640946367,0.25189441,162749.94,13073.10
9036,296091648,605.342585,train,1.40472949,0.000112606546955,0.24461107,166056.14,13073.10
9037,296124416,605.399846,train,1.40367484,0.000112572193747,0.24453144,169304.14,13073.10
9038,296157184,605.456822,train,1.37137699,0.000112537886746,0.24842256,172507.39,13073.10
9039,296189952,605.513683,train,1.40290093,0.000112503625957,0.25479811,175663.30,13073.10
9040,296222720,605.571580,train,1.44353890,0.000112469411382,0.24748230,178744.97,13073.10
9041,296255488,605.628699,train,1.38404739,0.000112435243026,0.24390349,181797.52,13073.10
9042,296288256,605.685571,train,1.45095086,0.000112401120891,0.25040019,184809.35,13073.10
9043,296321024,605.742740,train,1.37181079,0.000112367044982,0.24433424,187768.08,13073.10
9044,296353792,605.800088,train,1.44805479,0.000112333015303,0.24888466,190677.59,13073.10
9045,296386560,605.857814,train,1.41837573,0.000112299031856,0.25390869,193533.63,13073.10
9046,296419328,605.915484,train,1.42788768,0.000112265094646,0.25177518,196348.20,13073.10
9047,296452096,605.972336,train,1.46101820,0.000112231203675,0.25576961,199141.90,13073.10
9048,296484864,606.029861,train,1.44922519,0.000112197358948,0.24878055,201877.34,13073.10
9049,296517632,606.086943,train,1.37258339,0.000112163560468,0.24489236,204584.25,13073.10
9050,296550400,606.144084,train,1.44070971,0.000112129808239,0.25513473,207250.49,13073.10
9051,296583168,606.201777,train,1.40458739,0.000112096102264,0.25194016,209863.95,13073.10
9052,296615936,606.258953,train,1.42954087,0.000112062442547,0.25857541,212453.47,13073.10
9053,296648704,606.316454,train,1.38404000,0.000112028829091,0.24716799,214997.70,13073.10
9054,296681472,606.373402,train,1.42707825,0.0001119952619,0.25280243,217520.75,13073.10
9055,296714240,606.430749,train,1.45205343,0.000111961740978,0.25405657,219997.98,13073.10
9056,296747008,606.488844,train,1.44119310,0.000111928266327,0.24912894,222420.65,13073.10
9057,296779776,606.545882,train,1.45919323,0.000111894837952,0.25654581,224838.02,13073.10
9058,296812544,606.603093,train,1.38983226,0.000111861455857,0.24430950,227217.68,13073.10
9059,296845312,606.660451,train,1.40981340,0.000111828120043,0.24980377,229561.06,13073.10
9060,296878080,606.717646,train,1.37843394,0.000111794830516,0.24460714,231877.18,13073.10
9061,296910848,606.774525,train,1.45732164,0.000111761587279,0.25124437,234170.92,13073.10
9062,296943616,606.831750,train,1.44819784,0.000111728390334,0.25577033,236424.77,13073.10
9063,296976384,606.888526,train,1.43443120,0.000111695239686,0.25006649,238661.19,13073.10
9064,297009152,606.945389,train,1.36601400,0.000111662135339,0.24054475,240866.06,13073.10
9065,297041920,607.002318,train,1.46303654,0.000111629077295,0.24826509,243040.46,13073.10
9066,297074688,607.059372,train,1.40383816,0.000111596065558,0.24925680,245183.32,13073.10
9067,297107456,607.116093,train,1.47549009,0.000111563100132,0.24970280,247307.93,13073.10
9068,297140224,607.172426,train,1.38902998,0.00011153018102,0.24451880,249416.40,13073.10
9069,297172992,607.229286,train,1.43298817,0.000111497308225,0.24829085,251483.67,13073.10
9070,297205760,607.286538,train,1.42900467,0.000111464481752,0.25476229,253513.99,13073.10
9071,297238528,607.344527,train,1.45712698,0.000111431701603,0.25242072,255498.10,13073.10
9072,297271296,607.402629,train,1.35407019,0.000111398967782,0.24382915,257453.91,13073.10
9073,297304064,607.459715,train,1.40114057,0.000111366280292,0.24606253,259413.67,13073.10
9074,297336832,607.515890,train,1.42755580,0.000111333639138,0.25446379,261374.99,13073.10
9075,297369600,607.573041,train,1.42422271,0.000111301044321,0.25337937,263285.11,13073.10
9076,297402368,607.628990,train,1.38236690,0.000111268495847,0.25385645,265205.99,13073.10
9077,297435136,607.685723,train,1.42395747,0.000111235993717,0.25078359,267081.93,13073.10
9078,297467904,607.742632,train,1.42396212,0.000111203537937,0.24589662,268930.50,13073.10
9079,297500672,607.800075,train,1.43981695,0.000111171128508,0.25068331,270741.91,13073.10
9080,297533440,607.857866,train,1.40812027,0.000111138765435,0.24586056,272521.87,13073.10
9081,297566208,607.915628,train,1.42983413,0.000111106448721,0.24837819,274281.37,13073.10
9082,297598976,607.972901,train,1.38492715,0.000111074178369,0.24533790,276033.85,13073.10
9083,297631744,608.030138,train,1.45563591,0.000111041954383,0.25381795,277766.86,13073.10
9084,297664512,608.086926,train,1.34818244,0.000111009776766,0.24510883,279492.48,13073.10
9085,297697280,608.144519,train,1.42784965,0.000110977645522,0.25292805,281175.41,13073.10
9086,297730048,608.201345,train,1.46063900,0.000110945560654,0.25831255,282860.70,13073.10
9087,297762816,608.259197,train,1.44062853,0.000110913522165,0.24803036,284497.74,13073.10
9088,297795584,608.316801,train,1.42929876,0.000110881530058,0.25241882,286122.99,13073.10
9089,297828352,608.375070,train,1.43326378,0.000110849584338,0.25124869,287710.94,13073.10
9090,297861120,608.432782,train,1.41476929,0.000110817685007,0.25229707,289296.54,13073.10
9091,297893888,608.491030,train,1.36242676,0.000110785832069,0.25232694,290849.03,13073.10
9092,297926656,608.548732,train,1.38963163,0.000110754025528,0.24545632,292399.55,13073.10
9093,297959424,608.605971,train,1.38131702,0.000110722265386,0.25077114,293945.87,13073.10
9094,297992192,608.663811,train,1.39046001,0.000110690551646,0.26935670,295458.22,13073.10
9095,298024960,608.721137,train,1.41916275,0.000110658884314,0.25029442,296968.39,13073.10
9096,298057728,608.777560,train,1.39207792,0.00011062726339,0.25189760,298487.75,13073.10
9097,298090496,608.835455,train,1.44686747,0.00011059568888,0.24880022,299949.21,13073.10
9098,298123264,608.892631,train,1.38503563,0.000110564160786,0.25169715,301415.17,13073.10
9099,298156032,608.950168,train,1.37879777,0.000110532679111,0.24243197,302855.25,13073.10
9100,298188800,609.007572,train,1.44470811,0.00011050124386,0.25392509,304283.71,13073.10
9100,298188800,609.345945,valid,1.41511857,0.00011050124386,,304283.71,13073.10
9101,298221568,609.491142,train,1.41298163,0.000110469855035,0.24532069,227637.49,13073.10
9102,298254336,609.549361,train,1.44389272,0.000110438512639,0.25174701,324167.71,13073.10
9103,298287104,609.608244,train,1.40419960,0.000110407216677,0.25532097,376571.54,13073.10
9104,298319872,609.665593,train,1.42733288,0.00011037596715,0.24845269,411658.49,13073.10
9105,298352640,609.722860,train,1.46357524,0.000110344764063,0.25166532,436132.62,13073.10
9106,298385408,609.779949,train,1.36283422,0.000110313607419,0.24561864,454316.78,13073.10
9107,298418176,609.838349,train,1.40804470,0.000110282497221,0.25313571,467013.74,13073.10
9108,298450944,609.896315,train,1.43350506,0.000110251433472,0.25246778,477388.98,13073.10
9109,298483712,609.953844,train,1.40718830,0.000110220416176,0.25110197,486131.79,13073.10
9110,298516480,610.011037,train,1.44146156,0.000110189445336,0.26885238,493610.72,13073.10
9111,298549248,610.068666,train,1.38867545,0.000110158520955,0.25951266,499601.10,13073.10
9112,298582016,610.126078,train,1.34863865,0.000110127643036,0.24910307,504845.14,13073.10
9113,298614784,610.183388,train,1.38883662,0.000110096811584,0.24521358,509431.94,13073.10
9114,298647552,610.241210,train,1.41098726,0.0001100660266,0.24543868,513136.50,13073.10
9115,298680320,610.298506,train,1.40924489,0.000110035288089,0.25317773,516676.18,13073.10
9116,298713088,610.356896,train,1.49302137,0.000110004596053,0.25735909,519250.24,13073.10
9117,298745856,610.415166,train,1.46962440,0.000109973950495,0.25570604,521601.58,13073.10
9118,298778624,610.473167,train,1.40621328,0.00010994335142,0.24644114,523834.94,13073.10
9119,298811392,610.529902,train,1.36697686,0.00010991279883,0.24528019,526412.27,13073.10
9120,298844160,610.586901,train,1.43830991,0.000109882292728,0.25046209,528640.95,13073.10
9121,298876928,610.644420,train,1.39765048,0.000109851833118,0.24981293,530461.30,13073.10
9122,298909696,610.702250,train,1.44043946,0.000109821420003,0.25007918,532004.59,13073.10
9123,298942464,610.759857,train,1.42853260,0.000109791053386,0.24703786,533505.99,13073.10
9124,298975232,610.817395,train,1.36829162,0.000109760733271,0.24564905,534914.36,13073.10
9125,299008000,610.875672,train,1.44650841,0.000109730459659,0.25657898,535957.95,13073.10
9126,299040768,610.933040,train,1.42112112,0.000109700232556,0.24647446,537232.48,13073.10
9127,299073536,610.990568,train,1.39816761,0.000109670051963,0.25366202,538365.17,13073.10
9128,299106304,611.048202,train,1.42956495,0.000109639917885,0.24529336,539388.50,13073.10
9129,299139072,611.105306,train,1.43938553,0.000109609830323,0.24889795,540507.15,13073.10
9130,299171840,611.163169,train,1.38979733,0.000109579789282,0.24360967,541328.81,13073.10
9131,299204608,611.220699,train,1.40979886,0.000109549794765,0.25140589,542196.69,13073.10
9132,299237376,611.277445,train,1.43595576,0.000109519846775,0.24894749,543233.06,13073.10
9133,299270144,611.334862,train,1.41924644,0.000109489945314,0.24612360,544026.39,13073.10
9134,299302912,611.392341,train,1.39652848,0.000109460090387,0.24970609,544759.01,13073.10
9135,299335680,611.449880,train,1.38880575,0.000109430281995,0.24672192,545435.89,13073.10
9136,299368448,611.507141,train,1.46420228,0.000109400520144,0.25123867,546146.71,13073.10
9137,299401216,611.564269,train,1.44244158,0.000109370804834,0.25546372,546853.91,13073.10
9138,299433984,611.621836,train,1.44229341,0.000109341136071,0.25285214,547419.85,13073.10
9139,299466752,611.679420,train,1.43300724,0.000109311513856,0.25370038,547953.64,13073.10
9140,299499520,611.736460,train,1.39536285,0.000109281938193,0.24436928,548586.98,13073.10
9141,299532288,611.793998,train,1.43239737,0.000109252409086,0.25276989,549078.73,13073.10
9142,299565056,611.851116,train,1.37242532,0.000109222926536,0.25453326,549640.13,13073.10
9143,299597824,611.909764,train,1.40575588,0.000109193490548,0.24968341,549848.00,13073.10
9144,299630592,611.967483,train,1.39884472,0.000109164101124,0.24635682,550241.56,13073.10
9145,299663360,612.025034,train,1.45894682,0.000109134758268,0.25777152,550652.78,13073.10
9146,299696128,612.081942,train,1.39843512,0.000109105461982,0.25497216,551176.21,13073.10
9147,299728896,612.139073,train,1.42637300,0.00010907621227,0.24615398,551634.14,13073.10
9148,299761664,612.196067,train,1.42995417,0.000109047009135,0.25453198,552100.42,13073.10
9149,299794432,612.253748,train,1.40745008,0.00010901785258,0.24426745,552417.75,13073.10
9150,299827200,612.311541,train,1.39786983,0.000108988742607,0.24573345,552701.81,13073.10
9151,299859968,612.368849,train,1.37810159,0.000108959679221,0.25051960,553063.80,13073.10
9152,299892736,612.425466,train,1.42544115,0.000108930662424,0.24932872,553536.65,13073.10
9153,299925504,612.482730,train,1.35902977,0.000108901692219,0.24620453,553877.94,13073.10
9154,299958272,612.539978,train,1.39812064,0.000108872768609,0.24755669,554209.81,13073.10
9155,299991040,612.597845,train,1.40003586,0.000108843891598,0.24823408,554424.32,13073.10
9156,300023808,612.655480,train,1.39936328,0.000108815061188,0.24928808,554670.26,13073.10
9157,300056576,612.713989,train,1.45080280,0.000108786277382,0.25189000,554763.86,13073.10
9158,300089344,612.771485,train,1.38064218,0.000108757540184,0.24615231,555018.30,13073.10
9159,300122112,612.828977,train,1.39629662,0.000108728849596,0.24537721,555264.89,13073.10
9160,300154880,612.887515,train,1.42051971,0.000108700205622,0.24689715,555339.31,13073.10
9161,300187648,612.945211,train,1.40698385,0.000108671608264,0.24956979,555541.65,13073.10
9162,300220416,613.002796,train,1.43244636,0.000108643057526,0.24666660,555754.10,13073.10
9163,300253184,613.059933,train,1.48432672,0.00010861455341,0.25068247,556027.26,13073.10
9164,300285952,613.118050,train,1.40188825,0.00010858609592,0.24619077,556147.38,13073.10
9165,300318720,613.175598,train,1.39593053,0.000108557685059,0.24918412,556346.70,13073.10
9166,300351488,613.233023,train,1.41456020,0.000108529320829,0.25152454,556557.70,13073.10
9167,300384256,613.291092,train,1.41281259,0.000108501003233,0.25395572,556671.59,13073.10
9168,300417024,613.348431,train,1.42271948,0.000108472732276,0.25108108,556883.78,13073.10
9169,300449792,613.405795,train,1.43338871,0.000108444507958,0.25124145,557086.56,13073.10
9170,300482560,613.463312,train,1.45584559,0.000108416330285,0.25179383,557262.96,13073.10
9171,300515328,613.520506,train,1.45192146,0.000108388199257,0.24945788,557477.56,13073.10
9172,300548096,613.577909,train,1.36766195,0.00010836011488,0.24992378,557658.90,13073.10
9173,300580864,613.635525,train,1.51698744,0.000108332077154,0.39144728,557807.74,13073.10
9174,300613632,613.692327,train,1.40027416,0.000108304086085,0.24631578,558057.02,13073.10
9175,300646400,613.749361,train,1.36569762,0.000108276141673,0.24867535,558270.57,13073.10
9176,300679168,613.806714,train,1.38106346,0.000108248243923,0.25119254,558438.64,13073.10
9177,300711936,613.864116,train,1.38734674,0.000108220392837,0.24458942,558596.30,13073.10
9178,300744704,613.920895,train,1.42237949,0.000108192588418,0.25869295,558826.25,13073.10
9179,300777472,613.979452,train,1.41061711,0.00010816483067,0.26449353,558835.89,13073.10
9180,300810240,614.036497,train,1.43958235,0.000108137119594,0.24747996,559025.51,13073.10
9181,300843008,614.093864,train,1.43832874,0.000108109455195,0.24799682,559172.62,13073.10
9182,300875776,614.150957,train,1.39554715,0.000108081837474,0.25096053,559348.18,13073.10
9183,300908544,614.208340,train,1.43072319,0.000108054266436,0.24946672,559486.15,13073.10
9184,300941312,614.265263,train,1.43572330,0.000108026742082,0.25702861,559673.29,13073.10
9185,300974080,614.322826,train,1.39364195,0.000107999264416,0.24338919,559784.18,13073.10
9186,301006848,614.380396,train,1.40995979,0.00010797183344,0.24580316,559891.73,13073.10
9187,301039616,614.437141,train,1.41084599,0.000107944449158,0.24677819,560087.60,13073.10
9188,301072384,614.494195,train,1.38042498,0.000107917111572,0.25521991,560245.56,13073.10
9189,301105152,614.551767,train,1.41939342,0.000107889820685,0.24901892,560344.09,13073.10
9190,301137920,614.609118,train,1.40553141,0.000107862576501,0.25604466,560464.18,13073.10
9191,301170688,614.666455,train,1.43443120,0.000107835379021,0.25043914,560583.10,13073.10
9192,301203456,614.723813,train,1.41613817,0.00010780822825,0.24421474,560697.32,13073.10
9193,301236224,614.780769,train,1.42706048,0.000107781124189,0.24650510,560850.66,13073.10
9194,301268992,614.837797,train,1.40542340,0.000107754066841,0.24725394,560993.38,13073.10
9195,301301760,614.895240,train,1.43570161,0.000107727056211,0.24770398,561091.26,13073.10
9196,301334528,614.952055,train,1.45346427,0.000107700092299,0.25071448,561249.99,13073.10
9197,301367296,615.010128,train,1.43617702,0.00010767317511,0.24814445,561280.79,13073.10
9198,301400064,615.067333,train,1.35583389,0.000107646304646,0.25191590,561396.19,13073.10
9199,301432832,615.124890,train,1.38536453,0.000107619480909,0.25466713,561475.02,13073.10
9200,301465600,615.182423,train,1.35299480,0.000107592703904,0.24650867,561554.75,13073.10
9200,301465600,615.519915,valid,1.41452286,0.000107592703904,,561554.75,13073.10
9201,301498368,615.685396,train,1.39999104,0.000107565973631,0.23825744,199808.71,13073.10
9202,301531136,615.743552,train,1.41083193,0.000107539290095,0.25129831,295004.49,13073.10
9203,301563904,615.801709,train,1.39086032,0.000107512653299,0.24856927,350697.64,13073.10
9204,301596672,615.859195,train,1.41456938,0.000107486063244,0.25212169,388021.48,13073.10
9205,301629440,615.916540,train,1.40643191,0.000107459519934,0.25038061,414637.21,13073.10
9206,301662208,615.973973,train,1.42890573,0.000107433023372,0.25310808,434421.46,13073.10
9207,301694976,616.031476,train,1.46908820,0.00010740657356,0.25724068,449688.75,13073.10
9208,301727744,616.088799,train,1.40669131,0.000107380170501,0.25085694,462009.29,13073.10
9209,301760512,616.145764,train,1.42781401,0.000107353814198,0.24729520,472339.00,13073.10
9210,301793280,616.202859,train,1.38528574,0.000107327504654,0.24899514,480850.12,13073.10
9211,301826048,616.260039,train,1.42655647,0.000107301241871,0.25095028,487989.07,13073.10
9212,301858816,616.317336,train,1.43926752,0.000107275025853,0.25511059,494029.25,13073.10
9213,301891584,616.374580,train,1.44159460,0.000107248856602,0.24553002,499289.34,13073.10
9214,301924352,616.431268,train,1.42664444,0.00010722273412,0.24978641,504195.60,13073.10
9215,301957120,616.488953,train,1.40770483,0.000107196658411,0.25053555,508002.87,13073.10
9216,301989888,616.546530,train,1.38657188,0.000107170629478,0.24454999,511434.95,13073.10
9217,302022656,616.604090,train,1.39354944,0.000107144647323,0.24688441,514510.86,13073.10
9218,302055424,616.661558,train,1.40050614,0.000107118711948,0.25252128,517317.44,13073.10
9219,302088192,616.718822,train,1.42983556,0.000107092823357,0.25440446,519943.22,13073.10
9220,302120960,616.776434,train,1.43021190,0.000107066981553,0.25142902,522184.73,13073.10
9221,302153728,616.833522,train,1.45913720,0.000107041186537,0.24981225,524438.81,13073.10
9222,302186496,616.890559,train,1.44493103,0.000107015438313,0.24234343,526524.44,13073.10
9223,302219264,616.947570,train,1.44281209,0.000106989736884,0.24825625,528452.67,13073.10
9224,302252032,617.004889,train,1.42775929,0.000106964082252,0.25143775,530122.91,13073.10
9225,302284800,617.061811,train,1.42021811,0.00010693847442,0.24596751,531805.89,13073.10
9226,302317568,617.118878,train,1.46844888,0.00010691291339,0.24833934,533320.35,13073.10
9227,302350336,617.175985,train,1.38447309,0.000106887399166,0.24403329,534717.67,13073.10
9228,302383104,617.232798,train,1.36212325,0.00010686193175,0.24616422,536113.60,13073.10
9229,302415872,617.290373,train,1.38264322,0.000106836511145,0.25154606,537188.30,13073.10
9230,302448640,617.347027,train,1.41524506,0.000106811137352,0.24876311,538466.83,13073.10
9231,302481408,617.404834,train,1.38352704,0.000106785810376,0.24528651,539338.00,13073.10
9232,302514176,617.461635,train,1.39350414,0.000106760530219,0.24849117,540437.39,13073.10
9233,302546944,617.519754,train,1.38541257,0.000106735296883,0.24916011,541117.01,13073.10
9234,302579712,617.577031,train,1.39056313,0.000106710110372,0.25147018,541980.19,13073.10
9235,302612480,617.634731,train,1.38622081,0.000106684970687,0.24697664,542688.05,13073.10
9236,302645248,617.692169,train,1.44397211,0.000106659877831,0.25349525,543423.80,13073.10
9237,302678016,617.749248,train,1.42583704,0.000106634831807,0.25739694,544209.31,13073.10
9238,302710784,617.806021,train,1.42641938,0.000106609832619,0.25032893,545028.46,13073.10
9239,302743552,617.862931,train,1.41108489,0.000106584880267,0.24670628,545776.09,13073.10
9240,302776320,617.919513,train,1.42466509,0.000106559974756,0.25579876,546562.96,13073.10
9241,302809088,617.976227,train,1.42832518,0.000106535116087,0.24653611,547284.10,13073.10
9242,302841856,618.033295,train,1.42922544,0.000106510304263,0.24559833,547895.37,13073.10
9243,302874624,618.090168,train,1.43214691,0.000106485539287,0.25042108,548521.11,13073.10
9244,302907392,618.147401,train,1.38829613,0.000106460821162,0.24359924,549044.65,13073.10
9245,302940160,618.204074,train,1.40829766,0.000106436149889,0.24787480,549660.39,13073.10
9246,302972928,618.261618,train,1.43443966,0.000106411525473,0.25043359,550075.75,13073.10
9247,303005696,618.318888,train,1.41434264,0.000106386947915,0.25098535,550528.10,13073.10
9248,303038464,618.375183,train,1.38893199,0.000106362417217,0.24944155,551150.42,13073.10
9249,303071232,618.432756,train,1.36578584,0.000106337933383,0.25531313,551506.43,13073.10
9250,303104000,618.489901,train,1.44590497,0.000106313496415,0.26039812,551928.26,13073.10
9251,303136768,618.547849,train,1.36899829,0.000106289106316,0.24554265,552187.52,13073.10
9252,303169536,618.604975,train,1.43496656,0.000106264763088,0.25352401,552584.43,13073.10
9253,303202304,618.661848,train,1.41591311,0.000106240466734,0.25528488,553011.41,13073.10
9254,303235072,618.718985,train,1.40695143,0.000106216217256,0.25286764,553377.49,13073.10
9255,303267840,618.775873,train,1.40470719,0.000106192014657,0.24946870,553773.15,13073.10
9256,303300608,618.832939,train,1.37862766,0.000106167858939,0.24705467,554125.27,13073.10
9257,303333376,618.890010,train,1.39920545,0.000106143750106,0.24908802,554464.80,13073.10
9258,303366144,618.946168,train,1.40087664,0.000106119688159,0.24921757,554940.85,13073.10
9259,303398912,619.002772,train,1.42363429,0.000106095673101,0.24807177,555330.26,13073.10
9260,303431680,619.059355,train,1.38104630,0.000106071704935,0.25129303,555710.76,13073.10
9261,303464448,619.116361,train,1.46181679,0.000106047783663,0.24975215,556013.70,13073.10
9262,303497216,619.172883,train,1.38687491,0.000106023909288,0.25014094,556380.96,13073.10
9263,303529984,619.229940,train,1.36645424,0.000106000081812,0.24364108,556656.72,13073.10
9264,303562752,619.287436,train,1.44152045,0.000105976301238,0.24983793,556859.09,13073.10
9265,303595520,619.344032,train,1.40382671,0.000105952567568,0.24946100,557186.70,13073.10
9266,303628288,619.400876,train,1.36131358,0.000105928880805,0.24909489,557469.05,13073.10
9267,303661056,619.457904,train,1.41785908,0.000105905240951,0.24674268,557717.03,13073.10
9268,303693824,619.513965,train,1.41894817,0.000105881648008,0.25241607,558093.24,13073.10
9269,303726592,619.571197,train,1.40182710,0.000105858101981,0.24402805,558297.45,13073.10
9270,303759360,619.628528,train,1.45205140,0.000105834602869,0.25474092,558482.59,13073.10
9271,303792128,619.685226,train,1.39886642,0.000105811150677,0.25067094,558747.49,13073.10
9272,303824896,619.741756,train,1.37860608,0.000105787745407,0.24896953,559027.59,13073.10
9273,303857664,619.798296,train,1.43713129,0.000105764387061,0.25384486,559298.94,13073.10
9274,303890432,619.854953,train,1.41040289,0.000105741075642,0.24970964,559548.18,13073.10
9275,303923200,619.911820,train,1.39554107,0.000105717811152,0.25037295,559764.07,13073.10
9276,303955968,619.968596,train,1.39710355,0.000105694593593,0.25411057,559986.07,13073.10
9277,303988736,620.025492,train,1.40964282,0.000105671422968,0.24805829,560187.40,13073.10
9278,304021504,620.082486,train,1.42846882,0.00010564829928,0.24272665,560371.71,13073.10
9279,304054272,620.139370,train,1.40177703,0.000105625222531,0.25074467,560564.86,13073.10
9280,304087040,620.195784,train,1.41385961,0.000105602192723,0.24627231,560809.61,13073.10
9281,304119808,620.252399,train,1.39292645,0.000105579209858,0.25301591,561024.70,13073.10
9282,304152576,620.309386,train,1.39739966,0.00010555627394,0.25207666,561191.17,13073.10
9283,304185344,620.366303,train,1.38093424,0.000105533384971,0.25429431,561361.78,13073.10
9284,304218112,620.423565,train,1.37716079,0.000105510542953,0.25182775,561488.93,13073.10
9285,304250880,620.480354,train,1.42163014,0.000105487747888,0.24843735,561666.70,13073.10
9286,304283648,620.537110,train,1.39310169,0.000105464999779,0.25336990,561844.16,13073.10
9287,304316416,620.594482,train,1.39831972,0.000105442298628,0.24806567,561949.45,13073.10
9288,304349184,620.651719,train,1.36065984,0.000105419644438,0.25017136,562067.14,13073.10
9289,304381952,620.708953,train,1.42013466,0.000105397037211,0.24640147,562182.49,13073.10
9290,304414720,620.765937,train,1.39047837,0.00010537447695,0.24600361,562322.21,13073.10
9291,304447488,620.823754,train,1.40626121,0.000105351963656,0.24816458,562370.51,13073.10
9292,304480256,620.880578,train,1.36331403,0.000105329497333,0.24684337,562522.08,13073.10
9293,304513024,620.937620,train,1.41165733,0.000105307077982,0.24344024,562647.66,13073.10
9294,304545792,620.993998,train,1.39261961,0.000105284705606,0.25155082,562838.95,13073.10
9295,304578560,621.050604,train,1.40984917,0.000105262380207,0.25876388,563003.21,13073.10
9296,304611328,621.107426,train,1.45398211,0.000105240101788,0.25270045,563142.29,13073.10
9297,304644096,621.163741,train,1.35013962,0.000105217870352,0.24539660,563329.28,13073.10
9298,304676864,621.220689,train,1.42513633,0.000105195685899,0.25844720,563449.86,13073.10
9299,304709632,621.277391,train,1.39684606,0.000105173548433,0.25302827,563592.14,13073.10
9300,304742400,621.334545,train,1.41702914,0.000105151457957,0.25210863,563687.89,13073.10
9300,304742400,621.671687,valid,1.41373724,0.000105151457957,,563687.89,13073.10
9301,304775168,621.836939,train,1.37550080,0.000105129414471,0.24677050,199658.22,13073.10
9302,304807936,621.894972,train,1.39760327,0.00010510741798,0.25295523,295003.03,13073.10
9303,304840704,621.952183,train,1.39522278,0.000105085468484,0.25085184,351884.37,13073.10
9304,304873472,622.009467,train,1.39496636,0.000105063565987,0.25945553,389344.12,13073.10
9305,304906240,622.066946,train,1.38864481,0.00010504171049,0.26700878,415703.11,13073.10
9306,304939008,622.124049,train,1.43012035,0.000105019901997,0.24962719,435715.75,13073.10
9307,304971776,622.180280,train,1.42427480,0.000104998140509,0.25021976,452007.41,13073.10
9308,305004544,622.237059,train,1.39974499,0.000104976426028,0.24373652,464596.22,13073.10
9309,305037312,622.293808,train,1.41529560,0.000104954758557,0.26486737,474906.61,13073.10
9310,305070080,622.351019,train,1.41049826,0.000104933138099,0.25280991,483161.28,13073.10
9311,305102848,622.407543,train,1.40491974,0.000104911564655,0.24185973,490589.42,13073.10
9312,305135616,622.463831,train,1.38695765,0.000104890038227,0.25193650,497104.85,13073.10
9313,305168384,622.520202,train,1.39656615,0.000104868558819,0.24729617,502705.09,13073.10
9314,305201152,622.576775,train,1.44682014,0.000104847126432,0.26127276,507493.41,13073.10
9315,305233920,622.633672,train,1.35772991,0.000104825741068,0.25072992,511545.46,13073.10
9316,305266688,622.690429,train,1.36747813,0.00010480440273,0.25498721,515215.03,13073.10
9317,305299456,622.747121,train,1.40506816,0.000104783111421,0.24720700,518527.95,13073.10
9318,305332224,622.804411,train,1.41812217,0.000104761867141,0.24679790,521233.53,13073.10
9319,305364992,622.861181,train,1.40527439,0.000104740669894,0.24290536,523907.53,13073.10
9320,305397760,622.918058,train,1.39239693,0.000104719519682,0.25048316,526292.24,13073.10
9321,305430528,622.974732,train,1.41560256,0.000104698416507,0.24775547,528551.19,13073.10
9322,305463296,623.031517,train,1.34888732,0.000104677360371,0.24841794,530578.26,13073.10
9323,305496064,623.089890,train,1.39696169,0.000104656351277,0.24962032,531846.08,13073.10
9324,305528832,623.147060,train,1.44961441,0.000104635389227,0.26003140,533448.34,13073.10
9325,305561600,623.204086,train,1.41129744,0.000104614474222,0.25210333,534981.69,13073.10
9326,305594368,623.260815,train,1.34217906,0.000104593606265,0.24519528,536504.90,13073.10
9327,305627136,623.317925,train,1.40667963,0.000104572785359,0.24711429,537798.62,13073.10
9328,305659904,623.374983,train,1.41528296,0.000104552011505,0.24544162,539021.78,13073.10
9329,305692672,623.431803,train,1.36579633,0.000104531284706,0.24139529,540238.95,13073.10
9330,305725440,623.488486,train,1.46816027,0.000104510604964,0.25556549,541420.91,13073.10
9331,305758208,623.545125,train,1.40093231,0.000104489972281,0.24456790,542543.63,13073.10
9332,305790976,623.601893,train,1.42730618,0.000104469386659,0.24883488,543564.42,13073.10
9333,305823744,623.658082,train,1.43336391,0.000104448848101,0.25347963,544685.16,13073.10
9334,305856512,623.715138,train,1.35351074,0.000104428356608,0.24726237,545512.94,13073.10
9335,305889280,623.772016,train,1.44279218,0.000104407912183,0.24866134,546342.02,13073.10
9336,305922048,623.828798,train,1.38585711,0.000104387514828,0.24112165,547151.81,13073.10
9337,305954816,623.886599,train,1.40354776,0.000104367164545,0.25193131,547667.74,13073.10
9338,305987584,623.944120,train,1.38943303,0.000104346861337,0.25126663,548225.05,13073.10
9339,306020352,624.000763,train,1.40621960,0.000104326605204,0.25098649,548961.60,13073.10
9340,306053120,624.057456,train,1.41872406,0.000104306396151,0.25133047,549651.60,13073.10
9341,306085888,624.115023,train,1.40009117,0.000104286234178,0.24773002,550112.97,13073.10
9342,306118656,624.171960,train,1.39170265,0.000104266119287,0.24460328,550691.50,13073.10
9343,306151424,624.228524,train,1.43107796,0.000104246051482,0.25129902,551324.93,13073.10
9344,306184192,624.284933,train,1.35945785,0.000104226030764,0.24659072,551963.52,13073.10
9345,306216960,624.342094,train,1.43015313,0.000104206057134,0.24985917,552419.64,13073.10
9346,306249728,624.399778,train,1.43198264,0.000104186130596,0.25254408,552750.21,13073.10
9347,306282496,624.457598,train,1.43873346,0.000104166251152,0.25444427,553040.63,13073.10
9348,306315264,624.515196,train,1.43158638,0.000104146418803,0.25151458,553361.89,13073.10
9349,306348032,624.572432,train,1.41357946,0.000104126633551,0.25445014,553740.01,13073.10
9350,306380800,624.629920,train,1.47567463,0.000104106895399,0.26049235,554056.10,13073.10
9351,306413568,624.687801,train,1.40575194,0.000104087204349,0.25704846,554287.73,13073.10
9352,306446336,624.745303,train,1.42584229,0.000104067560403,0.24954021,554579.08,13073.10
9353,306479104,624.802437,train,1.37394011,0.000104047963563,0.24415328,554925.23,13073.10
9354,306511872,624.858993,train,1.43912637,0.00010402841383,0.25602770,555359.40,13073.10
9355,306544640,624.915411,train,1.46953082,0.000104008911208,0.26276442,555802.22,13073.10
9356,306577408,624.972800,train,1.40082812,0.000103989455697,0.25005889,556066.17,13073.10
9357,306610176,625.029053,train,1.38963890,0.000103970047301,0.24586754,556509.44,13073.10
9358,306642944,625.085946,train,1.36718166,0.000103950686021,0.24361336,556833.64,13073.10
9359,306675712,625.143806,train,1.39655387,0.000103931371859,0.24808827,556991.94,13073.10
9360,306708480,625.200944,train,1.36794794,0.000103912104818,0.24357431,557259.15,13073.10
9361,306741248,625.257892,train,1.37513733,0.000103892884899,0.24414557,557547.35,13073.10
9362,306774016,625.314676,train,1.39080811,0.000103873712104,0.24485330,557851.38,13073.10
9363,306806784,625.372959,train,1.39014649,0.000103854586435,0.24708202,557920.36,13073.10
9364,306839552,625.432195,train,1.39757705,0.000103835507895,0.24394360,557845.64,13073.10
9365,306872320,625.489359,train,1.40707397,0.000103816476485,0.25595370,558076.08,13073.10
9366,306905088,625.546756,train,1.45550954,0.000103797492208,0.26081246,558266.20,13073.10
9367,306937856,625.604167,train,1.39976811,0.000103778555065,0.25266454,558448.66,13073.10
9368,306970624,625.661593,train,1.41051197,0.000103759665059,0.24484964,558623.75,13073.10
9369,307003392,625.718834,train,1.41176915,0.000103740822191,0.25101143,558819.42,13073.10
9370,307036160,625.776545,train,1.40804911,0.000103722026463,0.26034540,558945.61,13073.10
9371,307068928,625.833895,train,1.41170454,0.000103703277878,0.24129593,559116.88,13073.10
9372,307101696,625.890944,train,1.37613225,0.000103684576437,0.25184095,559323.32,13073.10
9373,307134464,625.948068,train,1.41690588,0.000103665922143,0.25669903,559514.43,13073.10
9374,307167232,626.005020,train,1.42000651,0.000103647314996,0.25593531,559722.81,13073.10
9375,307200000,626.062563,train,1.42495477,0.000103628755001,0.25317159,559850.30,13073.10
9376,307232768,626.118223,train,1.43687427,0.000103610242157,0.25163350,560211.75,13073.10
9377,307265536,626.175754,train,1.40241790,0.000103591776467,0.25437635,560331.34,13073.10
9378,307298304,626.232480,train,1.39677775,0.000103573357934,0.25395122,560546.87,13073.10
9379,307331072,626.288957,train,1.42011368,0.000103554986559,0.25287765,560787.35,13073.10
9380,307363840,626.345546,train,1.40071464,0.000103536662344,0.24511789,561008.58,13073.10
9381,307396608,626.402093,train,1.40471721,0.000103518385291,0.24767846,561229.37,13073.10
9382,307429376,626.458797,train,1.42592335,0.000103500155401,0.24615154,561426.71,13073.10
9383,307462144,626.516517,train,1.44477808,0.000103481972678,0.25037220,561501.55,13073.10
9384,307494912,626.573055,train,1.46201825,0.000103463837122,0.25823942,561709.99,13073.10
9385,307527680,626.630302,train,1.41128206,0.000103445748736,0.25203690,561833.45,13073.10
9386,307560448,626.687406,train,1.38220048,0.000103427707521,0.25903323,561970.07,13073.10
9387,307593216,626.743580,train,1.38203263,0.000103409713481,0.24507192,562206.73,13073.10
9388,307625984,626.800568,train,1.39357638,0.000103391766615,0.24842018,562348.85,13073.10
9389,307658752,626.857878,train,1.39921808,0.000103373866927,0.24660559,562453.00,13073.10
9390,307691520,626.914554,train,1.43852544,0.000103356014417,0.25378585,562622.85,13073.10
9391,307724288,626.972416,train,1.37639356,0.000103338209089,0.24904014,562663.17,13073.10
9392,307757056,627.029525,train,1.41687083,0.000103320450944,0.24789439,562781.63,13073.10
9393,307789824,627.086024,train,1.45330787,0.000103302739984,0.25161889,562961.06,13073.10
9394,307822592,627.143120,train,1.36555910,0.00010328507621,0.24977107,563075.35,13073.10
9395,307855360,627.201028,train,1.43317449,0.000103267459625,0.25846037,563104.52,13073.10
9396,307888128,627.258294,train,1.42646396,0.00010324989023,0.25130510,563197.90,13073.10
9397,307920896,627.314939,train,1.50038648,0.000103232368028,0.26366654,563351.37,13073.10
9398,307953664,627.371952,train,1.39328957,0.000103214893019,0.25091958,563465.30,13073.10
9399,307986432,627.428792,train,1.37836266,0.000103197465207,0.24891067,563594.00,13073.10
9400,308019200,627.485855,train,1.37759447,0.000103180084592,0.24039595,563698.47,13073.10
9400,308019200,627.823266,valid,1.41295314,0.000103180084592,,563698.47,13073.10
9401,308051968,627.990319,train,1.36774671,0.000103162751178,0.24551603,197752.42,13073.10
9402,308084736,628.047211,train,1.43959785,0.000103145464964,0.24948637,294418.44,13073.10
9403,308117504,628.104753,train,1.46705568,0.000103128225954,0.26045585,350914.04,13073.10
9404,308150272,628.162256,train,1.39485490,0.000103111034149,0.25037211,388200.79,13073.10
9405,308183040,628.219388,train,1.41605937,0.000103093889551,0.25567108,415024.76,13073.10
9406,308215808,628.276567,train,1.36769927,0.000103076792161,0.24328390,435021.30,13073.10
9407,308248576,628.332692,train,1.44971991,0.000103059741983,0.25280461,451460.81,13073.10
9408,308281344,628.389506,train,1.43072820,0.000103042739016,0.25181904,464062.19,13073.10
9409,308314112,628.446883,train,1.42629600,0.000103025783264,0.25390938,473932.09,13073.10
9410,308346880,628.504055,train,1.36594617,0.000103008874727,0.24594124,482280.12,13073.10
9411,308379648,628.561299,train,1.46235657,0.000102992013409,0.25539413,489285.62,13073.10
9412,308412416,628.617840,train,1.47732937,0.00010297519931,0.24906121,495719.16,13073.10
9413,308445184,628.674461,train,1.35854483,0.000102958432432,0.24798813,501249.44,13073.10
9414,308477952,628.729835,train,1.39378858,0.000102941712777,0.24570712,506786.25,13073.10
9415,308510720,628.786445,train,1.40865433,0.000102925040347,0.25366518,511026.47,13073.10
9416,308543488,628.841931,train,1.38074589,0.000102908415144,0.24885207,515364.84,13073.10
9417,308576256,628.898158,train,1.43771839,0.000102891837168,0.25628814,518895.52,13073.10
9418,308609024,628.954989,train,1.34821594,0.000102875306423,0.24262522,521795.94,13073.10
9419,308641792,629.012112,train,1.35850739,0.00010285882291,0.24499869,524290.16,13073.10
9420,308674560,629.068553,train,1.39330816,0.000102842386631,0.25481629,526843.54,13073.10
9421,308707328,629.125276,train,1.41245246,0.000102825997587,0.26401499,529060.96,13073.10
9422,308740096,629.182073,train,1.43252325,0.000102809655779,0.24878061,531063.88,13073.10
9423,308772864,629.239055,train,1.39570379,0.000102793361211,0.25112784,532836.11,13073.10
9424,308805632,629.295386,train,1.40723026,0.000102777113883,0.25067440,534707.69,13073.10
9425,308838400,629.352450,train,1.39774561,0.000102760913797,0.24784961,536183.99,13073.10
9426,308871168,629.408928,train,1.40242958,0.000102744760955,0.24956177,537752.87,13073.10
9427,308903936,629.465606,train,1.40574312,0.000102728655359,0.25245103,539147.92,13073.10
9428,308936704,629.522391,train,1.43232059,0.00010271259701,0.24681032,540415.82,13073.10
9429,308969472,629.578759,train,1.43203878,0.00010269658591,0.24626702,541729.94,13073.10
9430,309002240,629.635356,train,1.42400205,0.000102680622061,0.24592507,542894.06,13073.10
9431,309035008,629.692366,train,1.37878394,0.000102664705464,0.24858561,543867.49,13073.10
9432,309067776,629.748536,train,1.39633417,0.000102648836122,0.24762793,545020.55,13073.10
9433,309100544,629.805476,train,1.41879439,0.000102633014035,0.25501204,545896.27,13073.10
9434,309133312,629.862560,train,1.42012024,0.000102617239205,0.24745199,546684.53,13073.10
9435,309166080,629.918997,train,1.40810394,0.000102601511635,0.24422108,547598.70,13073.10
9436,309198848,629.975822,train,1.38173115,0.000102585831325,0.24570894,548365.98,13073.10
9437,309231616,630.032661,train,1.41012406,0.000102570198278,0.24772599,549090.35,13073.10
9438,309264384,630.089133,train,1.39673018,0.000102554612495,0.24886456,549867.57,13073.10
9439,309297152,630.145609,train,1.41939783,0.000102539073978,0.24485835,550605.94,13073.10
9440,309329920,630.202759,train,1.38273621,0.000102523582728,0.24277546,551152.93,13073.10
9441,309362688,630.259475,train,1.39664602,0.000102508138746,0.24761201,551772.41,13073.10
9442,309395456,630.316104,train,1.38815141,0.000102492742036,0.25138137,552383.19,13073.10
9443,309428224,630.373020,train,1.43985605,0.000102477392598,0.25375608,552904.45,13073.10
9444,309460992,630.429497,train,1.38721061,0.000102462090433,0.24725497,553496.32,13073.10
9445,309493760,630.485963,train,1.37306571,0.000102446835545,0.24149849,554065.38,13073.10
9446,309526528,630.542733,train,1.41758394,0.000102431627933,0.25233972,554548.77,13073.10
9447,309559296,630.598809,train,1.42553735,0.0001024164676,0.25174394,555151.09,13073.10
9448,309592064,630.654748,train,1.43806553,0.000102401354547,0.24572776,555756.37,13073.10
9449,309624832,630.712381,train,1.41973686,0.000102386288776,0.24879248,556012.11,13073.10
9450,309657600,630.768909,train,1.41985559,0.000102371270289,0.24615930,556466.38,13073.10
9451,309690368,630.825688,train,1.40856826,0.000102356299086,0.25048286,556857.15,13073.10
9452,309723136,630.881983,train,1.44932258,0.000102341375171,0.25096270,557321.42,13073.10
9453,309755904,630.938959,train,1.42539454,0.000102326498543,0.24960607,557647.04,13073.10
9454,309788672,630.995762,train,1.38533711,0.000102311669206,0.24663483,557991.35,13073.10
9455,309821440,631.052444,train,1.40251875,0.000102296887159,0.24355097,558344.64,13073.10
9456,309854208,631.108545,train,1.46609902,0.000102282152406,0.25346339,558784.35,13073.10
9457,309886976,631.165202,train,1.38860798,0.000102267464947,0.24709120,559116.29,13073.10
9458,309919744,631.221259,train,1.40935397,0.000102252824785,0.24303050,559536.05,13073.10
9459,309952512,631.278264,train,1.38505995,0.000102238231919,0.24796686,559788.43,13073.10
9460,309985280,631.334549,train,1.39103723,0.000102223686353,0.25252086,560147.52,13073.10
9461,310018048,631.391277,train,1.40649211,0.000102209188088,0.24552839,560425.70,13073.10
9462,310050816,631.446696,train,1.44534206,0.000102194737125,0.24731901,560897.55,13073.10
9463,310083584,631.504066,train,1.40025175,0.000102180333465,0.24685904,561057.76,13073.10
9464,310116352,631.561149,train,1.42961025,0.000102165977111,0.24830672,561256.19,13073.10
9465,310149120,631.616594,train,1.42149067,0.000102151668064,0.25088847,561691.16,13073.10
9466,310181888,631.673093,train,1.44071305,0.000102137406325,0.25311080,561959.44,13073.10
9467,310214656,631.730713,train,1.38420820,0.000102123191895,0.23513995,562058.88,13073.10
9468,310247424,631.787484,train,1.37531376,0.000102109024777,0.25332582,562275.71,13073.10
9469,310280192,631.842814,train,1.41626143,0.000102094904972,0.25694245,562688.08,13073.10
9470,310312960,631.899610,train,1.33969498,0.000102080832481,0.24268414,562886.81,13073.10
9471,310345728,631.956286,train,1.39191234,0.000102066807306,0.24450563,563096.31,13073.10
9472,310378496,632.012958,train,1.37850332,0.000102052829448,0.23963287,563300.72,13073.10
9473,310411264,632.069684,train,1.45790553,0.000102038898908,0.24549733,563492.57,13073.10
9474,310444032,632.126031,train,1.42316151,0.000102025015689,0.24601012,563729.01,13073.10
9475,310476800,632.181550,train,1.38478756,0.000102011179792,0.24487834,564066.54,13073.10
9476,310509568,632.238001,train,1.39156425,0.000101997391217,0.24914873,564276.19,13073.10
9477,310542336,632.294735,train,1.40951383,0.000101983649968,0.24801582,564444.97,13073.10
9478,310575104,632.350966,train,1.38877678,0.000101969956044,0.24559698,564672.33,13073.10
9479,310607872,632.407749,train,1.45830977,0.000101956309448,0.25465542,564825.88,13073.10
9480,310640640,632.464019,train,1.38685441,0.00010194271018,0.24859282,565038.24,13073.10
9481,310673408,632.520412,train,1.39889216,0.000101929158243,0.24489917,565230.77,13073.10
9482,310706176,632.576225,train,1.40712452,0.000101915653638,0.25038657,565487.63,13073.10
9483,310738944,632.633233,train,1.40363669,0.000101902196366,0.24438779,565598.03,13073.10
9484,310771712,632.688789,train,1.36252618,0.000101888786428,0.25422430,565874.54,13073.10
9485,310804480,632.746768,train,1.43429279,0.000101875423827,0.25359172,565866.31,13073.10
9486,310837248,632.803419,train,1.39800048,0.000101862108563,0.24691732,566009.16,13073.10
9487,310870016,632.860933,train,1.39480853,0.000101848840638,0.25103450,566051.80,13073.10
9488,310902784,632.918046,train,1.38711524,0.000101835620053,0.24531250,566137.97,13073.10
9489,310935552,632.975765,train,1.44716191,0.00010182244681,0.25552309,566155.67,13073.10
9490,310968320,633.033022,train,1.36868119,0.00010180932091,0.25343701,566223.19,13073.10
9491,311001088,633.090931,train,1.39126658,0.000101796242355,0.24333100,566219.09,13073.10
9492,311033856,633.148901,train,1.41887856,0.000101783211145,0.25535703,566208.62,13073.10
9493,311066624,633.206240,train,1.42917478,0.000101770227282,0.25065234,566264.75,13073.10
9494,311099392,633.262867,train,1.38790464,0.000101757290768,0.24683090,566393.87,13073.10
9495,311132160,633.319258,train,1.37875354,0.000101744401604,0.25774425,566544.66,13073.10
9496,311164928,633.376456,train,1.40823841,0.000101731559791,0.25094873,566610.02,13073.10
9497,311197696,633.433740,train,1.42948556,0.000101718765331,0.24999800,566665.33,13073.10
9498,311230464,633.491116,train,1.40261698,0.000101706018225,0.24992771,566710.44,13073.10
9499,311263232,633.548151,train,1.38714206,0.000101693318474,0.24573293,566788.18,13073.10
9500,311296000,633.605370,train,1.40033436,0.00010168066608,0.24587974,566846.49,13073.10
9500,311296000,633.942534,valid,1.41245075,0.00010168066608,,566846.49,13073.10
9501,311328768,634.107877,train,1.37647009,0.000101668061044,0.24480377,199595.89,13073.10
9502,311361536,634.165112,train,1.37449467,0.000101655503367,0.24698623,295999.47,13073.10
9503,311394304,634.222444,train,1.41731811,0.000101642993051,0.25628796,352675.71,13073.10
9504,311427072,634.279061,train,1.37155008,0.000101630530097,0.25037512,390846.61,13073.10
9505,311459840,634.335838,train,1.40367520,0.000101618114507,0.25203541,417819.26,13073.10
9506,311492608,634.392922,train,1.40992808,0.000101605746281,0.25052783,437669.80,13073.10
9507,311525376,634.450396,train,1.40720022,0.00010159342542,0.24843219,452695.08,13073.10
9508,311558144,634.506974,train,1.36265635,0.000101581151928,0.25150084,465398.70,13073.10
9509,311590912,634.563887,train,1.43515277,0.000101568925803,0.25030908,475525.93,13073.10
9510,311623680,634.621638,train,1.41538310,0.000101556747049,0.25447544,483352.56,13073.10
9511,311656448,634.678858,train,1.42404437,0.000101544615665,0.24880043,490304.62,13073.10
9512,311689216,634.735592,train,1.43752086,0.000101532531655,0.25234246,496556.20,13073.10
9513,311721984,634.792868,train,1.44571137,0.000101520495017,0.25172222,501652.34,13073.10
9514,311754752,634.849673,train,1.40199637,0.000101508505755,0.24532858,506367.21,13073.10
9515,311787520,634.906442,train,1.42592716,0.000101496563869,0.24441895,510545.24,13073.10
9516,311820288,634.963439,train,1.39613760,0.00010148466936,0.24819027,514142.27,13073.10
9517,311853056,635.020337,train,1.40629911,0.00010147282223,0.24911419,517406.71,13073.10
9518,311885824,635.077521,train,1.40420973,0.00010146102248,0.25172380,520212.07,13073.10
9519,311918592,635.134339,train,1.44542384,0.000101449270112,0.25058863,522908.52,13073.10
9520,311951360,635.191477,train,1.37429976,0.000101437565125,0.24353106,525224.61,13073.10
9521,311984128,635.249459,train,1.38053751,0.000101425907523,0.25291210,526997.28,13073.10
9522,312016896,635.306193,train,1.37991691,0.000101414297305,0.25185505,529103.00,13073.10
9523,312049664,635.362718,train,1.41330528,0.000101402734474,0.25441518,531119.18,13073.10
9524,312082432,635.418537,train,1.42276168,0.00010139121903,0.25631401,533235.56,13073.10
9525,312115200,635.475587,train,1.36038971,0.000101379750975,0.24820346,534767.40,13073.10
9526,312147968,635.532736,train,1.42416084,0.000101368330309,0.25104451,536156.19,13073.10
9527,312180736,635.588925,train,1.43137193,0.000101356957034,0.25233331,537761.89,13073.10
9528,312213504,635.646388,train,1.42952478,0.000101345631152,0.25052628,538858.08,13073.10
9529,312246272,635.703873,train,1.39271557,0.000101334352663,0.24790731,539876.14,13073.10
9530,312279040,635.760699,train,1.39752793,0.000101323121569,0.24980032,541025.78,13073.10
9531,312311808,635.817802,train,1.42539120,0.00010131193787,0.25131932,542025.52,13073.10
9532,312344576,635.874539,train,1.41354990,0.000101300801569,0.24977319,543069.33,13073.10
9533,312377344,635.931445,train,1.39586079,0.000101289712666,0.24741083,544006.94,13073.10
9534,312410112,635.988280,train,1.43318701,0.000101278671162,0.25751621,544911.58,13073.10
9535,312442880,636.046207,train,1.41734803,0.000101267677058,0.25103939,545483.86,13073.10
9536,312475648,636.103076,train,1.37014389,0.000101256730356,0.25066265,546292.78,13073.10
9537,312508416,636.160615,train,1.39186919,0.000101245831057,0.25935635,546894.98,13073.10
9538,312541184,636.216411,train,1.40397215,0.000101234979162,0.25346577,547886.47,13073.10
9539,312573952,636.274102,train,1.37975907,0.000101224174672,0.24597800,548383.95,13073.10
9540,312606720,636.331072,train,1.45931947,0.000101213417588,0.25416312,549023.61,13073.10
9541,312639488,636.388157,train,1.46452522,0.000101202707912,0.25956169,549607.38,13073.10
9542,312672256,636.445241,train,1.39240098,0.000101192045644,0.24779069,550164.75,13073.10
9543,312705024,636.502226,train,1.39707661,0.000101181430786,0.25113595,550718.42,13073.10
9544,312737792,636.559552,train,1.41600609,0.000101170863338,0.25877118,551176.21,13073.10
9545,312770560,636.615878,train,1.45947218,0.000101160343303,0.25304505,551820.94,13073.10
9546,312803328,636.672277,train,1.39261484,0.00010114987068,0.24651012,552424.07,13073.10
9547,312836096,636.729028,train,1.39286351,0.000101139445472,0.26084438,552932.89,13073.10
9548,312868864,636.786140,train,1.37311769,0.000101129067679,0.24445808,553351.20,13073.10
9549,312901632,636.843030,train,1.42930853,0.000101118737302,0.25106519,553795.24,13073.10
9550,312934400,636.900018,train,1.38215077,0.000101108454342,0.24681963,554204.03,13073.10
9551,312967168,636.956928,train,1.40684593,0.000101098218801,0.26039901,554611.59,13073.10
9552,312999936,637.013840,train,1.37340331,0.000101088030679,0.24834262,555003.79,13073.10
9553,313032704,637.071158,train,1.33649838,0.000101077889979,0.24798116,555309.57,13073.10
9554,313065472,637.128336,train,1.40228415,0.000101067796699,0.25543186,555628.77,13073.10
9555,313098240,637.185027,train,1.45725739,0.000101057750843,0.25614765,556020.26,13073.10
9556,313131008,637.242127,train,1.44220591,0.00010104775241,0.24934618,556329.19,13073.10
9557,313163776,637.299676,train,1.37807083,0.000101037801403,0.25458568,556553.28,13073.10
9558,313196544,637.355961,train,1.43109775,0.000101027897821,0.25213015,556975.96,13073.10
9559,313229312,637.412672,train,1.40848982,0.000101018041666,0.25271454,557316.51,13073.10
9560,313262080,637.469497,train,1.37346506,0.000101008232939,0.24639623,557628.10,13073.10
9561,313294848,637.526640,train,1.40328896,0.000100998471642,0.25161186,557880.22,13073.10
9562,313327616,637.584149,train,1.38479602,0.000100988757774,0.24881992,558068.38,13073.10
9563,313360384,637.640708,train,1.40126693,0.000100979091338,0.25059053,558394.07,13073.10
9564,313393152,637.698321,train,1.41146779,0.000100969472333,0.24893944,558553.08,13073.10
9565,313425920,637.755210,train,1.40109539,0.000100959900762,0.24846062,558813.61,13073.10
9566,313458688,637.812490,train,1.39486039,0.000100950376625,0.24516599,559009.79,13073.10
9567,313491456,637.869503,train,1.40445900,0.000100940899923,0.24946976,559238.24,13073.10
9568,313524224,637.927283,train,1.43738866,0.000100931470658,0.25932261,559352.56,13073.10
9569,313556992,637.984273,train,1.39866757,0.000100922088829,0.24990724,559572.99,13073.10
9570,313589760,638.042368,train,1.39967442,0.000100912754439,0.25432593,559636.38,13073.10
9571,313622528,638.099419,train,1.39708757,0.000100903467488,0.24867409,559838.46,13073.10
9572,313655296,638.156509,train,1.43962097,0.000100894227976,0.25551924,560029.92,13073.10
9573,313688064,638.213954,train,1.38240516,0.000100885035907,0.25069118,560169.74,13073.10
9574,313720832,638.271263,train,1.36199021,0.000100875891279,0.25131214,560323.58,13073.10
9575,313753600,638.329150,train,1.38072777,0.000100866794094,0.25208178,560399.37,13073.10
9576,313786368,638.385840,train,1.36582494,0.000100857744353,0.25342110,560624.34,13073.10
9577,313819136,638.442342,train,1.44521248,0.000100848742057,0.25793973,560866.90,13073.10
9578,313851904,638.499161,train,1.42394793,0.000100839787207,0.25711182,561064.50,13073.10
9579,313884672,638.556303,train,1.40580153,0.000100830879804,0.25464809,561217.88,13073.10
9580,313917440,638.613597,train,1.39642823,0.000100822019849,0.25151405,561349.30,13073.10
9581,313950208,638.670814,train,1.40833235,0.000100813207342,0.25184897,561486.70,13073.10
9582,313982976,638.727724,train,1.37410843,0.000100804442285,0.25042266,561656.79,13073.10
9583,314015744,638.785209,train,1.44419670,0.000100795724679,0.24818349,561756.13,13073.10
9584,314048512,638.842555,train,1.46370304,0.000100787054524,0.25552341,561869.14,13073.10
9585,314081280,638.899389,train,1.42431116,0.000100778431822,0.25411624,562037.63,13073.10
9586,314114048,638.956638,train,1.42168546,0.000100769856573,0.25294769,562155.64,13073.10
9587,314146816,639.013000,train,1.40564871,0.000100761328778,0.24798036,562369.45,13073.10
9588,314179584,639.070383,train,1.36567211,0.000100752848438,0.24457662,562466.55,13073.10
9589,314212352,639.127457,train,1.41989601,0.000100744415555,0.24813062,562594.94,13073.10
9590,314245120,639.184431,train,1.43318021,0.000100736030128,0.24661079,562731.37,13073.10
9591,314277888,639.241126,train,1.44969285,0.000100727692159,0.24910039,562894.45,13073.10
9592,314310656,639.297824,train,1.42888510,0.000100719401649,0.25175187,563053.73,13073.10
9593,314343424,639.356002,train,1.44884527,0.000100711158598,0.24603693,563055.73,13073.10
9594,314376192,639.413342,train,1.43244088,0.000100702963008,0.25122440,563143.92,13073.10
9595,314408960,639.470804,train,1.43994272,0.000100694814879,0.25625366,563217.89,13073.10
9596,314441728,639.528441,train,1.41697502,0.000100686714213,0.24588895,563272.57,13073.10
9597,314474496,639.585397,train,1.37216759,0.000100678661009,0.24752857,563394.24,13073.10
9598,314507264,639.641762,train,1.40945649,0.000100670655269,0.25290677,563571.83,13073.10
9599,314540032,639.699884,train,1.41975665,0.000100662696994,0.25111678,563573.99,13073.10
9600,314572800,639.757048,train,1.48096693,0.000100654786185,0.26216435,563668.91,13073.10
9600,314572800,640.094231,valid,1.41221908,0.000100654786185,,563668.91,13073.10
9601,314605568,640.269359,train,1.40561175,0.000100646922842,0.26009849,188607.25,13073.10
9602,314638336,640.326822,train,1.40694177,0.000100639106966,0.25168544,283460.40,13073.10
9603,314671104,640.384379,train,1.42558300,0.000100631338558,0.25376254,340440.32,13073.10
9604,314703872,640.442052,train,1.39318132,0.000100623617619,0.25076267,378351.79,13073.10
9605,314736640,640.499593,train,1.41849232,0.00010061594415,0.25185487,405574.55,13073.10
9606,314769408,640.556281,train,1.37987113,0.000100608318151,0.25448006,426798.64,13073.10
9607,314802176,640.613254,train,1.37793660,0.000100600739623,0.24736017,443126.77,13073.10
9608,314834944,640.670531,train,1.40502429,0.000100593208568,0.24985777,455975.92,13073.10
9609,314867712,640.727859,train,1.41496110,0.000100585724986,0.25255710,466459.03,13073.10
9610,314900480,640.784750,train,1.39771390,0.000100578288877,0.25235587,475500.03,13073.10
9611,314933248,640.842907,train,1.43504500,0.000100570900243,0.25175062,482343.91,13073.10
9612,314966016,640.900143,train,1.38232994,0.000100563559084,0.25303039,488758.46,13073.10
9613,314998784,640.956037,train,1.42778242,0.000100556265401,0.25458786,495091.78,13073.10
9614,315031552,641.012944,train,1.39526296,0.000100549019195,0.25572130,500099.64,13073.10
9615,315064320,641.070331,train,1.45793962,0.000100541820466,0.25684553,504274.15,13073.10
9616,315097088,641.126866,train,1.42865884,0.000100534669216,0.25156555,508403.98,13073.10
9617,315129856,641.184723,train,1.41726124,0.000100527565445,0.25280431,511483.00,13073.10
9618,315162624,641.241985,train,1.47175765,0.000100520509153,0.25301167,514518.06,13073.10
9619,315195392,641.299231,train,1.41084075,0.000100513500343,0.24985245,517271.53,13073.10
9620,315228160,641.356191,train,1.37624216,0.000100506539013,0.25274539,519892.45,13073.10
9621,315260928,641.413922,train,1.41495824,0.000100499625166,0.24912231,521981.54,13073.10
9622,315293696,641.471539,train,1.43250632,0.000100492758801,0.25778353,523938.87,13073.10
9623,315326464,641.529128,train,1.35050583,0.00010048593992,0.24745175,525748.93,13073.10
9624,315359232,641.586424,train,1.37753999,0.000100479168523,0.24860214,527523.23,13073.10
9625,315392000,641.643622,train,1.40930521,0.000100472444611,0.25289607,529199.35,13073.10
9626,315424768,641.701485,train,1.46356511,0.000100465768185,0.25695291,530536.24,13073.10
9627,315457536,641.759179,train,1.41791487,0.000100459139245,0.24863814,531834.04,13073.10
9628,315490304,641.816236,train,1.44339979,0.000100452557793,0.25126627,533242.46,13073.10
9629,315523072,641.874170,train,1.43613744,0.000100446023828,0.25261071,534297.03,13073.10
9630,315555840,641.931753,train,1.44785011,0.000100439537351,0.24643236,535386.80,13073.10
9631,315588608,641.988425,train,1.40372264,0.000100433098364,0.25144172,536669.00,13073.10
9632,315621376,642.045618,train,1.42984068,0.000100426706866,0.25479671,537732.84,13073.10
9633,315654144,642.102758,train,1.36593103,0.000100420362859,0.24986231,538750.03,13073.10
9634,315686912,642.159848,train,1.39876449,0.000100414066343,0.25110415,539724.12,13073.10
9635,315719680,642.216632,train,1.41500401,0.000100407817319,0.25040177,540723.74,13073.10
9636,315752448,642.273460,train,1.36747849,0.000100401615787,0.24403250,541660.43,13073.10
9637,315785216,642.330660,train,1.37690616,0.000100395461749,0.24449067,542458.55,13073.10
9638,315817984,642.387629,train,1.40007544,0.000100389355204,0.25596461,543272.57,13073.10
9639,315850752,642.444249,train,1.40814328,0.000100383296154,0.25562048,544127.43,13073.10
9640,315883520,642.500742,train,1.43221414,0.000100377284598,0.24883407,544970.85,13073.10
9641,315916288,642.557063,train,1.42674446,0.000100371320539,0.24544740,545813.80,13073.10
9642,315949056,642.614791,train,1.40627933,0.000100365403976,0.24897721,546313.82,13073.10
9643,315981824,642.672001,train,1.42979872,0.00010035953491,0.25021380,546901.05,13073.10
9644,316014592,642.729759,train,1.39296031,0.000100353713341,0.25621566,547349.01,13073.10
9645,316047360,642.786926,train,1.44262648,0.000100347939271,0.25309297,547898.21,13073.10
9646,316080128,642.843863,train,1.45504522,0.000100342212699,0.25424737,548470.27,13073.10
9647,316112896,642.901607,train,1.42377853,0.000100336533627,0.24993154,548861.25,13073.10
9648,316145664,642.958741,train,1.44270849,0.000100330902055,0.25194481,549353.57,13073.10
9649,316178432,643.015711,train,1.43065548,0.000100325317983,0.25109735,549857.31,13073.10
9650,316211200,643.072686,train,1.44919062,0.000100319781413,0.25281224,550341.09,13073.10
9651,316243968,643.129654,train,1.36715543,0.000100314292344,0.24619101,550807.83,13073.10
9652,316276736,643.187002,train,1.35031843,0.000100308850778,0.25073779,551189.56,13073.10
9653,316309504,643.243450,train,1.39747787,0.000100303456715,0.24926245,551715.27,13073.10
9654,316342272,643.300956,train,1.35523200,0.000100298110155,0.24774177,552039.67,13073.10
9655,316375040,643.358251,train,1.38121819,0.000100292811099,0.24489646,552389.06,13073.10
9656,316407808,643.414432,train,1.36810899,0.000100287559548,0.24767229,552911.57,13073.10
9657,316440576,643.470755,train,1.42595267,0.000100282355503,0.24976659,553393.49,13073.10
9658,316473344,643.527681,train,1.37689972,0.000100277198962,0.24952251,553762.28,13073.10
9659,316506112,643.585129,train,1.47547746,0.000100272089929,0.25184643,554035.96,13073.10
9660,316538880,643.642196,train,1.41259575,0.000100267028402,0.24784516,554360.55,13073.10
9661,316571648,643.699226,train,1.41526902,0.000100262014382,0.25983623,554680.43,13073.10
9662,316604416,643.755558,train,1.42041862,0.00010025704787,0.25235835,555096.21,13073.10
9663,316637184,643.812478,train,1.39564681,0.000100252128867,0.24747524,555411.43,13073.10
9664,316669952,643.868312,train,1.36811852,0.000100247257373,0.24813151,555877.22,13073.10
9665,316702720,643.925120,train,1.40951824,0.000100242433388,0.24379085,556187.91,13073.10
9666,316735488,643.981979,train,1.41716242,0.000100237656913,0.24528071,556482.33,13073.10
9667,316768256,644.038274,train,1.41686773,0.000100232927948,0.24880411,556847.71,13073.10
9668,316801024,644.094863,train,1.45221519,0.000100228246495,0.24877669,557161.91,13073.10
9669,316833792,644.151710,train,1.40003335,0.000100223612553,0.24843293,557431.81,13073.10
9670,316866560,644.208398,train,1.41969848,0.000100219026122,0.25407422,557715.86,13073.10
9671,316899328,644.265499,train,1.34470820,0.000100214487205,0.25021014,557937.00,13073.10
9672,316932096,644.321897,train,1.44308782,0.0001002099958,0.27905041,558244.84,13073.10
9673,316964864,644.378852,train,1.39348710,0.000100205551908,0.25420371,558472.20,13073.10
9674,316997632,644.436058,train,1.44814408,0.000100201155531,0.24672152,558661.07,13073.10
9675,317030400,644.493279,train,1.42058992,0.000100196806668,0.24988367,558843.15,13073.10
9676,317063168,644.550349,train,1.40141141,0.000100192505319,0.24981903,559039.65,13073.10
9677,317095936,644.607320,train,1.35349798,0.000100188251486,0.26540384,559243.15,13073.10
9678,317128704,644.664568,train,1.38039851,0.000100184045168,0.26099294,559407.95,13073.10
9679,317161472,644.721343,train,1.41572618,0.000100179886367,0.25425252,559625.79,13073.10
9680,317194240,644.778712,train,1.46111143,0.000100175775082,0.25576037,559767.29,13073.10
9681,317227008,644.836306,train,1.34389973,0.000100171711314,0.24379167,559878.78,13073.10
9682,317259776,644.893338,train,1.41780877,0.000100167695064,0.25009954,560053.19,13073.10
9683,317292544,644.950526,train,1.37761986,0.000100163726331,0.25274080,560205.56,13073.10
9684,317325312,645.007558,train,1.43208170,0.000100159805117,0.24569944,560372.17,13073.10
9685,317358080,645.064352,train,1.41257620,0.000100155931421,0.25417247,560561.84,13073.10
9686,317390848,645.121068,train,1.41605186,0.000100152105244,0.24685669,560755.90,13073.10
9687,317423616,645.177445,train,1.45092642,0.000100148326587,0.25444594,560982.99,13073.10
9688,317456384,645.234249,train,1.38416719,0.00010014459545,0.25185385,561158.62,13073.10
9689,317489152,645.291121,train,1.42113662,0.000100140911833,0.25105453,561322.84,13073.10
9690,317521920,645.347995,train,1.45095432,0.000100137275737,0.24979457,561483.42,13073.10
9691,317554688,645.405606,train,1.38090909,0.000100133687162,0.25011483,561562.63,13073.10
9692,317587456,645.462939,train,1.41488695,0.000100130146108,0.25522968,561669.10,13073.10
9693,317620224,645.520199,train,1.39976931,0.000100126652576,0.25103420,561781.04,13073.10
9694,317652992,645.576135,train,1.43973446,0.000100123206567,0.25829354,562026.32,13073.10
9695,317685760,645.633126,train,1.41321337,0.00010011980808,0.25424051,562159.51,13073.10
9696,317718528,645.690067,train,1.37840772,0.000100116457115,0.24642542,562294.94,13073.10
9697,317751296,645.747306,train,1.38142419,0.000100113153675,0.24785489,562398.15,13073.10
9698,317784064,645.804107,train,1.41941452,0.000100109897757,0.24748982,562542.41,13073.10
9699,317816832,645.860351,train,1.43756890,0.000100106689364,0.24754512,562738.05,13073.10
9700,317849600,645.917382,train,1.41535330,0.000100103528495,0.24562027,562853.89,13073.10
9700,317849600,646.254759,valid,1.41122558,0.000100103528495,,562853.89,13073.10
9701,317882368,646.415730,train,1.42131615,0.00010010041515,0.25253430,205189.87,13073.10
9702,317915136,646.473159,train,1.45089853,0.000100097349331,0.25713107,301836.22,13073.10
9703,317947904,646.531049,train,1.37777209,0.000100094331037,0.24373570,357451.48,13073.10
9704,317980672,646.588224,train,1.38843334,0.000100091360268,0.24808970,394569.71,13073.10
9705,318013440,646.645327,train,1.38350236,0.000100088437025,0.24262629,420866.14,13073.10
9706,318046208,646.701743,train,1.44490421,0.000100085561309,0.25262699,441113.37,13073.10
9707,318078976,646.758633,train,1.37263501,0.000100082733119,0.24999134,456380.97,13073.10
9708,318111744,646.815252,train,1.37795699,0.000100079952456,0.25116280,468769.48,13073.10
9709,318144512,646.872001,train,1.42290616,0.00010007721932,0.25265574,478779.49,13073.10
9710,318177280,646.929282,train,1.42967153,0.000100074533711,0.25053871,486715.77,13073.10
9711,318210048,646.986187,train,1.44216669,0.00010007189563,0.25407702,493661.41,13073.10
9712,318242816,647.043046,train,1.38684094,0.000100069305078,0.24891803,499632.22,13073.10
9713,318275584,647.100061,train,1.40416205,0.000100066762053,0.24983729,504704.32,13073.10
9714,318308352,647.157370,train,1.37113559,0.000100064266557,0.25215486,508969.64,13073.10
9715,318341120,647.214725,train,1.36662555,0.000100061818589,0.24650854,512699.39,13073.10
9716,318373888,647.271020,train,1.39492667,0.000100059418151,0.25203258,516547.42,13073.10
9717,318406656,647.327515,train,1.37568605,0.000100057065242,0.24460153,519893.11,13073.10
9718,318439424,647.385543,train,1.37396836,0.000100054759862,0.24866846,522195.52,13073.10
9719,318472192,647.443528,train,1.40040469,0.000100052502013,0.24764290,524290.86,13073.10
9720,318504960,647.500585,train,1.40123510,0.000100050291693,0.25215694,526584.03,13073.10
9721,318537728,647.557567,train,1.35180593,0.000100048128904,0.24988677,528705.92,13073.10
9722,318570496,647.614907,train,1.39314437,0.000100046013645,0.24937128,530510.44,13073.10
9723,318603264,647.671376,train,1.42165685,0.000100043945916,0.25673279,532496.47,13073.10
9724,318636032,647.727429,train,1.39293563,0.000100041925719,0.25108105,534481.05,13073.10
9725,318668800,647.783747,train,1.44573998,0.000100039953053,0.25467598,536226.55,13073.10
9726,318701568,647.840909,train,1.41053724,0.000100038027918,0.25039044,537562.00,13073.10
9727,318734336,647.898965,train,1.36978960,0.000100036150315,0.24791192,538511.08,13073.10
9728,318767104,647.956599,train,1.41746402,0.000100034320243,0.25384983,539529.03,13073.10
9729,318799872,648.013547,train,1.41242087,0.000100032537703,0.24890469,540691.38,13073.10
9730,318832640,648.070764,train,1.39795804,0.000100030802696,0.24859746,541700.82,13073.10
9731,318865408,648.128057,train,1.39690769,0.000100029115221,0.24874051,542626.21,13073.10
9732,318898176,648.185500,train,1.38975120,0.000100027475278,0.25081736,543454.20,13073.10
9733,318930944,648.243022,train,1.44385314,0.000100025882868,0.26012343,544213.09,13073.10
9734,318963712,648.299871,train,1.39413548,0.000100024337991,0.25137359,545108.14,13073.10
9735,318996480,648.357280,train,1.40120363,0.000100022840647,0.25370771,545809.73,13073.10
9736,319029248,648.414603,train,1.40510869,0.000100021390836,0.24860387,546495.49,13073.10
9737,319062016,648.473143,train,1.38443053,0.000100019988558,0.24924678,546845.35,13073.10
9738,319094784,648.530670,train,1.39860964,0.000100018633814,0.24414857,547421.32,13073.10
9739,319127552,648.587936,train,1.43412530,0.000100017326603,0.25660342,548030.10,13073.10
9740,319160320,648.644852,train,1.43264413,0.000100016066926,0.24941614,548689.99,13073.10
9741,319193088,648.701875,train,1.41261435,0.000100014854783,0.25253314,549294.93,13073.10
9742,319225856,648.758571,train,1.40805447,0.000100013690174,0.25262040,549944.67,13073.10
9743,319258624,648.815050,train,1.41265690,0.000100012573099,0.24611256,550611.80,13073.10
9744,319291392,648.871705,train,1.39691818,0.000100011503558,0.25012901,551213.28,13073.10
9745,319324160,648.928545,train,1.42276752,0.000100010481552,0.25345057,551751.02,13073.10
9746,319356928,648.985859,train,1.46576273,0.00010000950708,0.25668809,552170.39,13073.10
9747,319389696,649.043219,train,1.37254405,0.000100008580143,0.24354725,552563.44,13073.10
9748,319422464,649.100437,train,1.39400578,0.00010000770074,0.25203782,552968.28,13073.10
9749,319455232,649.157408,train,1.44460964,0.000100006868872,0.25400299,553404.06,13073.10
9750,319488000,649.214632,train,1.42714691,0.000100006084539,0.25154558,553775.89,13073.10
9751,319520768,649.271252,train,1.40047574,0.000100005347741,0.24071817,554244.71,13073.10
9752,319553536,649.327513,train,1.38638914,0.000100004658478,0.25032634,554760.86,13073.10
9753,319586304,649.384271,train,1.39557624,0.000100004016749,0.25203377,555170.34,13073.10
9754,319619072,649.441524,train,1.37613928,0.000100003422556,0.24669674,555479.00,13073.10
9755,319651840,649.499487,train,1.45929813,0.000100002875899,0.25148720,555654.80,13073.10
9756,319684608,649.556632,train,1.39198184,0.000100002376776,0.25187379,555962.52,13073.10
9757,319717376,649.613550,train,1.44953275,0.000100001925189,0.25464588,556297.15,13073.10
9758,319750144,649.669802,train,1.37577605,0.000100001521137,0.25048020,556729.25,13073.10
9759,319782912,649.727253,train,1.43100476,0.000100001164621,0.26100498,556954.95,13073.10
9760,319815680,649.783945,train,1.35926318,0.00010000085564,0.25007820,557293.18,13073.10
9761,319848448,649.840913,train,1.45610332,0.000100000594194,0.25197560,557577.65,13073.10
9762,319881216,649.898200,train,1.41367388,0.000100000380284,0.25289181,557804.43,13073.10
9763,319913984,649.955242,train,1.41221726,0.00010000021391,0.24916099,558061.24,13073.10
9764,319946752,650.012175,train,1.36554146,0.000100000095071,0.25162074,558326.40,13073.10
9765,319979520,650.069238,train,1.36333942,0.000100000023768,0.24334408,558564.47,13073.10
9766,320012288,650.125923,train,1.33762968,0.0001,0.24511144,558850.35,13073.10
9766,320012288,650.462861,valid,1.41131307,0.0001,,558850.35,13073.10
